s1,s2,s3,s4,s5,s6,s7,s8,s9,s10,s11,s12,s13,s14,s15,margin,label,gold_db,qwen_top1,ce_predicted,qwen_correct
0.95,0.3,0.25,0.2,0.2,0.15,0.1,0.05,0.05,0.0,0.0,0.0,0.0,0.0,0.0,0.65,0,music_1,music_1,music_1,1
0.85,0.85,0.8,0.75,0.7,0.7,0.65,0.6,0.6,0.6,0.1,0.1,0.0,0.0,0.0,0.0,1,e_learning,student_loan,student_transcripts_tracking,0
0.9,0.8,0.7,0.7,0.7,0.6,0.6,0.5,0.3,0.2,0.1,0.1,0.0,0.0,0.0,0.1,1,e_learning,student_transcripts_tracking,student_transcripts_tracking,0
0.95,0.7,0.15,0.1,0.1,0.1,0.1,0.05,0.05,0.05,0.05,0.0,0.0,0.0,0.0,0.25,0,music_1,music_1,music_1,1
0.85,0.85,0.8,0.8,0.75,0.7,0.65,0.65,0.65,0.65,0.6,0.1,0.0,0.0,0.0,0.0,1,e_learning,student_loan,student_transcripts_tracking,0
0.95,0.3,0.2,0.15,0.1,0.1,0.05,0.05,0.05,0.05,0.05,0.0,0.0,0.0,0.0,0.65,0,e_learning,e_learning,e_learning,1
0.95,0.9,0.85,0.75,0.25,0.15,0.1,0.05,0.05,0.05,0.05,0.0,0.0,0.0,0.0,0.05,1,music_1,music_1,music_1,1
0.85,0.8,0.8,0.75,0.7,0.7,0.7,0.6,0.6,0.3,0.2,0.2,0.1,0.1,0.1,0.05,1,e_learning,student_loan,student_transcripts_tracking,0
0.95,0.2,0.15,0.1,0.1,0.1,0.05,0.05,0.05,0.05,0.0,0.0,0.0,0.0,0.0,0.75,0,music_1,music_1,music_1,1
0.95,0.85,0.75,0.05,0.05,0.01,0.01,0.01,0.01,0.01,0.0,0.0,0.0,0.0,0.0,0.1,1,music_1,music_1,music_1,1
0.95,0.7,0.6,0.5,0.4,0.3,0.1,0.1,0.05,0.05,0.0,0.0,0.0,0.0,0.0,0.25,0,e_learning,student_1,e_learning,0
0.95,0.75,0.1,0.1,0.05,0.05,0.05,0.01,0.01,0.0,0.0,0.0,0.0,0.0,0.0,0.2,1,music_1,music_1,music_1,1
0.85,0.75,0.6,0.4,0.3,0.3,0.2,0.1,0.1,0.1,0.1,0.1,0.0,0.0,0.0,0.1,1,election,election,election,1
0.95,0.7,0.7,0.7,0.7,0.05,0.05,0.0,0.0,0.0,0.0,0.0,0.0,0.0,0.0,0.25,0,e_learning,student_1,e_learning,0
0.95,0.7,0.2,0.2,0.1,0.1,0.1,0.05,0.05,0.05,0.05,0.05,0.0,0.0,0.0,0.25,0,music_1,music_1,music_1,1
0.85,0.6,0.2,0.15,0.1,0.1,0.1,0.05,0.05,0.05,0.0,0.0,0.0,0.0,0.0,0.25,0,music_1,music_1,music_1,1
0.85,0.75,0.65,0.5,0.4,0.3,0.2,0.15,0.1,0.05,0.05,0.05,0.0,0.0,0.0,0.1,1,election,election,election,1
0.95,0.7,0.1,0.1,0.1,0.05,0.05,0.05,0.05,0.05,0.0,0.0,0.0,0.0,0.0,0.25,0,music_1,music_1,music_1,1
0.95,0.05,0.02,0.01,0.01,0.01,0.01,0.0,0.0,0.0,0.0,0.0,0.0,0.0,0.0,0.9,0,e_learning,e_learning,e_learning,1
0.85,0.75,0.2,0.15,0.1,0.1,0.1,0.05,0.05,0.05,0.05,0.0,0.0,0.0,0.0,0.1,1,election,election,election,1
0.95,0.05,0.01,0.01,0.01,0.01,0.01,0.01,0.01,0.01,0.01,0.0,0.0,0.0,0.0,0.9,0,music_2,music_2,music_2,1
0.95,0.05,0.0,0.0,0.0,0.0,0.0,0.0,0.0,0.0,0.0,0.0,0.0,0.0,0.0,0.9,0,music_2,music_2,music_2,1
0.95,0.2,0.1,0.1,0.05,0.05,0.05,0.05,0.05,0.0,0.0,0.0,0.0,0.0,0.0,0.75,0,election,election,election,1
0.85,0.75,0.65,0.4,0.3,0.2,0.15,0.1,0.05,0.05,0.05,0.0,0.0,0.0,0.0,0.1,1,election,election,election,1
0.85,0.65,0.3,0.2,0.15,0.1,0.1,0.1,0.1,0.05,0.05,0.0,0.0,0.0,0.0,0.2,1,election,election,election,1
0.95,0.2,0.15,0.1,0.1,0.05,0.05,0.05,0.05,0.05,0.05,0.0,0.0,0.0,0.0,0.75,0,election,election,election,1
0.95,0.1,0.1,0.1,0.05,0.05,0.05,0.05,0.05,0.0,0.0,0.0,0.0,0.0,0.0,0.85,0,music_2,music_2,music_2,1
0.9,0.6,0.1,0.1,0.1,0.1,0.05,0.05,0.0,0.0,0.0,0.0,0.0,0.0,0.0,0.3,0,music_1,music_1,music_1,1
0.85,0.75,0.3,0.2,0.1,0.1,0.1,0.1,0.05,0.05,0.0,0.0,0.0,0.0,0.0,0.1,1,election,election,election,1
0.85,0.75,0.1,0.1,0.05,0.05,0.05,0.05,0.0,0.0,0.0,0.0,0.0,0.0,0.0,0.1,1,music_1,music_1,music_1,1
1.0,0.1,0.05,0.05,0.05,0.05,0.05,0.05,0.05,0.05,0.0,0.0,0.0,0.0,0.0,0.9,0,music_2,music_2,music_2,1
0.85,0.75,0.65,0.55,0.15,0.1,0.1,0.1,0.05,0.05,0.05,0.0,0.0,0.0,0.0,0.1,1,election,election,election,1
0.95,0.1,0.05,0.05,0.05,0.05,0.05,0.05,0.05,0.0,0.0,0.0,0.0,0.0,0.0,0.85,0,music_2,music_2,music_2,1
0.95,0.2,0.1,0.1,0.1,0.1,0.05,0.05,0.05,0.05,0.0,0.0,0.0,0.0,0.0,0.75,0,music_2,music_2,music_2,1
0.95,0.85,0.7,0.6,0.1,0.05,0.05,0.0,0.0,0.0,0.0,0.0,0.0,0.0,0.0,0.1,1,election,county_public_safety,county_public_safety,0
0.9,0.85,0.75,0.6,0.3,0.2,0.15,0.1,0.05,0.0,0.0,0.0,0.0,0.0,0.0,0.05,1,election,election,party_people,1
0.95,0.1,0.05,0.05,0.05,0.05,0.05,0.05,0.05,0.05,0.05,0.0,0.0,0.0,0.0,0.85,0,music_2,music_2,music_2,1
0.95,0.9,0.2,0.1,0.05,0.05,0.05,0.05,0.0,0.0,0.0,0.0,0.0,0.0,0.0,0.05,1,election,county_public_safety,election,0
0.95,0.05,0.02,0.01,0.01,0.01,0.01,0.01,0.01,0.01,0.0,0.0,0.0,0.0,0.0,0.9,0,music_2,music_2,music_2,1
0.95,0.1,0.05,0.0,0.0,0.0,0.0,0.0,0.0,0.0,0.0,0.0,0.0,0.0,0.0,0.85,0,music_2,music_2,music_2,1
0.95,0.85,0.75,0.1,0.1,0.05,0.05,0.05,0.05,0.05,0.0,0.0,0.0,0.0,0.0,0.1,1,election,election,election,1
0.95,0.9,0.7,0.15,0.1,0.05,0.05,0.05,0.0,0.0,0.0,0.0,0.0,0.0,0.0,0.05,1,election,election,election,1
0.85,0.35,0.3,0.2,0.15,0.1,0.1,0.1,0.1,0.05,0.0,0.0,0.0,0.0,0.0,0.5,0,music_2,music_2,music_2,1
0.95,0.9,0.2,0.1,0.1,0.05,0.05,0.05,0.0,0.0,0.0,0.0,0.0,0.0,0.0,0.05,1,election,election,election,1
0.85,0.7,0.6,0.5,0.3,0.25,0.2,0.2,0.1,0.1,0.05,0.05,0.0,0.0,0.0,0.15,1,music_2,music_2,music_2,1
0.95,0.7,0.2,0.1,0.1,0.05,0.05,0.05,0.0,0.0,0.0,0.0,0.0,0.0,0.0,0.25,0,music_2,music_2,music_2,1
0.95,0.05,0.01,0.01,0.01,0.01,0.01,0.01,0.01,0.0,0.0,0.0,0.0,0.0,0.0,0.9,0,music_2,music_2,music_2,1
0.95,0.9,0.8,0.7,0.1,0.05,0.01,0.0,0.0,0.0,0.0,0.0,0.0,0.0,0.0,0.05,1,election,election,county_public_safety,1
0.95,0.9,0.1,0.1,0.1,0.05,0.05,0.05,0.05,0.05,0.05,0.0,0.0,0.0,0.0,0.05,1,election,election,election,1
0.95,0.9,0.7,0.6,0.1,0.1,0.05,0.0,0.0,0.0,0.0,0.0,0.0,0.0,0.0,0.05,1,election,county_public_safety,county_public_safety,0
0.9,0.05,0.01,0.01,0.01,0.01,0.01,0.01,0.01,0.01,0.01,0.0,0.0,0.0,0.0,0.85,0,election,election,election,1
0.85,0.75,0.15,0.1,0.1,0.1,0.1,0.05,0.05,0.05,0.0,0.0,0.0,0.0,0.0,0.1,1,election,election,election,1
0.9,0.85,0.75,0.7,0.1,0.1,0.1,0.1,0.1,0.1,0.1,0.0,0.0,0.0,0.0,0.05,1,election,party_host,party_people,0
0.95,0.75,0.7,0.6,0.4,0.3,0.2,0.2,0.2,0.2,0.1,0.1,0.1,0.1,0.1,0.2,1,music_2,music_tracker,music_2,0
0.95,0.9,0.85,0.8,0.75,0.7,0.4,0.35,0.3,0.25,0.2,0.0,0.0,0.0,0.0,0.05,1,music_2,music_2,music_2,1
0.9,0.85,0.8,0.75,0.7,0.65,0.6,0.5,0.4,0.3,0.2,0.15,0.1,0.0,0.0,0.05,1,music_2,music_4,singer,0
0.95,0.1,0.05,0.05,0.05,0.05,0.05,0.05,0.0,0.0,0.0,0.0,0.0,0.0,0.0,0.85,0,music_2,music_2,music_2,1
0.9,0.85,0.8,0.75,0.7,0.65,0.6,0.5,0.4,0.3,0.2,0.0,0.0,0.0,0.0,0.05,1,election,party_people,party_people,0
0.9,0.85,0.85,0.75,0.75,0.7,0.6,0.2,0.1,0.1,0.1,0.1,0.1,0.0,0.0,0.05,1,music_2,music_4,singer,0
0.85,0.6,0.5,0.4,0.1,0.05,0.05,0.0,0.0,0.0,0.0,0.0,0.0,0.0,0.0,0.25,0,election,election,election,1
0.95,0.8,0.7,0.7,0.1,0.1,0.1,0.1,0.1,0.05,0.05,0.05,0.0,0.0,0.0,0.15,1,music_2,store_1,music_2,0
0.95,0.0,0.0,0.0,0.0,0.0,0.0,0.0,0.0,0.0,0.0,0.0,0.0,0.0,0.0,0.95,0,music_2,music_2,music_2,1
0.85,0.75,0.7,0.65,0.6,0.55,0.5,0.4,0.35,0.3,0.2,0.1,0.05,0.0,0.0,0.1,1,music_2,music_4,singer,0
0.85,0.75,0.65,0.55,0.3,0.1,0.05,0.05,0.05,0.05,0.0,0.0,0.0,0.0,0.0,0.1,1,election,election,election,1
0.7,0.15,0.1,0.05,0.05,0.05,0.05,0.05,0.05,0.05,0.0,0.0,0.0,0.0,0.0,0.55,0,election,legislator,election,0
0.95,0.05,0.05,0.05,0.05,0.05,0.05,0.05,0.05,0.05,0.05,0.05,0.05,0.0,0.0,0.9,0,music_2,music_2,music_2,1
0.95,0.1,0.05,0.05,0.05,0.05,0.05,0.05,0.05,0.0,0.0,0.0,0.0,0.0,0.0,0.85,0,music_2,music_2,music_2,1
0.6,0.2,0.1,0.1,0.05,0.05,0.0,0.0,0.0,0.0,0.0,0.0,0.0,0.0,0.0,0.4,0,election,legislator,election,0
0.95,0.7,0.1,0.1,0.05,0.05,0.05,0.05,0.05,0.05,0.05,0.0,0.0,0.0,0.0,0.25,0,music_2,music_2,music_2,1
0.7,0.1,0.0,0.0,0.0,0.0,0.0,0.0,0.0,0.0,0.0,0.0,0.0,0.0,0.0,0.6,0,election,legislator,election,0
0.9,0.7,0.6,0.4,0.3,0.2,0.2,0.2,0.1,0.1,0.1,0.1,0.0,0.0,0.0,0.2,0,election,election,election,1
0.95,0.05,0.02,0.02,0.01,0.01,0.01,0.01,0.01,0.01,0.0,0.0,0.0,0.0,0.0,0.9,0,music_2,music_2,music_2,1
0.85,0.75,0.7,0.7,0.65,0.6,0.2,0.1,0.1,0.1,0.1,0.05,0.0,0.0,0.0,0.1,1,election,election,election,1
0.85,0.75,0.6,0.2,0.1,0.1,0.1,0.1,0.1,0.05,0.05,0.05,0.05,0.0,0.0,0.1,1,election,legislator,election,0
0.5,0.4,0.3,0.3,0.2,0.1,0.1,0.1,0.0,0.0,0.0,0.0,0.0,0.0,0.0,0.1,1,election,legislator,election_representative,0
0.95,0.1,0.05,0.05,0.05,0.05,0.05,0.05,0.05,0.0,0.0,0.0,0.0,0.0,0.0,0.85,0,music_2,music_2,music_2,1
0.95,0.05,0.02,0.01,0.01,0.01,0.01,0.01,0.0,0.0,0.0,0.0,0.0,0.0,0.0,0.9,0,election,election,election,1
0.85,0.6,0.5,0.3,0.2,0.1,0.1,0.1,0.1,0.1,0.1,0.05,0.05,0.0,0.0,0.25,0,election,election,election,1
0.95,0.1,0.1,0.1,0.05,0.05,0.05,0.05,0.05,0.05,0.05,0.0,0.0,0.0,0.0,0.85,0,music_2,music_2,music_2,1
0.95,0.15,0.1,0.05,0.05,0.05,0.05,0.05,0.05,0.0,0.0,0.0,0.0,0.0,0.0,0.8,0,music_2,music_2,music_2,1
0.85,0.6,0.4,0.3,0.3,0.2,0.1,0.1,0.1,0.05,0.05,0.05,0.0,0.0,0.0,0.25,0,election,election,election,1
0.95,0.15,0.1,0.05,0.05,0.05,0.05,0.05,0.05,0.0,0.0,0.0,0.0,0.0,0.0,0.8,0,music_2,music_2,music_2,1
0.85,0.75,0.7,0.6,0.3,0.2,0.15,0.1,0.1,0.1,0.05,0.0,0.0,0.0,0.0,0.1,1,music_2,music_2,music_2,1
0.95,0.75,0.7,0.6,0.1,0.1,0.05,0.05,0.05,0.05,0.05,0.0,0.0,0.0,0.0,0.2,1,election_representative,election_representative,election_representative,1
0.95,0.85,0.75,0.7,0.3,0.2,0.15,0.1,0.1,0.1,0.05,0.0,0.0,0.0,0.0,0.1,1,music_2,music_2,music_2,1
0.95,0.05,0.01,0.01,0.01,0.01,0.01,0.01,0.01,0.01,0.0,0.0,0.0,0.0,0.0,0.9,0,election_representative,election_representative,election_representative,1
0.95,0.3,0.2,0.1,0.0,0.0,0.0,0.0,0.0,0.0,0.0,0.0,0.0,0.0,0.0,0.65,0,election_representative,election_representative,election_representative,1
0.85,0.3,0.2,0.15,0.1,0.1,0.1,0.05,0.05,0.05,0.05,0.0,0.0,0.0,0.0,0.55,0,music_2,music_2,music_2,1
0.95,0.05,0.01,0.01,0.01,0.01,0.01,0.01,0.01,0.01,0.0,0.0,0.0,0.0,0.0,0.9,0,music_2,music_2,music_2,1
0.95,0.05,0.01,0.01,0.01,0.01,0.01,0.01,0.01,0.01,0.01,0.0,0.0,0.0,0.0,0.9,0,music_2,music_2,music_2,1
0.95,0.85,0.75,0.3,0.2,0.15,0.1,0.1,0.05,0.05,0.05,0.0,0.0,0.0,0.0,0.1,1,election_representative,election_representative,election_representative,1
0.85,0.8,0.75,0.6,0.5,0.4,0.4,0.3,0.3,0.2,0.1,0.0,0.0,0.0,0.0,0.05,1,election_representative,party_people,party_people,0
0.95,0.05,0.01,0.01,0.01,0.01,0.01,0.01,0.01,0.01,0.01,0.01,0.0,0.0,0.0,0.9,0,music_2,music_2,music_2,1
0.85,0.25,0.2,0.15,0.15,0.1,0.05,0.05,0.05,0.05,0.05,0.05,0.05,0.0,0.0,0.6,0,music_2,music_2,music_2,1
0.85,0.2,0.15,0.1,0.1,0.1,0.1,0.1,0.1,0.1,0.05,0.05,0.05,0.05,0.0,0.65,0,music_2,music_2,music_2,1
0.9,0.1,0.05,0.05,0.05,0.05,0.05,0.05,0.05,0.05,0.05,0.05,0.05,0.0,0.0,0.8,0,election_representative,election_representative,election_representative,1
0.95,0.05,0.01,0.01,0.01,0.01,0.01,0.01,0.01,0.01,0.01,0.01,0.0,0.0,0.0,0.9,0,music_2,music_2,music_2,1
0.85,0.7,0.3,0.2,0.15,0.1,0.1,0.05,0.0,0.0,0.0,0.0,0.0,0.0,0.0,0.15,1,election_representative,geo,election_representative,0
0.95,0.05,0.01,0.01,0.01,0.01,0.01,0.01,0.01,0.01,0.01,0.01,0.0,0.0,0.0,0.9,0,music_2,music_2,music_2,1
0.95,0.05,0.0,0.0,0.0,0.0,0.0,0.0,0.0,0.0,0.0,0.0,0.0,0.0,0.0,0.9,0,music_2,music_2,music_2,1
0.9,0.9,0.85,0.75,0.65,0.4,0.3,0.1,0.05,0.0,0.0,0.0,0.0,0.0,0.0,0.0,1,election_representative,legislator,e_government,0
0.85,0.75,0.6,0.3,0.2,0.15,0.1,0.1,0.05,0.05,0.05,0.05,0.05,0.05,0.05,0.1,1,election_representative,legislator,election_representative,0
0.95,0.05,0.05,0.05,0.05,0.01,0.01,0.01,0.01,0.01,0.01,0.01,0.01,0.0,0.0,0.9,0,music_2,music_2,music_2,1
0.85,0.8,0.75,0.2,0.15,0.1,0.05,0.05,0.05,0.0,0.0,0.0,0.0,0.0,0.0,0.05,1,entertainment_awards,entertainment_awards,entertainment_awards,1
0.95,0.0,0.0,0.0,0.0,0.0,0.0,0.0,0.0,0.0,0.0,0.0,0.0,0.0,0.0,0.95,0,music_2,music_2,music_2,1
0.95,0.1,0.05,0.05,0.01,0.01,0.01,0.01,0.01,0.01,0.0,0.0,0.0,0.0,0.0,0.85,0,entertainment_awards,entertainment_awards,entertainment_awards,1
0.85,0.75,0.7,0.6,0.4,0.3,0.25,0.2,0.2,0.15,0.1,0.0,0.0,0.0,0.0,0.1,1,music_2,music_2,music_2,1
0.7,0.3,0.2,0.1,0.1,0.1,0.1,0.1,0.1,0.1,0.1,0.0,0.0,0.0,0.0,0.4,0,election_representative,election,election_representative,0
0.95,0.05,0.05,0.01,0.01,0.01,0.01,0.01,0.01,0.01,0.01,0.01,0.0,0.0,0.0,0.9,0,entertainment_awards,entertainment_awards,entertainment_awards,1
0.95,0.2,0.15,0.1,0.05,0.05,0.05,0.05,0.05,0.05,0.05,0.0,0.0,0.0,0.0,0.75,0,music_2,music_2,music_2,1
0.95,0.6,0.1,0.05,0.05,0.05,0.05,0.05,0.05,0.05,0.05,0.0,0.0,0.0,0.0,0.35,0,entertainment_awards,entertainment_awards,entertainment_awards,1
0.95,0.75,0.7,0.6,0.5,0.3,0.2,0.1,0.1,0.1,0.1,0.05,0.0,0.0,0.0,0.2,1,music_2,music_2,music_2,1
0.95,0.7,0.1,0.1,0.1,0.05,0.05,0.05,0.05,0.0,0.0,0.0,0.0,0.0,0.0,0.25,0,entertainment_awards,art_1,entertainment_awards,0
0.85,0.7,0.2,0.1,0.05,0.05,0.05,0.0,0.0,0.0,0.0,0.0,0.0,0.0,0.0,0.15,1,entertainment_awards,art_1,entertainment_awards,0
0.95,0.7,0.1,0.1,0.1,0.05,0.05,0.05,0.05,0.05,0.0,0.0,0.0,0.0,0.0,0.25,0,music_2,music_2,music_2,1
0.95,0.85,0.8,0.1,0.1,0.05,0.05,0.01,0.01,0.01,0.01,0.01,0.01,0.0,0.0,0.1,1,entertainment_awards,entertainment_awards,entertainment_awards,1
0.95,0.05,0.05,0.05,0.05,0.05,0.05,0.05,0.05,0.05,0.05,0.05,0.0,0.0,0.0,0.9,0,music_2,music_2,music_2,1
0.95,0.15,0.1,0.1,0.1,0.05,0.05,0.05,0.0,0.0,0.0,0.0,0.0,0.0,0.0,0.8,0,entertainment_awards,entertainment_awards,entertainment_awards,1
0.95,0.3,0.2,0.1,0.1,0.1,0.05,0.05,0.05,0.05,0.05,0.05,0.0,0.0,0.0,0.65,0,music_2,music_2,music_2,1
0.95,0.7,0.6,0.3,0.2,0.15,0.1,0.05,0.0,0.0,0.0,0.0,0.0,0.0,0.0,0.25,0,entertainment_awards,entertainment_awards,entertainment_awards,1
0.95,0.75,0.7,0.6,0.4,0.2,0.1,0.1,0.1,0.1,0.05,0.05,0.0,0.0,0.0,0.2,1,music_2,music_2,music_2,1
0.95,0.1,0.05,0.05,0.05,0.05,0.05,0.05,0.05,0.05,0.0,0.0,0.0,0.0,0.0,0.85,0,music_4,music_4,music_4,1
0.85,0.2,0.1,0.1,0.1,0.05,0.05,0.05,0.05,0.05,0.05,0.05,0.0,0.0,0.0,0.65,0,entertainment_awards,entertainment_awards,entertainment_awards,1
0.95,0.9,0.05,0.01,0.01,0.01,0.01,0.01,0.01,0.0,0.0,0.0,0.0,0.0,0.0,0.05,1,entrepreneur,entrepreneur,entrepreneur,1
0.95,0.2,0.1,0.05,0.05,0.05,0.05,0.05,0.05,0.05,0.05,0.0,0.0,0.0,0.0,0.75,0,music_4,music_4,music_4,1
0.9,0.1,0.1,0.05,0.05,0.05,0.0,0.0,0.0,0.0,0.0,0.0,0.0,0.0,0.0,0.8,0,music_4,music_4,music_4,1
0.9,0.85,0.1,0.05,0.05,0.05,0.05,0.05,0.05,0.0,0.0,0.0,0.0,0.0,0.0,0.05,1,entrepreneur,entrepreneur,entrepreneur,1
0.85,0.8,0.75,0.5,0.3,0.1,0.1,0.1,0.05,0.05,0.05,0.05,0.0,0.0,0.0,0.05,1,music_2,music_2,music_2,1
0.95,0.05,0.0,0.0,0.0,0.0,0.0,0.0,0.0,0.0,0.0,0.0,0.0,0.0,0.0,0.9,0,entrepreneur,entrepreneur,entrepreneur,1
0.95,0.85,0.75,0.0,0.0,0.0,0.0,0.0,0.0,0.0,0.0,0.0,0.0,0.0,0.0,0.1,1,music_4,music_4,music_4,1
0.95,0.85,0.15,0.15,0.1,0.05,0.05,0.0,0.0,0.0,0.0,0.0,0.0,0.0,0.0,0.1,1,entertainment_awards,csu_1,entertainment_awards,0
0.95,0.9,0.85,0.15,0.1,0.1,0.05,0.02,0.01,0.01,0.01,0.01,0.01,0.0,0.0,0.05,1,music_4,music_4,music_4,1
0.95,0.15,0.1,0.05,0.05,0.05,0.05,0.05,0.05,0.05,0.05,0.05,0.05,0.0,0.0,0.8,0,entrepreneur,entrepreneur,entrepreneur,1
0.95,0.85,0.8,0.75,0.1,0.1,0.05,0.05,0.05,0.05,0.05,0.05,0.05,0.05,0.0,0.1,1,music_4,music_4,music_4,1
0.95,0.05,0.05,0.05,0.01,0.01,0.01,0.0,0.0,0.0,0.0,0.0,0.0,0.0,0.0,0.9,0,entrepreneur,entrepreneur,entrepreneur,1
0.95,0.05,0.0,0.0,0.0,0.0,0.0,0.0,0.0,0.0,0.0,0.0,0.0,0.0,0.0,0.9,0,entrepreneur,entrepreneur,entrepreneur,1
0.95,0.85,0.75,0.7,0.65,0.6,0.1,0.05,0.05,0.05,0.05,0.05,0.05,0.05,0.0,0.1,1,music_4,music_4,music_4,1
0.95,0.85,0.05,0.05,0.05,0.05,0.05,0.05,0.05,0.05,0.05,0.05,0.0,0.0,0.0,0.1,1,entrepreneur,entrepreneur,entrepreneur,1
0.95,0.05,0.05,0.01,0.01,0.01,0.01,0.01,0.0,0.0,0.0,0.0,0.0,0.0,0.0,0.9,0,music_4,music_4,music_4,1
0.95,0.85,0.1,0.05,0.0,0.0,0.0,0.0,0.0,0.0,0.0,0.0,0.0,0.0,0.0,0.1,1,music_4,music_4,music_4,1
0.95,0.85,0.05,0.05,0.05,0.05,0.05,0.05,0.05,0.05,0.05,0.0,0.0,0.0,0.0,0.1,1,entrepreneur,entrepreneur,entrepreneur,1
0.95,0.9,0.1,0.05,0.05,0.0,0.0,0.0,0.0,0.0,0.0,0.0,0.0,0.0,0.0,0.05,1,music_4,music_4,music_4,1
0.95,0.1,0.05,0.05,0.01,0.01,0.01,0.01,0.01,0.01,0.01,0.01,0.01,0.0,0.0,0.85,0,entrepreneur,entrepreneur,entrepreneur,1
0.85,0.8,0.7,0.15,0.1,0.1,0.05,0.05,0.05,0.05,0.05,0.0,0.0,0.0,0.0,0.05,1,music_4,entertainment_awards,music_4,0
0.95,0.7,0.1,0.05,0.05,0.05,0.05,0.05,0.05,0.05,0.05,0.05,0.0,0.0,0.0,0.25,0,entrepreneur,entrepreneur,entrepreneur,1
0.85,0.25,0.2,0.15,0.1,0.1,0.05,0.05,0.05,0.05,0.0,0.0,0.0,0.0,0.0,0.6,0,music_4,music_4,music_4,1
0.95,0.7,0.6,0.05,0.05,0.05,0.05,0.05,0.05,0.0,0.0,0.0,0.0,0.0,0.0,0.25,0,entrepreneur,entrepreneur,entrepreneur,1
0.95,0.85,0.15,0.1,0.1,0.05,0.05,0.05,0.05,0.05,0.05,0.05,0.0,0.0,0.0,0.1,1,music_4,music_4,music_4,1
0.95,0.1,0.1,0.05,0.05,0.05,0.05,0.05,0.05,0.05,0.0,0.0,0.0,0.0,0.0,0.85,0,entrepreneur,entrepreneur,entrepreneur,1
0.95,0.05,0.05,0.01,0.01,0.01,0.01,0.01,0.01,0.01,0.01,0.0,0.0,0.0,0.0,0.9,0,music_4,music_4,music_4,1
0.85,0.8,0.75,0.7,0.7,0.2,0.1,0.1,0.1,0.1,0.05,0.0,0.0,0.0,0.0,0.05,1,entrepreneur,entrepreneur,entrepreneur,1
0.95,0.15,0.1,0.05,0.05,0.05,0.05,0.05,0.05,0.05,0.0,0.0,0.0,0.0,0.0,0.8,0,music_4,music_4,music_4,1
0.9,0.8,0.75,0.7,0.7,0.3,0.3,0.2,0.2,0.2,0.2,0.1,0.0,0.0,0.0,0.1,1,entrepreneur,entrepreneur,network_2,1
0.95,0.05,0.0,0.0,0.0,0.0,0.0,0.0,0.0,0.0,0.0,0.0,0.0,0.0,0.0,0.9,0,entrepreneur,entrepreneur,entrepreneur,1
0.95,0.2,0.15,0.1,0.05,0.05,0.05,0.05,0.05,0.0,0.0,0.0,0.0,0.0,0.0,0.75,0,music_4,music_4,music_4,1
0.85,0.65,0.2,0.1,0.1,0.1,0.05,0.05,0.05,0.05,0.05,0.0,0.0,0.0,0.0,0.2,1,music_4,music_4,music_4,1
0.95,0.1,0.05,0.01,0.01,0.01,0.01,0.01,0.01,0.01,0.01,0.0,0.0,0.0,0.0,0.85,0,entrepreneur,entrepreneur,entrepreneur,1
0.95,0.95,0.95,0.9,0.05,0.05,0.05,0.05,0.05,0.05,0.05,0.0,0.0,0.0,0.0,0.0,1,entrepreneur,company_employee,company_employee,0
0.9,0.3,0.25,0.2,0.15,0.15,0.1,0.1,0.05,0.05,0.05,0.05,0.0,0.0,0.0,0.6,0,music_4,music_4,music_4,1
0.85,0.2,0.15,0.1,0.1,0.1,0.05,0.05,0.05,0.05,0.05,0.0,0.0,0.0,0.0,0.65,0,music_4,music_4,music_4,1
0.95,0.95,0.9,0.1,0.1,0.1,0.1,0.1,0.05,0.05,0.05,0.05,0.0,0.0,0.0,0.0,1,entrepreneur,company_office,company_office,0
0.95,0.03,0.02,0.01,0.01,0.0,0.0,0.0,0.0,0.0,0.0,0.0,0.0,0.0,0.0,0.92,0,music_4,music_4,music_4,1
1.0,0.7,0.6,0.3,0.2,0.1,0.1,0.1,0.1,0.05,0.0,0.0,0.0,0.0,0.0,0.3,0,music_4,entertainment_awards,music_4,0
0.95,0.03,0.02,0.01,0.01,0.01,0.01,0.01,0.01,0.01,0.01,0.01,0.01,0.0,0.0,0.92,0,entrepreneur,entrepreneur,entrepreneur,1
0.95,0.9,0.05,0.01,0.01,0.01,0.01,0.01,0.01,0.01,0.01,0.01,0.0,0.0,0.0,0.05,1,entrepreneur,entrepreneur,entrepreneur,1
0.95,0.85,0.7,0.1,0.1,0.1,0.1,0.05,0.05,0.05,0.0,0.0,0.0,0.0,0.0,0.1,1,music_4,entertainment_awards,music_4,0
0.95,0.85,0.7,0.1,0.05,0.05,0.0,0.0,0.0,0.0,0.0,0.0,0.0,0.0,0.0,0.1,1,epinions_1,epinions_1,epinions_1,1
0.95,0.05,0.0,0.0,0.0,0.0,0.0,0.0,0.0,0.0,0.0,0.0,0.0,0.0,0.0,0.9,0,music_4,music_4,music_4,1
0.95,0.05,0.0,0.0,0.0,0.0,0.0,0.0,0.0,0.0,0.0,0.0,0.0,0.0,0.0,0.9,0,music_4,music_4,music_4,1
0.95,0.85,0.8,0.75,0.7,0.65,0.5,0.4,0.0,0.0,0.0,0.0,0.0,0.0,0.0,0.1,1,epinions_1,epinions_1,epinions_1,1
0.95,0.85,0.8,0.75,0.1,0.1,0.0,0.0,0.0,0.0,0.0,0.0,0.0,0.0,0.0,0.1,1,epinions_1,epinions_1,epinions_1,1
0.95,0.05,0.05,0.05,0.05,0.05,0.0,0.0,0.0,0.0,0.0,0.0,0.0,0.0,0.0,0.9,0,music_4,music_4,music_4,1
0.95,0.2,0.15,0.1,0.1,0.05,0.05,0.0,0.0,0.0,0.0,0.0,0.0,0.0,0.0,0.75,0,music_4,music_4,music_4,1
0.95,0.05,0.05,0.05,0.05,0.05,0.0,0.0,0.0,0.0,0.0,0.0,0.0,0.0,0.0,0.9,0,epinions_1,epinions_1,epinions_1,1
0.95,0.9,0.7,0.1,0.05,0.0,0.0,0.0,0.0,0.0,0.0,0.0,0.0,0.0,0.0,0.05,1,epinions_1,epinions_1,epinions_1,1
0.9,0.7,0.6,0.3,0.2,0.1,0.1,0.1,0.1,0.05,0.05,0.05,0.0,0.0,0.0,0.2,0,music_4,music_4,music_4,1
0.95,0.9,0.85,0.75,0.1,0.05,0.0,0.0,0.0,0.0,0.0,0.0,0.0,0.0,0.0,0.05,1,epinions_1,epinions_1,epinions_1,1
0.95,0.9,0.1,0.1,0.1,0.05,0.0,0.0,0.0,0.0,0.0,0.0,0.0,0.0,0.0,0.05,1,epinions_1,epinions_1,epinions_1,1
0.95,0.9,0.85,0.1,0.05,0.01,0.01,0.0,0.0,0.0,0.0,0.0,0.0,0.0,0.0,0.05,1,epinions_1,epinions_1,epinions_1,1
0.95,0.9,0.9,0.05,0.05,0.01,0.01,0.01,0.01,0.01,0.01,0.01,0.0,0.0,0.0,0.05,1,music_4,entertainment_awards,music_4,0
0.95,0.85,0.15,0.1,0.1,0.1,0.05,0.05,0.05,0.0,0.0,0.0,0.0,0.0,0.0,0.1,1,music_4,music_4,music_4,1
0.95,0.2,0.1,0.05,0.05,0.05,0.0,0.0,0.0,0.0,0.0,0.0,0.0,0.0,0.0,0.75,0,epinions_1,epinions_1,epinions_1,1
0.95,0.05,0.05,0.01,0.01,0.01,0.01,0.0,0.0,0.0,0.0,0.0,0.0,0.0,0.0,0.9,0,musical,musical,musical,1
0.85,0.75,0.7,0.3,0.2,0.1,0.0,0.0,0.0,0.0,0.0,0.0,0.0,0.0,0.0,0.1,1,musical,musical,musical,1
0.95,0.1,0.05,0.05,0.05,0.0,0.0,0.0,0.0,0.0,0.0,0.0,0.0,0.0,0.0,0.85,0,epinions_1,epinions_1,epinions_1,1
0.95,0.05,0.05,0.05,0.0,0.0,0.0,0.0,0.0,0.0,0.0,0.0,0.0,0.0,0.0,0.9,0,musical,musical,musical,1
0.9,0.6,0.1,0.05,0.05,0.05,0.05,0.05,0.05,0.05,0.0,0.0,0.0,0.0,0.0,0.3,0,musical,musical,musical,1
0.95,0.9,0.85,0.1,0.05,0.05,0.0,0.0,0.0,0.0,0.0,0.0,0.0,0.0,0.0,0.05,1,epinions_1,epinions_1,epinions_1,1
0.9,0.7,0.3,0.1,0.1,0.05,0.05,0.0,0.0,0.0,0.0,0.0,0.0,0.0,0.0,0.2,0,epinions_1,epinions_1,epinions_1,1
0.9,0.8,0.7,0.6,0.4,0.3,0.2,0.2,0.1,0.1,0.1,0.1,0.1,0.0,0.0,0.1,1,music_4,music_4,music_4,1
0.9,0.7,0.2,0.2,0.1,0.1,0.1,0.05,0.05,0.0,0.0,0.0,0.0,0.0,0.0,0.2,0,musical,musical,musical,1
0.95,0.85,0.75,0.7,0.1,0.05,0.0,0.0,0.0,0.0,0.0,0.0,0.0,0.0,0.0,0.1,1,epinions_1,epinions_1,epinions_1,1
0.95,0.1,0.1,0.05,0.05,0.0,0.0,0.0,0.0,0.0,0.0,0.0,0.0,0.0,0.0,0.85,0,epinions_1,epinions_1,epinions_1,1
0.95,0.7,0.15,0.1,0.1,0.05,0.05,0.05,0.05,0.0,0.0,0.0,0.0,0.0,0.0,0.25,0,musical,musical,musical,1
0.95,0.7,0.1,0.0,0.0,0.0,0.0,0.0,0.0,0.0,0.0,0.0,0.0,0.0,0.0,0.25,0,epinions_1,epinions_1,epinions_1,1
0.95,0.05,0.05,0.0,0.0,0.0,0.0,0.0,0.0,0.0,0.0,0.0,0.0,0.0,0.0,0.9,0,musical,musical,musical,1
0.9,0.85,0.1,0.1,0.0,0.0,0.0,0.0,0.0,0.0,0.0,0.0,0.0,0.0,0.0,0.05,1,musical,simpson_episodes,musical,0
0.85,0.75,0.7,0.15,0.1,0.1,0.1,0.05,0.05,0.05,0.0,0.0,0.0,0.0,0.0,0.1,1,european_football_2,soccer_1,soccer_1,0
0.3,0.3,0.2,0.2,0.0,0.0,0.0,0.0,0.0,0.0,0.0,0.0,0.0,0.0,0.0,0.0,1,european_football_2,flight_1,formula_1,0
0.85,0.6,0.5,0.4,0.3,0.2,0.1,0.1,0.1,0.1,0.0,0.0,0.0,0.0,0.0,0.25,0,european_football_2,soccer_1,soccer_1,0
0.85,0.8,0.7,0.2,0.1,0.05,0.05,0.05,0.05,0.0,0.0,0.0,0.0,0.0,0.0,0.05,1,european_football_2,ice_hockey_draft,body_builder,0
0.95,0.05,0.02,0.01,0.01,0.01,0.01,0.01,0.0,0.0,0.0,0.0,0.0,0.0,0.0,0.9,0,musical,musical,musical,1
0.95,0.2,0.15,0.1,0.1,0.05,0.05,0.05,0.0,0.0,0.0,0.0,0.0,0.0,0.0,0.75,0,musical,musical,musical,1
0.95,0.05,0.0,0.0,0.0,0.0,0.0,0.0,0.0,0.0,0.0,0.0,0.0,0.0,0.0,0.9,0,musical,musical,musical,1
0.95,0.75,0.1,0.05,0.01,0.01,0.01,0.01,0.01,0.01,0.0,0.0,0.0,0.0,0.0,0.2,1,musical,musical,musical,1
0.85,0.7,0.3,0.2,0.15,0.1,0.1,0.0,0.0,0.0,0.0,0.0,0.0,0.0,0.0,0.15,1,musical,imdb,musical,0
0.3,0.2,0.15,0.1,0.1,0.1,0.05,0.0,0.0,0.0,0.0,0.0,0.0,0.0,0.0,0.1,1,european_football_2,school_player,soccer_1,0
0.7,0.6,0.4,0.3,0.2,0.1,0.1,0.1,0.1,0.0,0.0,0.0,0.0,0.0,0.0,0.1,1,european_football_2,european_football_1,city_record,0
0.95,0.1,0.05,0.0,0.0,0.0,0.0,0.0,0.0,0.0,0.0,0.0,0.0,0.0,0.0,0.85,0,musical,musical,musical,1
0.8,0.3,0.2,0.2,0.1,0.1,0.1,0.1,0.1,0.1,0.1,0.1,0.1,0.1,0.1,0.5,0,european_football_2,european_football_1,soccer_1,0
0.85,0.05,0.05,0.05,0.0,0.0,0.0,0.0,0.0,0.0,0.0,0.0,0.0,0.0,0.0,0.8,0,european_football_2,soccer_1,soccer_1,0
0.95,0.9,0.85,0.0,0.0,0.0,0.0,0.0,0.0,0.0,0.0,0.0,0.0,0.0,0.0,0.05,1,european_football_2,ice_hockey_draft,soccer_1,0
0.9,0.1,0.05,0.05,0.05,0.05,0.05,0.05,0.05,0.0,0.0,0.0,0.0,0.0,0.0,0.8,0,musical,musical,musical,1
0.7,0.7,0.6,0.6,0.5,0.3,0.3,0.0,0.0,0.0,0.0,0.0,0.0,0.0,0.0,0.0,1,european_football_2,european_football_1,game_injury,0
0.9,0.6,0.2,0.1,0.05,0.05,0.05,0.05,0.05,0.05,0.0,0.0,0.0,0.0,0.0,0.3,0,musical,musical,musical,1
0.98,0.01,0.01,0.0,0.0,0.0,0.0,0.0,0.0,0.0,0.0,0.0,0.0,0.0,0.0,0.97,0,european_football_2,soccer_1,soccer_1,0
0.95,0.01,0.01,0.01,0.01,0.01,0.01,0.01,0.01,0.01,0.0,0.0,0.0,0.0,0.0,0.94,0,european_football_2,soccer_1,soccer_1,0
0.95,0.1,0.1,0.1,0.05,0.05,0.05,0.05,0.05,0.0,0.0,0.0,0.0,0.0,0.0,0.85,0,musical,musical,musical,1
0.9,0.85,0.75,0.2,0.0,0.0,0.0,0.0,0.0,0.0,0.0,0.0,0.0,0.0,0.0,0.05,1,european_football_2,epinions_1,movie_1,0
0.95,0.7,0.6,0.1,0.1,0.1,0.1,0.1,0.1,0.0,0.0,0.0,0.0,0.0,0.0,0.25,0,musical,entertainment_awards,musical,0
0.6,0.4,0.0,0.0,0.0,0.0,0.0,0.0,0.0,0.0,0.0,0.0,0.0,0.0,0.0,0.2,1,european_football_2,epinions_1,soccer_1,0
0.95,0.85,0.75,0.75,0.1,0.1,0.1,0.05,0.05,0.05,0.01,0.01,0.01,0.01,0.01,0.1,1,network_2,network_2,network_2,1
0.95,0.7,0.3,0.05,0.05,0.05,0.05,0.05,0.05,0.0,0.0,0.0,0.0,0.0,0.0,0.25,0,musical,musical,musical,1
0.05,0.01,0.01,0.01,0.01,0.01,0.0,0.0,0.0,0.0,0.0,0.0,0.0,0.0,0.0,0.04,1,european_football_2,soccer_1,soccer_1,0
0.95,0.01,0.01,0.01,0.01,0.01,0.01,0.0,0.0,0.0,0.0,0.0,0.0,0.0,0.0,0.94,0,european_football_2,soccer_1,soccer_1,0
0.95,0.85,0.3,0.25,0.25,0.25,0.2,0.2,0.1,0.1,0.05,0.05,0.05,0.05,0.05,0.1,1,network_2,network_2,network_2,1
0.95,0.85,0.1,0.05,0.01,0.01,0.01,0.0,0.0,0.0,0.0,0.0,0.0,0.0,0.0,0.1,1,musical,musical,musical,1
0.85,0.7,0.2,0.1,0.05,0.0,0.0,0.0,0.0,0.0,0.0,0.0,0.0,0.0,0.0,0.15,1,european_football_2,european_football_2,game_injury,1
0.95,0.0,0.0,0.0,0.0,0.0,0.0,0.0,0.0,0.0,0.0,0.0,0.0,0.0,0.0,0.95,0,european_football_2,soccer_2016,soccer_1,0
0.9,0.05,0.05,0.05,0.05,0.05,0.05,0.05,0.05,0.05,0.05,0.05,0.05,0.0,0.0,0.85,0,network_2,network_2,network_2,1
0.95,0.1,0.05,0.05,0.05,0.05,0.05,0.05,0.01,0.01,0.01,0.01,0.0,0.0,0.0,0.85,0,network_2,network_2,network_2,1
0.99,0.98,0.97,0.96,0.95,0.94,0.93,0.92,0.91,0.9,0.89,0.88,0.87,0.86,0.85,0.01,1,network_2,network_2,network_2,1
0.95,0.1,0.1,0.1,0.1,0.1,0.1,0.1,0.05,0.05,0.05,0.05,0.05,0.05,0.05,0.85,0,network_2,network_2,network_2,1
0.95,0.85,0.75,0.75,0.7,0.6,0.3,0.2,0.2,0.2,0.1,0.05,0.05,0.0,0.0,0.1,1,network_2,network_2,network_2,1
0.95,0.05,0.0,0.0,0.0,0.0,0.0,0.0,0.0,0.0,0.0,0.0,0.0,0.0,0.0,0.9,0,european_football_2,ice_hockey_draft,soccer_1,0
0.7,0.3,0.2,0.1,0.05,0.05,0.05,0.0,0.0,0.0,0.0,0.0,0.0,0.0,0.0,0.4,0,european_football_2,epinions_1,soccer_1,0
0.9,0.1,0.1,0.1,0.1,0.1,0.1,0.1,0.1,0.1,0.05,0.01,0.0,0.0,0.0,0.8,0,network_2,network_1,network_1,0
0.85,0.0,0.0,0.0,0.0,0.0,0.0,0.0,0.0,0.0,0.0,0.0,0.0,0.0,0.0,0.85,0,european_football_2,european_football_2,soccer_1,1
0.95,0.9,0.8,0.2,0.2,0.1,0.05,0.05,0.05,0.05,0.05,0.05,0.0,0.0,0.0,0.05,1,network_2,network_2,network_2,1
0.95,0.0,0.0,0.0,0.0,0.0,0.0,0.0,0.0,0.0,0.0,0.0,0.0,0.0,0.0,0.95,0,european_football_2,european_football_2,soccer_1,1
0.95,0.5,0.4,0.4,0.4,0.4,0.4,0.4,0.4,0.05,0.01,0.01,0.0,0.0,0.0,0.45,0,network_2,network_1,network_1,0
0.95,0.0,0.0,0.0,0.0,0.0,0.0,0.0,0.0,0.0,0.0,0.0,0.0,0.0,0.0,0.95,0,european_football_2,european_football_2,soccer_1,1
0.95,0.9,0.85,0.8,0.15,0.1,0.05,0.05,0.05,0.05,0.05,0.05,0.05,0.0,0.0,0.05,1,network_2,network_2,network_2,1
0.95,0.7,0.0,0.0,0.0,0.0,0.0,0.0,0.0,0.0,0.0,0.0,0.0,0.0,0.0,0.25,0,european_football_2,codebase_community,soccer_1,0
0.95,0.9,0.7,0.1,0.1,0.1,0.05,0.05,0.05,0.05,0.05,0.05,0.05,0.0,0.0,0.05,1,network_2,network_2,network_2,1
0.85,0.1,0.05,0.0,0.0,0.0,0.0,0.0,0.0,0.0,0.0,0.0,0.0,0.0,0.0,0.75,0,european_football_2,school_player,soccer_1,0
0.95,0.0,0.0,0.0,0.0,0.0,0.0,0.0,0.0,0.0,0.0,0.0,0.0,0.0,0.0,0.95,0,european_football_2,european_football_2,soccer_1,1
0.95,0.85,0.75,0.15,0.1,0.1,0.05,0.05,0.05,0.05,0.05,0.05,0.05,0.0,0.0,0.1,1,network_2,network_2,network_2,1
0.95,0.85,0.1,0.05,0.01,0.01,0.01,0.01,0.01,0.01,0.01,0.01,0.0,0.0,0.0,0.1,1,network_2,network_2,network_2,1
0.5,0.2,0.1,0.1,0.1,0.0,0.0,0.0,0.0,0.0,0.0,0.0,0.0,0.0,0.0,0.3,0,european_football_2,wta_1,soccer_1,0
0.5,0.2,0.1,0.05,0.05,0.01,0.01,0.01,0.01,0.0,0.0,0.0,0.0,0.0,0.0,0.3,0,european_football_2,solvency_ii,soccer_1,0
0.6,0.3,0.2,0.2,0.2,0.2,0.15,0.1,0.1,0.1,0.05,0.05,0.05,0.05,0.05,0.3,0,european_football_2,soccer_2016,soccer_1,0
0.95,0.85,0.7,0.05,0.05,0.05,0.03,0.03,0.02,0.01,0.01,0.01,0.01,0.0,0.0,0.1,1,network_2,network_2,network_2,1
0.95,0.85,0.15,0.1,0.05,0.05,0.05,0.05,0.05,0.05,0.05,0.05,0.0,0.0,0.0,0.1,1,network_2,network_2,network_2,1
0.85,0.1,0.0,0.0,0.0,0.0,0.0,0.0,0.0,0.0,0.0,0.0,0.0,0.0,0.0,0.75,0,european_football_2,european_football_2,soccer_1,1
0.95,0.85,0.7,0.1,0.05,0.05,0.05,0.0,0.0,0.0,0.0,0.0,0.0,0.0,0.0,0.1,1,network_2,network_2,network_2,1
0.95,0.1,0.05,0.05,0.05,0.05,0.05,0.05,0.05,0.05,0.05,0.0,0.0,0.0,0.0,0.85,0,network_2,network_2,network_2,1
0.95,0.0,0.0,0.0,0.0,0.0,0.0,0.0,0.0,0.0,0.0,0.0,0.0,0.0,0.0,0.95,0,european_football_2,european_football_2,soccer_1,1
0.95,0.15,0.1,0.1,0.05,0.05,0.05,0.05,0.0,0.0,0.0,0.0,0.0,0.0,0.0,0.8,0,network_2,network_2,network_2,1
0.95,0.9,0.0,0.0,0.0,0.0,0.0,0.0,0.0,0.0,0.0,0.0,0.0,0.0,0.0,0.05,1,european_football_2,ice_hockey_draft,soccer_1,0
0.99,0.98,0.95,0.01,0.01,0.01,0.01,0.01,0.0,0.0,0.0,0.0,0.0,0.0,0.0,0.01,1,european_football_2,ice_hockey_draft,body_builder,0
0.9,0.1,0.1,0.1,0.1,0.1,0.05,0.05,0.05,0.05,0.05,0.05,0.0,0.0,0.0,0.8,0,network_2,network_2,network_2,1
0.95,0.85,0.8,0.2,0.15,0.1,0.1,0.05,0.0,0.0,0.0,0.0,0.0,0.0,0.0,0.1,1,european_football_2,school_player,school_player,0
0.95,0.85,0.7,0.6,0.3,0.2,0.15,0.1,0.05,0.0,0.0,0.0,0.0,0.0,0.0,0.1,1,network_2,network_2,network_2,1
0.9,0.7,0.3,0.2,0.2,0.1,0.1,0.1,0.05,0.05,0.05,0.05,0.0,0.0,0.0,0.2,0,network_2,network_2,network_2,1
0.6,0.4,0.2,0.1,0.1,0.1,0.0,0.0,0.0,0.0,0.0,0.0,0.0,0.0,0.0,0.2,1,european_football_2,european_football_2,soccer_1,1
0.95,0.05,0.0,0.0,0.0,0.0,0.0,0.0,0.0,0.0,0.0,0.0,0.0,0.0,0.0,0.9,0,european_football_2,soccer_1,soccer_1,0
0.7,0.6,0.5,0.3,0.1,0.1,0.1,0.0,0.0,0.0,0.0,0.0,0.0,0.0,0.0,0.1,1,european_football_2,european_football_2,soccer_1,1
0.4,0.3,0.3,0.2,0.1,0.1,0.0,0.0,0.0,0.0,0.0,0.0,0.0,0.0,0.0,0.1,1,european_football_2,european_football_2,game_injury,1
0.95,0.85,0.75,0.7,0.7,0.65,0.65,0.1,0.1,0.1,0.05,0.05,0.05,0.05,0.0,0.1,1,network_2,network_2,network_2,1
0.95,0.9,0.85,0.75,0.7,0.65,0.6,0.5,0.3,0.3,0.2,0.1,0.1,0.0,0.0,0.05,1,network_2,network_2,network_2,1
0.9,0.8,0.1,0.1,0.05,0.05,0.05,0.05,0.05,0.05,0.05,0.05,0.05,0.05,0.0,0.1,1,network_2,network_2,network_2,1
0.9,0.85,0.75,0.0,0.0,0.0,0.0,0.0,0.0,0.0,0.0,0.0,0.0,0.0,0.0,0.05,1,european_football_2,soccer_1,soccer_1,0
0.95,0.75,0.65,0.3,0.3,0.3,0.3,0.3,0.2,0.1,0.1,0.05,0.05,0.0,0.0,0.2,1,network_2,network_2,network_2,1
0.85,0.7,0.65,0.6,0.5,0.4,0.3,0.2,0.1,0.1,0.0,0.0,0.0,0.0,0.0,0.15,1,european_football_2,soccer_1,soccer_1,0
0.95,0.7,0.2,0.1,0.1,0.1,0.1,0.1,0.05,0.05,0.0,0.0,0.0,0.0,0.0,0.25,0,european_football_2,soccer_1,soccer_1,0
0.95,0.9,0.9,0.9,0.85,0.85,0.8,0.8,0.8,0.8,0.1,0.05,0.05,0.0,0.0,0.05,1,network_2,network_2,network_2,1
0.95,0.15,0.1,0.05,0.02,0.01,0.01,0.01,0.01,0.01,0.01,0.0,0.0,0.0,0.0,0.8,0,network_2,network_2,network_2,1
0.9,0.85,0.15,0.1,0.1,0.05,0.05,0.05,0.05,0.0,0.0,0.0,0.0,0.0,0.0,0.05,1,european_football_2,soccer_1,soccer_1,0
0.95,0.85,0.1,0.05,0.05,0.05,0.05,0.05,0.05,0.05,0.0,0.0,0.0,0.0,0.0,0.1,1,network_2,network_2,network_2,1
0.95,0.9,0.75,0.6,0.3,0.2,0.1,0.1,0.05,0.0,0.0,0.0,0.0,0.0,0.0,0.05,1,european_football_2,soccer_1,soccer_1,0
0.9,0.85,0.75,0.2,0.15,0.1,0.1,0.05,0.05,0.05,0.05,0.0,0.0,0.0,0.0,0.05,1,european_football_2,soccer_1,soccer_3,0
0.85,0.75,0.1,0.05,0.05,0.05,0.05,0.05,0.01,0.01,0.01,0.01,0.01,0.0,0.0,0.1,1,network_2,network_2,network_2,1
0.95,0.0,0.0,0.0,0.0,0.0,0.0,0.0,0.0,0.0,0.0,0.0,0.0,0.0,0.0,0.95,0,european_football_2,soccer_1,soccer_1,0
0.95,0.05,0.0,0.0,0.0,0.0,0.0,0.0,0.0,0.0,0.0,0.0,0.0,0.0,0.0,0.9,0,network_2,network_2,network_2,1
0.85,0.1,0.1,0.05,0.05,0.05,0.05,0.05,0.05,0.05,0.0,0.0,0.0,0.0,0.0,0.75,0,european_football_2,soccer_1,soccer_1,0
0.95,0.7,0.05,0.05,0.01,0.01,0.01,0.01,0.01,0.01,0.01,0.01,0.0,0.0,0.0,0.25,0,network_2,network_2,network_2,1
0.95,0.85,0.2,0.15,0.1,0.1,0.05,0.0,0.0,0.0,0.0,0.0,0.0,0.0,0.0,0.1,1,european_football_2,soccer_1,soccer_1,0
0.95,0.05,0.05,0.01,0.01,0.01,0.01,0.01,0.01,0.01,0.01,0.0,0.0,0.0,0.0,0.9,0,network_2,network_2,network_2,1
0.9,0.7,0.4,0.3,0.1,0.1,0.1,0.1,0.1,0.1,0.0,0.0,0.0,0.0,0.0,0.2,0,formula_1,formula_1,formula_1,1
0.95,0.05,0.01,0.01,0.01,0.0,0.0,0.0,0.0,0.0,0.0,0.0,0.0,0.0,0.0,0.9,0,formula_1,formula_1,formula_1,1
0.9,0.85,0.75,0.7,0.65,0.6,0.3,0.15,0.1,0.1,0.1,0.0,0.0,0.0,0.0,0.05,1,formula_1,car_racing,formula_1,0
0.99,0.98,0.97,0.96,0.95,0.94,0.93,0.92,0.91,0.9,0.89,0.88,0.87,0.86,0.85,0.01,1,network_2,network_2,network_2,1
0.9,0.7,0.6,0.4,0.3,0.3,0.2,0.1,0.1,0.1,0.1,0.0,0.0,0.0,0.0,0.2,0,formula_1,formula_1,formula_1,1
0.9,0.7,0.6,0.3,0.2,0.15,0.1,0.05,0.02,0.01,0.01,0.01,0.01,0.01,0.0,0.2,0,formula_1,formula_1,formula_1,1
0.98,0.95,0.85,0.1,0.1,0.05,0.05,0.05,0.05,0.05,0.05,0.05,0.0,0.0,0.0,0.03,1,formula_1,formula_1,formula_1,1
0.7,0.3,0.2,0.2,0.1,0.1,0.1,0.1,0.05,0.0,0.0,0.0,0.0,0.0,0.0,0.4,0,formula_1,formula_1,formula_1,1
0.95,0.85,0.75,0.7,0.1,0.1,0.05,0.05,0.05,0.05,0.05,0.05,0.0,0.0,0.0,0.1,1,formula_1,formula_1,formula_1,1
0.95,0.9,0.1,0.05,0.01,0.01,0.01,0.01,0.01,0.01,0.01,0.01,0.01,0.0,0.0,0.05,1,formula_1,formula_1,car_road_race,1
0.95,0.05,0.0,0.0,0.0,0.0,0.0,0.0,0.0,0.0,0.0,0.0,0.0,0.0,0.0,0.9,0,formula_1,formula_1,formula_1,1
0.85,0.8,0.75,0.1,0.05,0.05,0.05,0.05,0.05,0.05,0.05,0.0,0.0,0.0,0.0,0.05,1,formula_1,formula_1,formula_1,1
0.95,0.1,0.05,0.02,0.02,0.01,0.01,0.01,0.01,0.01,0.01,0.01,0.01,0.01,0.0,0.85,0,formula_1,formula_1,formula_1,1
0.9,0.7,0.7,0.1,0.1,0.1,0.05,0.05,0.05,0.05,0.05,0.0,0.0,0.0,0.0,0.2,0,formula_1,formula_1,formula_1,1
0.4,0.3,0.25,0.2,0.1,0.05,0.05,0.05,0.0,0.0,0.0,0.0,0.0,0.0,0.0,0.1,1,formula_1,car_racing,formula_1,0
0.98,0.75,0.4,0.3,0.2,0.1,0.1,0.01,0.01,0.01,0.01,0.01,0.01,0.0,0.0,0.23,0,formula_1,formula_1,formula_1,1
0.95,0.7,0.3,0.1,0.1,0.05,0.05,0.05,0.05,0.01,0.01,0.01,0.01,0.0,0.0,0.25,0,formula_1,formula_1,formula_1,1
0.95,0.0,0.0,0.0,0.0,0.0,0.0,0.0,0.0,0.0,0.0,0.0,0.0,0.0,0.0,0.95,0,formula_1,formula_1,formula_1,1
0.9,0.7,0.6,0.4,0.3,0.3,0.2,0.2,0.1,0.1,0.1,0.1,0.0,0.0,0.0,0.2,0,formula_1,formula_1,formula_1,1
0.95,0.7,0.3,0.1,0.05,0.03,0.02,0.01,0.01,0.01,0.01,0.01,0.01,0.0,0.0,0.25,0,formula_1,formula_1,formula_1,1
0.95,0.7,0.6,0.2,0.1,0.1,0.1,0.05,0.05,0.05,0.0,0.0,0.0,0.0,0.0,0.25,0,formula_1,formula_1,formula_1,1
0.98,0.1,0.1,0.05,0.01,0.01,0.01,0.01,0.01,0.0,0.0,0.0,0.0,0.0,0.0,0.88,0,formula_1,formula_1,formula_1,1
0.95,0.05,0.05,0.05,0.05,0.05,0.05,0.05,0.05,0.05,0.0,0.0,0.0,0.0,0.0,0.9,0,formula_1,car_racing,formula_1,0
0.95,0.1,0.05,0.05,0.01,0.01,0.01,0.01,0.01,0.01,0.0,0.0,0.0,0.0,0.0,0.85,0,formula_1,formula_1,formula_1,1
0.98,0.05,0.01,0.01,0.01,0.01,0.01,0.01,0.01,0.01,0.0,0.0,0.0,0.0,0.0,0.93,0,formula_1,formula_1,formula_1,1
0.95,0.1,0.05,0.05,0.0,0.0,0.0,0.0,0.0,0.0,0.0,0.0,0.0,0.0,0.0,0.85,0,formula_1,formula_1,formula_1,1
0.9,0.2,0.1,0.05,0.05,0.05,0.05,0.05,0.01,0.01,0.01,0.0,0.0,0.0,0.0,0.7,0,formula_1,formula_1,formula_1,1
0.95,0.85,0.75,0.75,0.05,0.05,0.05,0.05,0.05,0.05,0.05,0.05,0.0,0.0,0.0,0.1,1,formula_1,race_track,formula_1,0
0.98,0.95,0.9,0.85,0.15,0.1,0.05,0.05,0.05,0.0,0.0,0.0,0.0,0.0,0.0,0.03,1,formula_1,car_racing,vehicle_driver,0
0.9,0.85,0.75,0.2,0.15,0.1,0.1,0.05,0.05,0.05,0.05,0.0,0.0,0.0,0.0,0.05,1,formula_1,formula_1,formula_1,1
0.95,0.7,0.6,0.4,0.3,0.2,0.15,0.1,0.1,0.05,0.05,0.0,0.0,0.0,0.0,0.25,0,formula_1,formula_1,formula_1,1
0.95,0.9,0.7,0.3,0.1,0.1,0.1,0.05,0.05,0.05,0.0,0.0,0.0,0.0,0.0,0.05,1,formula_1,formula_1,car_road_race,1
0.98,0.6,0.5,0.4,0.3,0.3,0.2,0.2,0.2,0.1,0.1,0.1,0.05,0.0,0.0,0.38,0,formula_1,formula_1,formula_1,1
0.95,0.85,0.75,0.65,0.2,0.1,0.1,0.1,0.05,0.05,0.05,0.05,0.05,0.0,0.0,0.1,1,formula_1,race_track,race_track,0
0.9,0.7,0.6,0.3,0.2,0.2,0.1,0.1,0.1,0.1,0.05,0.0,0.0,0.0,0.0,0.2,0,formula_1,formula_1,formula_1,1
0.9,0.7,0.6,0.2,0.2,0.1,0.1,0.1,0.1,0.1,0.05,0.05,0.0,0.0,0.0,0.2,0,formula_1,formula_1,formula_1,1
0.95,0.7,0.05,0.01,0.01,0.01,0.01,0.01,0.01,0.01,0.01,0.01,0.0,0.0,0.0,0.25,0,formula_1,formula_1,formula_1,1
0.85,0.75,0.65,0.4,0.3,0.2,0.2,0.2,0.1,0.1,0.1,0.1,0.1,0.0,0.0,0.1,1,formula_1,car_racing,formula_1,0
0.95,0.0,0.0,0.0,0.0,0.0,0.0,0.0,0.0,0.0,0.0,0.0,0.0,0.0,0.0,0.95,0,formula_1,formula_1,formula_1,1
0.85,0.8,0.75,0.7,0.3,0.2,0.15,0.1,0.05,0.05,0.0,0.0,0.0,0.0,0.0,0.05,1,formula_1,formula_1,car_road_race,1
1.0,0.0,0.0,0.0,0.0,0.0,0.0,0.0,0.0,0.0,0.0,0.0,0.0,0.0,0.0,1.0,0,formula_1,formula_1,formula_1,1
0.95,0.85,0.6,0.4,0.3,0.2,0.2,0.15,0.1,0.1,0.05,0.05,0.05,0.0,0.0,0.1,1,formula_1,formula_1,formula_1,1
0.95,0.85,0.75,0.65,0.1,0.05,0.05,0.05,0.05,0.05,0.05,0.05,0.05,0.0,0.0,0.1,1,formula_1,formula_1,formula_1,1
0.9,0.7,0.6,0.5,0.3,0.2,0.1,0.1,0.05,0.05,0.0,0.0,0.0,0.0,0.0,0.2,0,formula_1,formula_1,formula_1,1
0.95,0.9,0.85,0.1,0.1,0.05,0.05,0.05,0.05,0.05,0.05,0.05,0.0,0.0,0.0,0.05,1,formula_1,formula_1,formula_1,1
0.95,0.7,0.6,0.2,0.1,0.05,0.05,0.05,0.05,0.05,0.05,0.05,0.05,0.0,0.0,0.25,0,formula_1,formula_1,formula_1,1
0.95,0.7,0.6,0.5,0.4,0.1,0.1,0.05,0.05,0.05,0.05,0.0,0.0,0.0,0.0,0.25,0,formula_1,formula_1,formula_1,1
0.95,0.75,0.5,0.3,0.2,0.1,0.05,0.05,0.05,0.05,0.05,0.05,0.05,0.0,0.0,0.2,1,formula_1,formula_1,formula_1,1
0.95,0.05,0.01,0.01,0.01,0.0,0.0,0.0,0.0,0.0,0.0,0.0,0.0,0.0,0.0,0.9,0,formula_1,formula_1,formula_1,1
0.98,0.05,0.03,0.02,0.01,0.01,0.01,0.01,0.01,0.01,0.01,0.0,0.0,0.0,0.0,0.93,0,formula_1,formula_1,formula_1,1
0.95,0.2,0.1,0.05,0.05,0.0,0.0,0.0,0.0,0.0,0.0,0.0,0.0,0.0,0.0,0.75,0,formula_1,formula_1,formula_1,1
0.9,0.2,0.15,0.1,0.1,0.05,0.05,0.05,0.05,0.05,0.05,0.05,0.05,0.05,0.05,0.7,0,game_1,game_1,game_1,1
0.95,0.7,0.3,0.2,0.1,0.05,0.05,0.05,0.01,0.01,0.01,0.01,0.01,0.0,0.0,0.25,0,formula_1,formula_1,formula_1,1
0.95,0.05,0.05,0.0,0.0,0.0,0.0,0.0,0.0,0.0,0.0,0.0,0.0,0.0,0.0,0.9,0,game_1,game_1,game_1,1
0.95,0.0,0.0,0.0,0.0,0.0,0.0,0.0,0.0,0.0,0.0,0.0,0.0,0.0,0.0,0.95,0,game_1,game_1,game_1,1
0.95,0.85,0.75,0.65,0.65,0.65,0.05,0.05,0.05,0.0,0.0,0.0,0.0,0.0,0.0,0.1,1,game_1,game_1,game_1,1
0.9,0.7,0.6,0.5,0.5,0.5,0.5,0.5,0.4,0.3,0.2,0.2,0.1,0.0,0.0,0.2,0,game_1,game_1,game_1,1
0.85,0.2,0.1,0.1,0.1,0.1,0.1,0.1,0.05,0.05,0.05,0.05,0.05,0.0,0.0,0.65,0,game_1,game_1,game_1,1
0.9,0.1,0.05,0.05,0.05,0.05,0.05,0.05,0.05,0.05,0.05,0.0,0.0,0.0,0.0,0.8,0,game_1,institution_sports,game_1,0
0.85,0.1,0.1,0.05,0.05,0.05,0.05,0.05,0.05,0.05,0.05,0.0,0.0,0.0,0.0,0.75,0,game_1,institution_sports,game_1,0
0.9,0.1,0.1,0.1,0.1,0.1,0.1,0.1,0.1,0.05,0.05,0.05,0.05,0.05,0.0,0.8,0,game_1,game_1,game_1,1
0.9,0.85,0.7,0.2,0.15,0.1,0.1,0.1,0.1,0.05,0.05,0.05,0.05,0.0,0.0,0.05,1,game_1,game_1,game_1,1
0.85,0.75,0.7,0.65,0.6,0.55,0.5,0.4,0.3,0.2,0.2,0.1,0.05,0.0,0.0,0.1,1,game_1,game_1,game_1,1
0.95,0.8,0.75,0.75,0.75,0.75,0.7,0.7,0.7,0.7,0.1,0.1,0.1,0.0,0.0,0.15,1,game_1,school_player,game_1,0
0.7,0.2,0.1,0.1,0.1,0.1,0.1,0.1,0.1,0.1,0.1,0.0,0.0,0.0,0.0,0.5,0,game_1,college_3,college_3,0
0.85,0.8,0.8,0.8,0.8,0.8,0.8,0.8,0.8,0.7,0.6,0.05,0.05,0.0,0.0,0.05,1,game_1,school_player,game_1,0
0.9,0.85,0.85,0.85,0.85,0.85,0.85,0.85,0.85,0.05,0.05,0.05,0.05,0.0,0.0,0.05,1,game_1,school_player,dorm_1,0
0.95,0.95,0.95,0.95,0.9,0.9,0.85,0.85,0.85,0.05,0.01,0.01,0.01,0.0,0.0,0.0,1,game_1,dorm_1,dorm_1,0
0.95,0.1,0.1,0.1,0.1,0.1,0.1,0.1,0.05,0.05,0.05,0.05,0.05,0.0,0.0,0.85,0,game_1,game_1,game_1,1
0.9,0.85,0.8,0.1,0.05,0.05,0.05,0.05,0.05,0.05,0.05,0.0,0.0,0.0,0.0,0.05,1,game_1,game_1,company_1,1
0.9,0.1,0.05,0.05,0.05,0.05,0.05,0.05,0.05,0.0,0.0,0.0,0.0,0.0,0.0,0.8,0,game_1,game_1,game_1,1
0.95,0.05,0.05,0.05,0.05,0.05,0.05,0.05,0.01,0.01,0.01,0.01,0.0,0.0,0.0,0.9,0,game_1,game_1,game_1,1
0.95,0.85,0.2,0.1,0.1,0.1,0.1,0.1,0.05,0.05,0.01,0.01,0.01,0.0,0.0,0.1,1,game_1,game_1,game_1,1
0.95,0.85,0.75,0.7,0.65,0.65,0.65,0.6,0.2,0.05,0.05,0.05,0.05,0.05,0.0,0.1,1,game_1,game_1,game_1,1
0.8,0.7,0.4,0.3,0.2,0.2,0.2,0.2,0.2,0.2,0.2,0.2,0.0,0.0,0.0,0.1,1,game_1,college_3,game_1,0
0.9,0.7,0.2,0.1,0.1,0.1,0.1,0.1,0.1,0.05,0.05,0.05,0.05,0.05,0.0,0.2,0,game_1,game_1,game_1,1
0.95,0.05,0.05,0.05,0.05,0.05,0.05,0.05,0.05,0.0,0.0,0.0,0.0,0.0,0.0,0.9,0,game_1,game_1,game_1,1
0.95,0.1,0.1,0.05,0.05,0.05,0.05,0.05,0.05,0.05,0.05,0.05,0.05,0.05,0.0,0.85,0,game_1,game_1,game_1,1
0.95,0.75,0.15,0.1,0.1,0.05,0.05,0.05,0.05,0.05,0.05,0.05,0.05,0.05,0.0,0.2,1,game_1,game_1,game_1,1
0.95,0.85,0.05,0.0,0.0,0.0,0.0,0.0,0.0,0.0,0.0,0.0,0.0,0.0,0.0,0.1,1,game_1,game_1,game_1,1
0.95,0.85,0.75,0.01,0.01,0.01,0.01,0.0,0.0,0.0,0.0,0.0,0.0,0.0,0.0,0.1,1,game_1,game_1,game_1,1
0.95,0.75,0.1,0.05,0.05,0.05,0.05,0.0,0.0,0.0,0.0,0.0,0.0,0.0,0.0,0.2,1,game_1,game_1,game_1,1
0.9,0.85,0.05,0.05,0.05,0.05,0.05,0.0,0.0,0.0,0.0,0.0,0.0,0.0,0.0,0.05,1,game_1,video_game,video_game,0
0.95,0.1,0.1,0.05,0.05,0.05,0.05,0.0,0.0,0.0,0.0,0.0,0.0,0.0,0.0,0.85,0,game_1,game_1,game_1,1
0.95,0.85,0.05,0.05,0.05,0.05,0.0,0.0,0.0,0.0,0.0,0.0,0.0,0.0,0.0,0.1,1,game_1,game_1,game_1,1
0.95,0.2,0.1,0.1,0.05,0.05,0.05,0.05,0.01,0.01,0.01,0.01,0.0,0.0,0.0,0.75,0,game_1,game_1,game_1,1
0.95,0.85,0.05,0.01,0.01,0.01,0.0,0.0,0.0,0.0,0.0,0.0,0.0,0.0,0.0,0.1,1,game_1,game_1,game_1,1
0.95,0.9,0.85,0.1,0.05,0.05,0.05,0.05,0.05,0.0,0.0,0.0,0.0,0.0,0.0,0.05,1,game_1,video_game,game_1,0
0.95,0.9,0.85,0.85,0.8,0.75,0.75,0.75,0.75,0.7,0.1,0.1,0.05,0.05,0.0,0.05,1,game_1,school_player,game_1,0
0.85,0.75,0.75,0.65,0.1,0.1,0.1,0.1,0.1,0.05,0.05,0.05,0.05,0.0,0.0,0.1,1,game_1,school_player,activity_1,0
0.85,0.75,0.7,0.65,0.6,0.6,0.6,0.55,0.55,0.55,0.1,0.1,0.05,0.0,0.0,0.1,1,game_1,school_player,activity_1,0
0.85,0.75,0.75,0.75,0.75,0.75,0.7,0.7,0.6,0.3,0.2,0.1,0.1,0.1,0.0,0.1,1,game_1,school_player,game_1,0
0.95,0.7,0.1,0.05,0.05,0.05,0.05,0.05,0.0,0.0,0.0,0.0,0.0,0.0,0.0,0.25,0,game_1,game_1,game_1,1
0.95,0.15,0.1,0.05,0.05,0.05,0.05,0.05,0.05,0.05,0.0,0.0,0.0,0.0,0.0,0.8,0,game_1,game_1,game_1,1
0.95,0.05,0.05,0.01,0.01,0.01,0.01,0.01,0.01,0.01,0.01,0.01,0.01,0.0,0.0,0.9,0,game_injury,game_injury,game_injury,1
0.9,0.1,0.1,0.1,0.1,0.1,0.1,0.1,0.1,0.1,0.05,0.05,0.05,0.05,0.05,0.8,0,game_injury,game_injury,game_injury,1
0.95,0.1,0.05,0.05,0.05,0.05,0.05,0.05,0.05,0.0,0.0,0.0,0.0,0.0,0.0,0.85,0,game_injury,game_injury,game_injury,1
0.95,0.1,0.1,0.05,0.05,0.05,0.05,0.05,0.05,0.05,0.0,0.0,0.0,0.0,0.0,0.85,0,game_injury,game_injury,game_injury,1
0.9,0.7,0.6,0.3,0.2,0.1,0.0,0.0,0.0,0.0,0.0,0.0,0.0,0.0,0.0,0.2,0,game_injury,game_injury,game_injury,1
0.7,0.6,0.2,0.1,0.1,0.1,0.05,0.05,0.05,0.05,0.0,0.0,0.0,0.0,0.0,0.1,1,game_1,wta_1,game_1,0
0.95,0.07,0.06,0.05,0.04,0.03,0.03,0.02,0.02,0.01,0.01,0.01,0.0,0.0,0.0,0.88,0,game_injury,game_injury,game_injury,1
0.95,0.9,0.85,0.05,0.0,0.0,0.0,0.0,0.0,0.0,0.0,0.0,0.0,0.0,0.0,0.05,1,game_injury,game_injury,game_injury,1
0.95,0.9,0.85,0.05,0.01,0.01,0.01,0.01,0.01,0.01,0.01,0.0,0.0,0.0,0.0,0.05,1,game_injury,game_injury,game_injury,1
0.95,0.2,0.1,0.05,0.01,0.01,0.01,0.01,0.01,0.01,0.01,0.01,0.01,0.0,0.0,0.75,0,game_injury,game_injury,game_injury,1
0.95,0.05,0.05,0.05,0.0,0.0,0.0,0.0,0.0,0.0,0.0,0.0,0.0,0.0,0.0,0.9,0,game_injury,game_injury,game_injury,1
0.95,0.05,0.0,0.0,0.0,0.0,0.0,0.0,0.0,0.0,0.0,0.0,0.0,0.0,0.0,0.9,0,gas_company,gas_company,gas_company,1
0.95,0.0,0.0,0.0,0.0,0.0,0.0,0.0,0.0,0.0,0.0,0.0,0.0,0.0,0.0,0.95,0,gas_company,gas_company,gas_company,1
0.95,0.05,0.01,0.01,0.01,0.01,0.01,0.01,0.01,0.0,0.0,0.0,0.0,0.0,0.0,0.9,0,gas_company,gas_company,gas_company,1
0.85,0.8,0.75,0.3,0.15,0.1,0.05,0.05,0.05,0.05,0.05,0.05,0.05,0.05,0.0,0.05,1,gas_company,company_office,company_office,0
0.95,0.05,0.0,0.0,0.0,0.0,0.0,0.0,0.0,0.0,0.0,0.0,0.0,0.0,0.0,0.9,0,gas_company,gas_company,gas_company,1
0.95,0.9,0.9,0.05,0.05,0.05,0.05,0.05,0.05,0.05,0.05,0.05,0.0,0.0,0.0,0.05,1,gas_company,company_office,company_office,0
0.98,0.95,0.92,0.9,0.85,0.7,0.6,0.1,0.05,0.03,0.02,0.01,0.01,0.01,0.0,0.03,1,gas_company,company_office,small_bank_1,0
0.95,0.85,0.7,0.1,0.05,0.05,0.05,0.05,0.05,0.05,0.05,0.05,0.0,0.0,0.0,0.1,1,gas_company,company_office,company_office,0
0.9,0.85,0.8,0.3,0.2,0.1,0.1,0.1,0.1,0.0,0.0,0.0,0.0,0.0,0.0,0.05,1,gas_company,gas_company,company_office,1
0.95,0.05,0.05,0.01,0.01,0.01,0.01,0.01,0.01,0.01,0.01,0.01,0.0,0.0,0.0,0.9,0,gas_company,gas_company,gas_company,1
0.95,0.05,0.0,0.0,0.0,0.0,0.0,0.0,0.0,0.0,0.0,0.0,0.0,0.0,0.0,0.9,0,gas_company,gas_company,gas_company,1
0.95,0.85,0.75,0.05,0.05,0.05,0.05,0.05,0.05,0.05,0.0,0.0,0.0,0.0,0.0,0.1,1,gas_company,gas_company,gas_company,1
0.95,0.05,0.05,0.01,0.01,0.01,0.01,0.01,0.01,0.01,0.01,0.0,0.0,0.0,0.0,0.9,0,gas_company,gas_company,gas_company,1
0.95,0.9,0.85,0.05,0.05,0.05,0.05,0.05,0.05,0.05,0.0,0.0,0.0,0.0,0.0,0.05,1,gas_company,gas_company,gas_company,1
0.95,0.0,0.0,0.0,0.0,0.0,0.0,0.0,0.0,0.0,0.0,0.0,0.0,0.0,0.0,0.95,0,gas_company,gas_company,gas_company,1
0.85,0.75,0.1,0.05,0.05,0.05,0.05,0.05,0.05,0.05,0.0,0.0,0.0,0.0,0.0,0.1,1,gas_company,gas_company,gas_company,1
0.95,0.1,0.05,0.05,0.05,0.01,0.01,0.01,0.01,0.0,0.0,0.0,0.0,0.0,0.0,0.85,0,gas_company,gas_company,gas_company,1
0.95,0.05,0.02,0.01,0.0,0.0,0.0,0.0,0.0,0.0,0.0,0.0,0.0,0.0,0.0,0.9,0,gas_company,gas_company,gas_company,1
0.98,0.95,0.85,0.01,0.01,0.01,0.01,0.01,0.0,0.0,0.0,0.0,0.0,0.0,0.0,0.03,1,gas_company,gas_company,company_employee,1
0.9,0.85,0.8,0.7,0.3,0.2,0.1,0.1,0.05,0.05,0.0,0.0,0.0,0.0,0.0,0.05,1,gas_company,gas_company,gas_company,1
0.95,0.95,0.85,0.1,0.05,0.05,0.05,0.05,0.05,0.0,0.0,0.0,0.0,0.0,0.0,0.0,1,gas_company,gas_company,company_office,1
0.95,0.9,0.85,0.05,0.01,0.01,0.01,0.01,0.01,0.01,0.01,0.0,0.0,0.0,0.0,0.05,1,gas_company,gas_company,gas_company,1
0.95,0.85,0.8,0.75,0.7,0.15,0.1,0.1,0.05,0.05,0.0,0.0,0.0,0.0,0.0,0.1,1,geo,geo,geo,1
0.95,0.85,0.05,0.01,0.01,0.01,0.01,0.01,0.01,0.01,0.01,0.0,0.0,0.0,0.0,0.1,1,gas_company,gas_company,gas_company,1
0.95,0.05,0.0,0.0,0.0,0.0,0.0,0.0,0.0,0.0,0.0,0.0,0.0,0.0,0.0,0.9,0,geo,geo,geo,1
0.95,0.05,0.0,0.0,0.0,0.0,0.0,0.0,0.0,0.0,0.0,0.0,0.0,0.0,0.0,0.9,0,geo,geo,geo,1
0.95,0.9,0.85,0.75,0.1,0.1,0.05,0.05,0.05,0.05,0.0,0.0,0.0,0.0,0.0,0.05,1,geo,geo,geo,1
0.95,0.8,0.1,0.05,0.05,0.0,0.0,0.0,0.0,0.0,0.0,0.0,0.0,0.0,0.0,0.15,1,geo,geo,geo,1
0.95,0.05,0.0,0.0,0.0,0.0,0.0,0.0,0.0,0.0,0.0,0.0,0.0,0.0,0.0,0.9,0,geo,geo,geo,1
0.95,0.05,0.0,0.0,0.0,0.0,0.0,0.0,0.0,0.0,0.0,0.0,0.0,0.0,0.0,0.9,0,geo,geo,geo,1
0.95,0.05,0.0,0.0,0.0,0.0,0.0,0.0,0.0,0.0,0.0,0.0,0.0,0.0,0.0,0.9,0,geo,geo,geo,1
0.95,0.01,0.01,0.01,0.0,0.0,0.0,0.0,0.0,0.0,0.0,0.0,0.0,0.0,0.0,0.94,0,geo,geo,geo,1
0.95,0.1,0.05,0.0,0.0,0.0,0.0,0.0,0.0,0.0,0.0,0.0,0.0,0.0,0.0,0.85,0,geo,geo,geo,1
0.95,0.15,0.1,0.1,0.05,0.05,0.05,0.0,0.0,0.0,0.0,0.0,0.0,0.0,0.0,0.8,0,geo,geo,geo,1
0.95,0.85,0.75,0.6,0.5,0.4,0.35,0.3,0.0,0.0,0.0,0.0,0.0,0.0,0.0,0.1,1,geo,world_1,world_1,0
0.85,0.75,0.4,0.35,0.3,0.2,0.1,0.1,0.0,0.0,0.0,0.0,0.0,0.0,0.0,0.1,1,geo,address,world_1,0
0.95,0.85,0.75,0.7,0.65,0.2,0.1,0.1,0.05,0.0,0.0,0.0,0.0,0.0,0.0,0.1,1,geo,world_1,world_1,0
0.95,0.9,0.15,0.1,0.05,0.0,0.0,0.0,0.0,0.0,0.0,0.0,0.0,0.0,0.0,0.05,1,geo,geo,geo,1
0.95,0.85,0.75,0.7,0.5,0.3,0.2,0.1,0.1,0.05,0.0,0.0,0.0,0.0,0.0,0.1,1,geo,world_1,world_1,0
0.95,0.05,0.0,0.0,0.0,0.0,0.0,0.0,0.0,0.0,0.0,0.0,0.0,0.0,0.0,0.9,0,geo,geo,geo,1
0.95,0.85,0.75,0.7,0.2,0.1,0.1,0.1,0.1,0.0,0.0,0.0,0.0,0.0,0.0,0.1,1,geo,geo,geo,1
0.85,0.2,0.1,0.1,0.1,0.05,0.05,0.05,0.05,0.05,0.05,0.05,0.05,0.0,0.0,0.65,0,network_2,network_2,network_2,1
0.95,0.9,0.85,0.7,0.1,0.1,0.1,0.05,0.05,0.05,0.0,0.0,0.0,0.0,0.0,0.05,1,geo,geo,geo,1
0.9,0.85,0.15,0.1,0.1,0.1,0.1,0.05,0.05,0.05,0.05,0.05,0.0,0.0,0.0,0.05,1,network_2,network_2,network_2,1
0.95,0.9,0.85,0.8,0.6,0.2,0.1,0.1,0.05,0.0,0.0,0.0,0.0,0.0,0.0,0.05,1,geo,world_1,world_1,0
0.9,0.85,0.75,0.6,0.5,0.4,0.3,0.2,0.1,0.0,0.0,0.0,0.0,0.0,0.0,0.05,1,geo,world_1,geo,0
0.95,0.85,0.7,0.6,0.3,0.2,0.1,0.1,0.05,0.05,0.05,0.05,0.0,0.0,0.0,0.1,1,network_2,network_2,network_2,1
0.95,0.9,0.85,0.8,0.75,0.2,0.1,0.1,0.05,0.0,0.0,0.0,0.0,0.0,0.0,0.05,1,geo,world_1,world_1,0
0.95,0.2,0.2,0.15,0.15,0.1,0.1,0.1,0.1,0.05,0.05,0.05,0.0,0.0,0.0,0.75,0,network_2,network_2,network_2,1
0.95,0.9,0.85,0.7,0.1,0.1,0.1,0.05,0.05,0.0,0.0,0.0,0.0,0.0,0.0,0.05,1,geo,geo,geo,1
0.95,0.1,0.05,0.01,0.01,0.01,0.01,0.01,0.01,0.0,0.0,0.0,0.0,0.0,0.0,0.85,0,network_2,network_2,network_2,1
0.95,0.9,0.85,0.8,0.1,0.05,0.05,0.05,0.05,0.0,0.0,0.0,0.0,0.0,0.0,0.05,1,geo,geo,geo,1
0.85,0.75,0.65,0.1,0.05,0.05,0.0,0.0,0.0,0.0,0.0,0.0,0.0,0.0,0.0,0.1,1,geo,geo,geo,1
0.85,0.1,0.05,0.05,0.05,0.05,0.05,0.05,0.05,0.05,0.0,0.0,0.0,0.0,0.0,0.75,0,network_2,network_2,network_2,1
0.85,0.6,0.3,0.1,0.05,0.0,0.0,0.0,0.0,0.0,0.0,0.0,0.0,0.0,0.0,0.25,0,geo,geo,geo,1
0.95,0.9,0.85,0.7,0.6,0.1,0.1,0.1,0.1,0.05,0.05,0.05,0.05,0.05,0.0,0.05,1,network_2,network_1,network_1,0
0.95,0.85,0.05,0.05,0.01,0.01,0.01,0.0,0.0,0.0,0.0,0.0,0.0,0.0,0.0,0.1,1,geo,geo,geo,1
0.95,0.85,0.1,0.05,0.05,0.05,0.01,0.01,0.01,0.01,0.01,0.01,0.01,0.01,0.0,0.1,1,network_2,network_1,network_1,0
0.9,0.85,0.8,0.0,0.0,0.0,0.0,0.0,0.0,0.0,0.0,0.0,0.0,0.0,0.0,0.05,1,geo,world_1,geo,0
0.95,0.95,0.8,0.6,0.1,0.1,0.1,0.1,0.1,0.1,0.0,0.0,0.0,0.0,0.0,0.0,1,news_report,party_people,performance_attendance,0
0.95,0.2,0.2,0.1,0.1,0.1,0.1,0.1,0.1,0.1,0.05,0.05,0.05,0.0,0.0,0.75,0,network_2,network_2,network_2,1
0.85,0.7,0.6,0.5,0.3,0.2,0.1,0.1,0.05,0.0,0.0,0.0,0.0,0.0,0.0,0.15,1,geo,world_1,geo,0
0.95,0.85,0.05,0.05,0.0,0.0,0.0,0.0,0.0,0.0,0.0,0.0,0.0,0.0,0.0,0.1,1,geo,geo,geo,1
0.95,0.1,0.05,0.05,0.05,0.05,0.0,0.0,0.0,0.0,0.0,0.0,0.0,0.0,0.0,0.85,0,news_report,news_report,news_report,1
0.9,0.7,0.6,0.5,0.3,0.1,0.05,0.05,0.05,0.0,0.0,0.0,0.0,0.0,0.0,0.2,0,geo,world_1,world_1,0
0.95,0.1,0.05,0.02,0.01,0.01,0.01,0.01,0.01,0.01,0.01,0.01,0.0,0.0,0.0,0.85,0,news_report,news_report,news_report,1
0.95,0.1,0.1,0.1,0.05,0.05,0.05,0.05,0.05,0.05,0.0,0.0,0.0,0.0,0.0,0.85,0,news_report,news_report,news_report,1
0.8,0.7,0.6,0.4,0.0,0.0,0.0,0.0,0.0,0.0,0.0,0.0,0.0,0.0,0.0,0.1,1,geo,world_1,region_building,0
0.95,0.1,0.1,0.1,0.05,0.05,0.05,0.05,0.05,0.05,0.0,0.0,0.0,0.0,0.0,0.85,0,news_report,news_report,news_report,1
0.95,0.05,0.0,0.0,0.0,0.0,0.0,0.0,0.0,0.0,0.0,0.0,0.0,0.0,0.0,0.9,0,news_report,news_report,news_report,1
0.95,0.1,0.05,0.01,0.01,0.01,0.01,0.01,0.0,0.0,0.0,0.0,0.0,0.0,0.0,0.85,0,geo,geo,geo,1
0.95,0.05,0.01,0.01,0.01,0.01,0.0,0.0,0.0,0.0,0.0,0.0,0.0,0.0,0.0,0.9,0,geo,geo,geo,1
0.9,0.2,0.15,0.1,0.05,0.05,0.05,0.05,0.05,0.0,0.0,0.0,0.0,0.0,0.0,0.7,0,news_report,news_report,news_report,1
0.95,0.75,0.05,0.01,0.01,0.01,0.01,0.0,0.0,0.0,0.0,0.0,0.0,0.0,0.0,0.2,1,geo,geo,geo,1
0.95,0.9,0.85,0.75,0.6,0.3,0.2,0.1,0.1,0.0,0.0,0.0,0.0,0.0,0.0,0.05,1,news_report,game_injury,news_report,0
0.95,0.02,0.01,0.01,0.01,0.0,0.0,0.0,0.0,0.0,0.0,0.0,0.0,0.0,0.0,0.93,0,geo,geo,geo,1
0.95,0.2,0.2,0.2,0.1,0.1,0.05,0.05,0.05,0.0,0.0,0.0,0.0,0.0,0.0,0.75,0,party_host,world_1,party_host,0
0.95,0.7,0.01,0.01,0.01,0.01,0.01,0.01,0.0,0.0,0.0,0.0,0.0,0.0,0.0,0.25,0,geo,geo,geo,1
0.95,0.9,0.9,0.85,0.01,0.01,0.01,0.01,0.01,0.01,0.01,0.01,0.01,0.01,0.01,0.05,1,party_host,world_1,party_host,0
0.95,0.05,0.05,0.0,0.0,0.0,0.0,0.0,0.0,0.0,0.0,0.0,0.0,0.0,0.0,0.9,0,geo,geo,geo,1
0.95,0.1,0.05,0.0,0.0,0.0,0.0,0.0,0.0,0.0,0.0,0.0,0.0,0.0,0.0,0.85,0,geo,geo,geo,1
0.95,0.9,0.85,0.85,0.8,0.7,0.2,0.2,0.1,0.1,0.0,0.0,0.0,0.0,0.0,0.05,1,party_host,party_host,party_host,1
0.95,0.85,0.7,0.1,0.1,0.05,0.05,0.05,0.05,0.05,0.05,0.05,0.0,0.0,0.0,0.1,1,party_host,party_host,party_host,1
0.9,0.85,0.8,0.75,0.3,0.25,0.2,0.1,0.05,0.0,0.0,0.0,0.0,0.0,0.0,0.05,1,news_report,solvency_ii,news_report,0
0.9,0.6,0.05,0.05,0.05,0.05,0.0,0.0,0.0,0.0,0.0,0.0,0.0,0.0,0.0,0.3,0,geo,geo,geo,1
0.95,0.7,0.2,0.15,0.1,0.05,0.05,0.05,0.05,0.05,0.05,0.0,0.0,0.0,0.0,0.25,0,party_host,party_host,party_host,1
0.95,0.7,0.05,0.05,0.05,0.0,0.0,0.0,0.0,0.0,0.0,0.0,0.0,0.0,0.0,0.25,0,geo,geo,geo,1
0.95,0.05,0.0,0.0,0.0,0.0,0.0,0.0,0.0,0.0,0.0,0.0,0.0,0.0,0.0,0.9,0,geo,geo,geo,1
0.95,0.2,0.1,0.0,0.0,0.0,0.0,0.0,0.0,0.0,0.0,0.0,0.0,0.0,0.0,0.75,0,geo,geo,geo,1
0.95,0.1,0.05,0.05,0.0,0.0,0.0,0.0,0.0,0.0,0.0,0.0,0.0,0.0,0.0,0.85,0,geo,geo,geo,1
0.95,0.9,0.1,0.1,0.1,0.1,0.1,0.1,0.05,0.05,0.05,0.0,0.0,0.0,0.0,0.05,1,party_host,party_host,party_host,1
0.95,0.2,0.15,0.1,0.1,0.05,0.05,0.05,0.05,0.05,0.05,0.05,0.05,0.0,0.0,0.75,0,party_host,party_host,party_host,1
0.95,0.05,0.0,0.0,0.0,0.0,0.0,0.0,0.0,0.0,0.0,0.0,0.0,0.0,0.0,0.9,0,geo,geo,geo,1
0.95,0.9,0.85,0.05,0.0,0.0,0.0,0.0,0.0,0.0,0.0,0.0,0.0,0.0,0.0,0.05,1,geo,geo,climbing,1
0.95,0.05,0.03,0.02,0.02,0.01,0.01,0.01,0.01,0.01,0.01,0.0,0.0,0.0,0.0,0.9,0,party_host,party_host,party_host,1
0.95,0.05,0.02,0.01,0.01,0.01,0.01,0.01,0.01,0.01,0.0,0.0,0.0,0.0,0.0,0.9,0,party_host,party_host,party_host,1
0.95,0.05,0.05,0.02,0.02,0.01,0.01,0.01,0.01,0.01,0.01,0.01,0.0,0.0,0.0,0.9,0,party_host,party_host,party_host,1
0.95,0.9,0.85,0.1,0.05,0.05,0.05,0.05,0.05,0.0,0.0,0.0,0.0,0.0,0.0,0.05,1,geo,geo,geo,1
0.95,0.9,0.85,0.6,0.1,0.05,0.05,0.05,0.0,0.0,0.0,0.0,0.0,0.0,0.0,0.05,1,geo,geo,geo,1
0.95,0.05,0.05,0.05,0.01,0.01,0.01,0.01,0.01,0.01,0.01,0.0,0.0,0.0,0.0,0.9,0,party_host,party_host,party_host,1
0.95,0.9,0.85,0.1,0.1,0.05,0.05,0.05,0.0,0.0,0.0,0.0,0.0,0.0,0.0,0.05,1,geo,geo,geo,1
0.95,0.9,0.85,0.0,0.0,0.0,0.0,0.0,0.0,0.0,0.0,0.0,0.0,0.0,0.0,0.05,1,party_host,party_host,party_host,1
0.95,0.9,0.75,0.7,0.65,0.05,0.05,0.02,0.01,0.01,0.01,0.01,0.0,0.0,0.0,0.05,1,party_host,party_host,party_host,1
0.95,0.05,0.01,0.01,0.01,0.01,0.01,0.0,0.0,0.0,0.0,0.0,0.0,0.0,0.0,0.9,0,geo,geo,geo,1
0.95,0.05,0.01,0.01,0.01,0.01,0.01,0.01,0.01,0.01,0.01,0.01,0.0,0.0,0.0,0.9,0,party_host,party_host,party_host,1
0.95,0.05,0.0,0.0,0.0,0.0,0.0,0.0,0.0,0.0,0.0,0.0,0.0,0.0,0.0,0.9,0,geo,geo,geo,1
0.99,0.98,0.97,0.96,0.95,0.94,0.93,0.92,0.91,0.9,0.89,0.88,0.87,0.86,0.85,0.01,1,geo,geo,geo,1
0.95,0.05,0.0,0.0,0.0,0.0,0.0,0.0,0.0,0.0,0.0,0.0,0.0,0.0,0.0,0.9,0,party_host,party_host,party_host,1
0.95,0.01,0.01,0.01,0.01,0.01,0.01,0.01,0.01,0.01,0.01,0.0,0.0,0.0,0.0,0.94,0,geo,geo,geo,1
0.95,0.4,0.3,0.3,0.2,0.2,0.1,0.1,0.1,0.0,0.0,0.0,0.0,0.0,0.0,0.55,0,party_people,party_people,party_people,1
0.95,0.9,0.85,0.8,0.75,0.65,0.3,0.2,0.1,0.05,0.0,0.0,0.0,0.0,0.0,0.05,1,party_people,party_people,party_people,1
0.95,0.85,0.2,0.2,0.2,0.1,0.1,0.1,0.1,0.1,0.1,0.0,0.0,0.0,0.0,0.1,1,party_people,party_people,party_people,1
0.95,0.75,0.7,0.05,0.0,0.0,0.0,0.0,0.0,0.0,0.0,0.0,0.0,0.0,0.0,0.2,1,geo,geo,geo,1
0.95,0.75,0.7,0.1,0.05,0.05,0.05,0.05,0.05,0.0,0.0,0.0,0.0,0.0,0.0,0.2,1,geo,geo,geo,1
0.95,0.85,0.8,0.75,0.7,0.65,0.6,0.5,0.2,0.15,0.1,0.1,0.0,0.0,0.0,0.1,1,party_people,party_people,party_people,1
0.95,0.6,0.5,0.1,0.05,0.05,0.05,0.05,0.0,0.0,0.0,0.0,0.0,0.0,0.0,0.35,0,geo,geo,geo,1
0.95,0.05,0.01,0.01,0.01,0.01,0.01,0.01,0.01,0.01,0.01,0.01,0.01,0.0,0.0,0.9,0,party_people,party_people,party_people,1
0.95,0.05,0.0,0.0,0.0,0.0,0.0,0.0,0.0,0.0,0.0,0.0,0.0,0.0,0.0,0.9,0,geo,geo,geo,1
0.95,0.15,0.1,0.08,0.06,0.05,0.05,0.04,0.03,0.02,0.01,0.01,0.0,0.0,0.0,0.8,0,party_people,party_people,party_people,1
0.85,0.6,0.4,0.3,0.1,0.1,0.05,0.0,0.0,0.0,0.0,0.0,0.0,0.0,0.0,0.25,0,geo,geo,geo,1
0.9,0.8,0.2,0.2,0.1,0.1,0.1,0.1,0.05,0.05,0.0,0.0,0.0,0.0,0.0,0.1,1,party_people,party_people,party_people,1
0.9,0.05,0.01,0.01,0.01,0.01,0.01,0.0,0.0,0.0,0.0,0.0,0.0,0.0,0.0,0.85,0,geo,geo,geo,1
0.95,0.1,0.1,0.1,0.05,0.05,0.05,0.05,0.05,0.05,0.05,0.0,0.0,0.0,0.0,0.85,0,party_people,party_people,party_people,1
0.95,0.85,0.75,0.15,0.1,0.1,0.05,0.05,0.0,0.0,0.0,0.0,0.0,0.0,0.0,0.1,1,geo,geo,geo,1
0.95,0.7,0.6,0.5,0.3,0.2,0.2,0.1,0.0,0.0,0.0,0.0,0.0,0.0,0.0,0.25,0,party_people,party_people,party_people,1
0.95,0.05,0.0,0.0,0.0,0.0,0.0,0.0,0.0,0.0,0.0,0.0,0.0,0.0,0.0,0.9,0,geo,geo,geo,1
0.95,0.85,0.75,0.7,0.65,0.6,0.55,0.5,0.4,0.0,0.0,0.0,0.0,0.0,0.0,0.1,1,party_people,party_people,party_people,1
0.95,0.05,0.0,0.0,0.0,0.0,0.0,0.0,0.0,0.0,0.0,0.0,0.0,0.0,0.0,0.9,0,geo,geo,geo,1
0.95,0.85,0.1,0.0,0.0,0.0,0.0,0.0,0.0,0.0,0.0,0.0,0.0,0.0,0.0,0.1,1,geo,geo,geo,1
0.85,0.1,0.0,0.0,0.0,0.0,0.0,0.0,0.0,0.0,0.0,0.0,0.0,0.0,0.0,0.75,0,geo,geo,geo,1
0.95,0.85,0.75,0.65,0.55,0.45,0.35,0.25,0.15,0.0,0.0,0.0,0.0,0.0,0.0,0.1,1,party_people,party_people,party_people,1
0.85,0.75,0.25,0.2,0.15,0.1,0.1,0.1,0.05,0.05,0.05,0.0,0.0,0.0,0.0,0.1,1,party_people,party_host,party_people,0
0.95,0.85,0.6,0.5,0.1,0.1,0.1,0.1,0.1,0.05,0.05,0.0,0.0,0.0,0.0,0.1,1,party_people,party_people,party_host,1
0.85,0.1,0.1,0.05,0.05,0.05,0.05,0.0,0.0,0.0,0.0,0.0,0.0,0.0,0.0,0.75,0,geo,geo,geo,1
0.9,0.1,0.05,0.05,0.05,0.05,0.0,0.0,0.0,0.0,0.0,0.0,0.0,0.0,0.0,0.8,0,geo,geo,geo,1
0.95,0.9,0.7,0.6,0.4,0.3,0.2,0.2,0.1,0.05,0.05,0.0,0.0,0.0,0.0,0.05,1,party_people,party_people,party_host,1
0.95,0.01,0.0,0.0,0.0,0.0,0.0,0.0,0.0,0.0,0.0,0.0,0.0,0.0,0.0,0.94,0,geo,geo,geo,1
0.9,0.85,0.75,0.7,0.65,0.55,0.5,0.4,0.3,0.1,0.0,0.0,0.0,0.0,0.0,0.05,1,party_people,party_people,solvency_ii,1
0.85,0.2,0.1,0.05,0.05,0.0,0.0,0.0,0.0,0.0,0.0,0.0,0.0,0.0,0.0,0.65,0,geo,geo,geo,1
0.9,0.15,0.1,0.1,0.05,0.05,0.05,0.05,0.05,0.0,0.0,0.0,0.0,0.0,0.0,0.75,0,party_people,party_people,party_people,1
0.85,0.75,0.7,0.65,0.6,0.5,0.4,0.3,0.1,0.0,0.0,0.0,0.0,0.0,0.0,0.1,1,party_people,party_people,solvency_ii,1
0.95,0.05,0.0,0.0,0.0,0.0,0.0,0.0,0.0,0.0,0.0,0.0,0.0,0.0,0.0,0.9,0,geo,geo,geo,1
0.95,0.0,0.0,0.0,0.0,0.0,0.0,0.0,0.0,0.0,0.0,0.0,0.0,0.0,0.0,0.95,0,geo,geo,geo,1
0.95,0.85,0.1,0.1,0.05,0.05,0.05,0.05,0.05,0.0,0.0,0.0,0.0,0.0,0.0,0.1,1,party_people,party_people,party_people,1
0.95,0.05,0.0,0.0,0.0,0.0,0.0,0.0,0.0,0.0,0.0,0.0,0.0,0.0,0.0,0.9,0,geo,geo,geo,1
0.9,0.85,0.8,0.75,0.7,0.6,0.1,0.1,0.0,0.0,0.0,0.0,0.0,0.0,0.0,0.05,1,party_people,solvency_ii,solvency_ii,0
0.95,0.0,0.0,0.0,0.0,0.0,0.0,0.0,0.0,0.0,0.0,0.0,0.0,0.0,0.0,0.95,0,geo,geo,geo,1
0.85,0.75,0.4,0.3,0.2,0.15,0.1,0.1,0.05,0.0,0.0,0.0,0.0,0.0,0.0,0.1,1,party_people,party_host,party_people,0
0.6,0.2,0.1,0.05,0.05,0.0,0.0,0.0,0.0,0.0,0.0,0.0,0.0,0.0,0.0,0.4,0,party_people,party_people,solvency_ii,1
0.95,0.0,0.0,0.0,0.0,0.0,0.0,0.0,0.0,0.0,0.0,0.0,0.0,0.0,0.0,0.95,0,geo,geo,geo,1
0.7,0.6,0.6,0.1,0.05,0.05,0.0,0.0,0.0,0.0,0.0,0.0,0.0,0.0,0.0,0.1,1,party_people,party_people,solvency_ii,1
0.95,0.05,0.0,0.0,0.0,0.0,0.0,0.0,0.0,0.0,0.0,0.0,0.0,0.0,0.0,0.9,0,geo,geo,geo,1
0.85,0.8,0.75,0.15,0.1,0.1,0.05,0.05,0.05,0.0,0.0,0.0,0.0,0.0,0.0,0.05,1,performance_attendance,yelp,performance_attendance,0
0.95,0.0,0.0,0.0,0.0,0.0,0.0,0.0,0.0,0.0,0.0,0.0,0.0,0.0,0.0,0.95,0,geo,geo,geo,1
0.95,0.05,0.0,0.0,0.0,0.0,0.0,0.0,0.0,0.0,0.0,0.0,0.0,0.0,0.0,0.9,0,geo,geo,geo,1
0.95,0.85,0.75,0.25,0.2,0.15,0.1,0.1,0.05,0.05,0.05,0.0,0.0,0.0,0.0,0.1,1,performance_attendance,performance_attendance,performance_attendance,1
0.95,0.05,0.0,0.0,0.0,0.0,0.0,0.0,0.0,0.0,0.0,0.0,0.0,0.0,0.0,0.9,0,geo,geo,geo,1
0.95,0.6,0.1,0.1,0.05,0.05,0.05,0.05,0.05,0.05,0.0,0.0,0.0,0.0,0.0,0.35,0,performance_attendance,performance_attendance,performance_attendance,1
0.95,0.25,0.2,0.15,0.1,0.1,0.05,0.0,0.0,0.0,0.0,0.0,0.0,0.0,0.0,0.7,0,performance_attendance,performance_attendance,performance_attendance,1
0.95,0.05,0.05,0.05,0.05,0.05,0.05,0.05,0.05,0.05,0.05,0.05,0.0,0.0,0.0,0.9,0,performance_attendance,performance_attendance,performance_attendance,1
0.95,0.05,0.0,0.0,0.0,0.0,0.0,0.0,0.0,0.0,0.0,0.0,0.0,0.0,0.0,0.9,0,geo,geo,geo,1
0.95,0.05,0.0,0.0,0.0,0.0,0.0,0.0,0.0,0.0,0.0,0.0,0.0,0.0,0.0,0.9,0,geo,geo,geo,1
0.95,0.85,0.1,0.05,0.01,0.01,0.01,0.01,0.01,0.01,0.01,0.01,0.01,0.0,0.0,0.1,1,performance_attendance,performance_attendance,performance_attendance,1
0.95,0.0,0.0,0.0,0.0,0.0,0.0,0.0,0.0,0.0,0.0,0.0,0.0,0.0,0.0,0.95,0,geo,geo,geo,1
0.95,0.05,0.0,0.0,0.0,0.0,0.0,0.0,0.0,0.0,0.0,0.0,0.0,0.0,0.0,0.9,0,geo,geo,geo,1
0.95,0.75,0.2,0.2,0.1,0.1,0.1,0.1,0.1,0.1,0.1,0.05,0.05,0.0,0.0,0.2,1,performance_attendance,performance_attendance,performance_attendance,1
0.95,0.2,0.1,0.05,0.0,0.0,0.0,0.0,0.0,0.0,0.0,0.0,0.0,0.0,0.0,0.75,0,geo,geo,geo,1
0.95,0.2,0.15,0.1,0.05,0.05,0.05,0.05,0.01,0.01,0.01,0.01,0.0,0.0,0.0,0.75,0,performance_attendance,performance_attendance,performance_attendance,1
0.95,0.75,0.7,0.6,0.4,0.1,0.05,0.05,0.05,0.0,0.0,0.0,0.0,0.0,0.0,0.2,1,perpetrator,perpetrator,perpetrator,1
0.95,0.75,0.75,0.75,0.75,0.05,0.05,0.05,0.0,0.0,0.0,0.0,0.0,0.0,0.0,0.2,1,perpetrator,perpetrator,perpetrator,1
0.95,0.05,0.05,0.0,0.0,0.0,0.0,0.0,0.0,0.0,0.0,0.0,0.0,0.0,0.0,0.9,0,geo,geo,geo,1
1.0,0.0,0.0,0.0,0.0,0.0,0.0,0.0,0.0,0.0,0.0,0.0,0.0,0.0,0.0,1.0,0,geo,geo,geo,1
0.95,0.7,0.1,0.05,0.0,0.0,0.0,0.0,0.0,0.0,0.0,0.0,0.0,0.0,0.0,0.25,0,geo,geo,geo,1
0.95,0.85,0.2,0.15,0.1,0.05,0.05,0.05,0.0,0.0,0.0,0.0,0.0,0.0,0.0,0.1,1,perpetrator,perpetrator,perpetrator,1
0.95,0.9,0.85,0.8,0.75,0.7,0.1,0.1,0.0,0.0,0.0,0.0,0.0,0.0,0.0,0.05,1,perpetrator,perpetrator,perpetrator,1
0.95,0.1,0.05,0.0,0.0,0.0,0.0,0.0,0.0,0.0,0.0,0.0,0.0,0.0,0.0,0.85,0,geo,geo,geo,1
1.0,0.0,0.0,0.0,0.0,0.0,0.0,0.0,0.0,0.0,0.0,0.0,0.0,0.0,0.0,1.0,0,geo,geo,geo,1
0.85,0.75,0.65,0.6,0.55,0.5,0.05,0.05,0.0,0.0,0.0,0.0,0.0,0.0,0.0,0.1,1,perpetrator,perpetrator,perpetrator,1
0.9,0.7,0.3,0.2,0.2,0.1,0.1,0.1,0.1,0.1,0.1,0.1,0.1,0.1,0.05,0.2,0,perpetrator,perpetrator,perpetrator,1
0.95,0.05,0.0,0.0,0.0,0.0,0.0,0.0,0.0,0.0,0.0,0.0,0.0,0.0,0.0,0.9,0,geo,geo,geo,1
0.95,0.05,0.0,0.0,0.0,0.0,0.0,0.0,0.0,0.0,0.0,0.0,0.0,0.0,0.0,0.9,0,geo,geo,geo,1
0.9,0.85,0.85,0.85,0.8,0.2,0.2,0.1,0.1,0.05,0.0,0.0,0.0,0.0,0.0,0.05,1,perpetrator,perpetrator,network_2,1
0.95,0.05,0.0,0.0,0.0,0.0,0.0,0.0,0.0,0.0,0.0,0.0,0.0,0.0,0.0,0.9,0,geo,geo,geo,1
0.9,0.1,0.05,0.05,0.05,0.05,0.0,0.0,0.0,0.0,0.0,0.0,0.0,0.0,0.0,0.8,0,geo,geo,geo,1
0.95,0.1,0.1,0.05,0.01,0.01,0.01,0.01,0.01,0.0,0.0,0.0,0.0,0.0,0.0,0.85,0,perpetrator,perpetrator,perpetrator,1
0.9,0.3,0.2,0.1,0.05,0.05,0.05,0.0,0.0,0.0,0.0,0.0,0.0,0.0,0.0,0.6,0,perpetrator,perpetrator,perpetrator,1
0.95,0.75,0.75,0.75,0.75,0.05,0.05,0.0,0.0,0.0,0.0,0.0,0.0,0.0,0.0,0.2,1,perpetrator,perpetrator,perpetrator,1
0.95,0.05,0.0,0.0,0.0,0.0,0.0,0.0,0.0,0.0,0.0,0.0,0.0,0.0,0.0,0.9,0,geo,geo,geo,1
0.85,0.75,0.6,0.6,0.6,0.6,0.6,0.6,0.3,0.2,0.2,0.1,0.1,0.05,0.05,0.1,1,perpetrator,chicago_crime,perpetrator,0
0.95,0.15,0.1,0.05,0.05,0.0,0.0,0.0,0.0,0.0,0.0,0.0,0.0,0.0,0.0,0.8,0,geo,geo,geo,1
0.95,0.0,0.0,0.0,0.0,0.0,0.0,0.0,0.0,0.0,0.0,0.0,0.0,0.0,0.0,0.95,0,phone_1,phone_1,phone_1,1
0.95,0.7,0.2,0.1,0.05,0.01,0.0,0.0,0.0,0.0,0.0,0.0,0.0,0.0,0.0,0.25,0,geo,geo,geo,1
0.95,0.2,0.1,0.05,0.0,0.0,0.0,0.0,0.0,0.0,0.0,0.0,0.0,0.0,0.0,0.75,0,geo,geo,geo,1
0.95,0.05,0.01,0.01,0.01,0.01,0.01,0.01,0.01,0.01,0.01,0.01,0.0,0.0,0.0,0.9,0,phone_1,phone_1,phone_1,1
0.95,0.15,0.1,0.05,0.0,0.0,0.0,0.0,0.0,0.0,0.0,0.0,0.0,0.0,0.0,0.8,0,geo,geo,geo,1
0.95,0.05,0.0,0.0,0.0,0.0,0.0,0.0,0.0,0.0,0.0,0.0,0.0,0.0,0.0,0.9,0,phone_1,phone_1,phone_1,1
0.95,0.9,0.85,0.8,0.05,0.0,0.0,0.0,0.0,0.0,0.0,0.0,0.0,0.0,0.0,0.05,1,geo,geo,geo,1
0.95,0.05,0.01,0.01,0.01,0.01,0.01,0.01,0.01,0.01,0.01,0.0,0.0,0.0,0.0,0.9,0,phone_1,phone_1,phone_1,1
0.95,0.05,0.01,0.01,0.01,0.01,0.01,0.01,0.01,0.01,0.01,0.01,0.0,0.0,0.0,0.9,0,phone_1,phone_1,phone_1,1
0.95,0.05,0.0,0.0,0.0,0.0,0.0,0.0,0.0,0.0,0.0,0.0,0.0,0.0,0.0,0.9,0,phone_1,phone_1,phone_1,1
0.95,0.9,0.85,0.8,0.05,0.0,0.0,0.0,0.0,0.0,0.0,0.0,0.0,0.0,0.0,0.05,1,geo,geo,geo,1
0.95,0.05,0.05,0.0,0.0,0.0,0.0,0.0,0.0,0.0,0.0,0.0,0.0,0.0,0.0,0.9,0,phone_1,phone_1,phone_1,1
0.95,0.75,0.3,0.25,0.2,0.15,0.1,0.1,0.05,0.0,0.0,0.0,0.0,0.0,0.0,0.2,1,geo,world_1,world_1,0
0.95,0.85,0.8,0.75,0.7,0.65,0.55,0.35,0.05,0.0,0.0,0.0,0.0,0.0,0.0,0.1,1,geo,world_1,world_1,0
0.95,0.1,0.05,0.01,0.01,0.01,0.0,0.0,0.0,0.0,0.0,0.0,0.0,0.0,0.0,0.85,0,geo,geo,geo,1
0.95,0.05,0.0,0.0,0.0,0.0,0.0,0.0,0.0,0.0,0.0,0.0,0.0,0.0,0.0,0.9,0,geo,geo,geo,1
0.95,0.0,0.0,0.0,0.0,0.0,0.0,0.0,0.0,0.0,0.0,0.0,0.0,0.0,0.0,0.95,0,phone_1,phone_1,phone_1,1
0.95,0.05,0.0,0.0,0.0,0.0,0.0,0.0,0.0,0.0,0.0,0.0,0.0,0.0,0.0,0.9,0,phone_1,phone_1,phone_1,1
0.95,0.0,0.0,0.0,0.0,0.0,0.0,0.0,0.0,0.0,0.0,0.0,0.0,0.0,0.0,0.95,0,geo,geo,geo,1
0.95,0.05,0.05,0.0,0.0,0.0,0.0,0.0,0.0,0.0,0.0,0.0,0.0,0.0,0.0,0.9,0,phone_1,phone_1,phone_1,1
0.9,0.1,0.0,0.0,0.0,0.0,0.0,0.0,0.0,0.0,0.0,0.0,0.0,0.0,0.0,0.8,0,geo,geo,geo,1
0.95,0.05,0.0,0.0,0.0,0.0,0.0,0.0,0.0,0.0,0.0,0.0,0.0,0.0,0.0,0.9,0,phone_1,phone_1,phone_1,1
0.95,0.05,0.0,0.0,0.0,0.0,0.0,0.0,0.0,0.0,0.0,0.0,0.0,0.0,0.0,0.9,0,geo,geo,geo,1
0.95,0.01,0.01,0.0,0.0,0.0,0.0,0.0,0.0,0.0,0.0,0.0,0.0,0.0,0.0,0.94,0,phone_1,phone_1,phone_1,1
0.9,0.05,0.01,0.01,0.01,0.01,0.0,0.0,0.0,0.0,0.0,0.0,0.0,0.0,0.0,0.85,0,phone_1,phone_1,phone_1,1
0.95,0.1,0.05,0.0,0.0,0.0,0.0,0.0,0.0,0.0,0.0,0.0,0.0,0.0,0.0,0.85,0,geo,geo,geo,1
0.95,0.05,0.0,0.0,0.0,0.0,0.0,0.0,0.0,0.0,0.0,0.0,0.0,0.0,0.0,0.9,0,phone_1,phone_1,phone_1,1
0.95,0.05,0.0,0.0,0.0,0.0,0.0,0.0,0.0,0.0,0.0,0.0,0.0,0.0,0.0,0.9,0,geo,geo,geo,1
0.95,0.05,0.0,0.0,0.0,0.0,0.0,0.0,0.0,0.0,0.0,0.0,0.0,0.0,0.0,0.9,0,geo,geo,geo,1
0.95,0.05,0.01,0.01,0.01,0.01,0.01,0.01,0.01,0.0,0.0,0.0,0.0,0.0,0.0,0.9,0,phone_1,phone_1,phone_1,1
0.95,0.05,0.0,0.0,0.0,0.0,0.0,0.0,0.0,0.0,0.0,0.0,0.0,0.0,0.0,0.9,0,phone_market,phone_market,phone_market,1
0.9,0.05,0.05,0.01,0.01,0.01,0.01,0.01,0.01,0.01,0.0,0.0,0.0,0.0,0.0,0.85,0,phone_market,phone_market,phone_market,1
0.95,0.05,0.0,0.0,0.0,0.0,0.0,0.0,0.0,0.0,0.0,0.0,0.0,0.0,0.0,0.9,0,geo,geo,geo,1
0.95,0.7,0.2,0.1,0.1,0.1,0.05,0.05,0.05,0.0,0.0,0.0,0.0,0.0,0.0,0.25,0,phone_market,phone_market,phone_market,1
0.95,0.01,0.01,0.01,0.01,0.01,0.01,0.01,0.0,0.0,0.0,0.0,0.0,0.0,0.0,0.94,0,geo,geo,geo,1
0.95,0.05,0.02,0.01,0.01,0.01,0.01,0.01,0.01,0.0,0.0,0.0,0.0,0.0,0.0,0.9,0,phone_market,phone_market,phone_market,1
0.95,0.05,0.0,0.0,0.0,0.0,0.0,0.0,0.0,0.0,0.0,0.0,0.0,0.0,0.0,0.9,0,geo,geo,geo,1
0.95,0.0,0.0,0.0,0.0,0.0,0.0,0.0,0.0,0.0,0.0,0.0,0.0,0.0,0.0,0.95,0,geo,geo,geo,1
0.95,0.85,0.7,0.3,0.2,0.15,0.1,0.1,0.1,0.1,0.05,0.0,0.0,0.0,0.0,0.1,1,phone_market,phone_market,phone_market,1
0.95,0.85,0.75,0.05,0.01,0.01,0.01,0.01,0.01,0.01,0.01,0.01,0.01,0.0,0.0,0.1,1,phone_market,phone_market,phone_market,1
0.95,0.05,0.0,0.0,0.0,0.0,0.0,0.0,0.0,0.0,0.0,0.0,0.0,0.0,0.0,0.9,0,geo,geo,geo,1
0.95,0.02,0.01,0.01,0.01,0.01,0.01,0.0,0.0,0.0,0.0,0.0,0.0,0.0,0.0,0.93,0,geo,geo,geo,1
0.95,0.85,0.75,0.25,0.2,0.15,0.1,0.1,0.05,0.05,0.05,0.0,0.0,0.0,0.0,0.1,1,phone_market,phone_market,phone_market,1
0.95,0.05,0.0,0.0,0.0,0.0,0.0,0.0,0.0,0.0,0.0,0.0,0.0,0.0,0.0,0.9,0,geo,geo,geo,1
0.95,0.1,0.1,0.05,0.05,0.01,0.01,0.01,0.01,0.01,0.01,0.01,0.0,0.0,0.0,0.85,0,phone_market,phone_market,phone_market,1
0.95,0.05,0.0,0.0,0.0,0.0,0.0,0.0,0.0,0.0,0.0,0.0,0.0,0.0,0.0,0.9,0,geo,geo,geo,1
0.95,0.85,0.1,0.1,0.1,0.1,0.05,0.05,0.05,0.05,0.05,0.0,0.0,0.0,0.0,0.1,1,pilot_record,aircraft,pilot_record,0
0.95,0.05,0.0,0.0,0.0,0.0,0.0,0.0,0.0,0.0,0.0,0.0,0.0,0.0,0.0,0.9,0,geo,geo,geo,1
0.95,0.1,0.0,0.0,0.0,0.0,0.0,0.0,0.0,0.0,0.0,0.0,0.0,0.0,0.0,0.85,0,geo,geo,geo,1
0.9,0.1,0.05,0.05,0.05,0.05,0.05,0.05,0.05,0.0,0.0,0.0,0.0,0.0,0.0,0.8,0,pilot_record,pilot_record,pilot_record,1
0.95,0.75,0.3,0.2,0.1,0.05,0.05,0.05,0.01,0.01,0.01,0.01,0.01,0.01,0.0,0.2,1,pilot_record,pilot_record,pilot_record,1
0.95,0.1,0.1,0.05,0.0,0.0,0.0,0.0,0.0,0.0,0.0,0.0,0.0,0.0,0.0,0.85,0,geo,geo,geo,1
0.95,0.0,0.0,0.0,0.0,0.0,0.0,0.0,0.0,0.0,0.0,0.0,0.0,0.0,0.0,0.95,0,geo,geo,geo,1
0.95,0.05,0.05,0.05,0.01,0.01,0.01,0.01,0.01,0.01,0.01,0.01,0.0,0.0,0.0,0.9,0,pilot_record,pilot_record,pilot_record,1
0.95,0.1,0.1,0.1,0.05,0.05,0.05,0.05,0.05,0.05,0.05,0.05,0.05,0.05,0.0,0.85,0,pilot_record,pilot_record,pilot_record,1
0.9,0.05,0.01,0.01,0.01,0.01,0.01,0.0,0.0,0.0,0.0,0.0,0.0,0.0,0.0,0.85,0,geo,geo,geo,1
0.95,0.05,0.0,0.0,0.0,0.0,0.0,0.0,0.0,0.0,0.0,0.0,0.0,0.0,0.0,0.9,0,geo,geo,geo,1
0.95,0.05,0.0,0.0,0.0,0.0,0.0,0.0,0.0,0.0,0.0,0.0,0.0,0.0,0.0,0.9,0,geo,geo,geo,1
0.95,0.2,0.15,0.15,0.1,0.05,0.0,0.0,0.0,0.0,0.0,0.0,0.0,0.0,0.0,0.75,0,pilot_record,pilot_record,pilot_record,1
0.95,0.7,0.6,0.4,0.3,0.2,0.2,0.2,0.2,0.1,0.1,0.1,0.1,0.0,0.0,0.25,0,pilot_record,pilot_record,pilot_record,1
0.9,0.85,0.8,0.8,0.75,0.7,0.6,0.05,0.0,0.0,0.0,0.0,0.0,0.0,0.0,0.05,1,product_catalog,product_catalog,e_commerce,1
0.95,0.05,0.0,0.0,0.0,0.0,0.0,0.0,0.0,0.0,0.0,0.0,0.0,0.0,0.0,0.9,0,geo,geo,geo,1
0.95,0.05,0.0,0.0,0.0,0.0,0.0,0.0,0.0,0.0,0.0,0.0,0.0,0.0,0.0,0.9,0,geo,geo,geo,1
0.95,0.0,0.0,0.0,0.0,0.0,0.0,0.0,0.0,0.0,0.0,0.0,0.0,0.0,0.0,0.95,0,geo,geo,geo,1
0.85,0.7,0.6,0.4,0.3,0.2,0.2,0.1,0.1,0.05,0.0,0.0,0.0,0.0,0.0,0.15,1,product_catalog,product_catalog,entrepreneur,1
0.95,0.85,0.6,0.4,0.05,0.05,0.05,0.0,0.0,0.0,0.0,0.0,0.0,0.0,0.0,0.1,1,product_catalog,product_catalog,protein_institute,1
0.95,0.1,0.05,0.01,0.01,0.01,0.01,0.01,0.01,0.01,0.01,0.01,0.01,0.01,0.0,0.85,0,pilot_record,pilot_record,pilot_record,1
0.85,0.3,0.2,0.1,0.1,0.1,0.05,0.05,0.05,0.05,0.05,0.0,0.0,0.0,0.0,0.55,0,product_catalog,store_product,phone_market,0
0.95,0.05,0.05,0.01,0.01,0.01,0.01,0.01,0.0,0.0,0.0,0.0,0.0,0.0,0.0,0.9,0,geo,geo,geo,1
0.95,0.05,0.05,0.01,0.01,0.01,0.01,0.01,0.0,0.0,0.0,0.0,0.0,0.0,0.0,0.9,0,geo,geo,geo,1
0.95,0.05,0.0,0.0,0.0,0.0,0.0,0.0,0.0,0.0,0.0,0.0,0.0,0.0,0.0,0.9,0,geo,geo,geo,1
0.9,0.7,0.1,0.05,0.05,0.05,0.05,0.05,0.05,0.0,0.0,0.0,0.0,0.0,0.0,0.2,0,product_catalog,product_catalog,product_catalog,1
0.85,0.8,0.8,0.75,0.75,0.75,0.75,0.7,0.65,0.55,0.5,0.5,0.45,0.2,0.1,0.05,1,product_catalog,product_catalog,product_catalog,1
0.95,0.7,0.3,0.2,0.1,0.1,0.05,0.0,0.0,0.0,0.0,0.0,0.0,0.0,0.0,0.25,0,geo,geo,geo,1
1.0,0.0,0.0,0.0,0.0,0.0,0.0,0.0,0.0,0.0,0.0,0.0,0.0,0.0,0.0,1.0,0,product_catalog,product_catalog,product_catalog,1
0.95,0.0,0.0,0.0,0.0,0.0,0.0,0.0,0.0,0.0,0.0,0.0,0.0,0.0,0.0,0.95,0,geo,geo,geo,1
0.95,0.01,0.01,0.01,0.01,0.01,0.01,0.01,0.0,0.0,0.0,0.0,0.0,0.0,0.0,0.94,0,product_catalog,product_catalog,product_catalog,1
0.95,0.0,0.0,0.0,0.0,0.0,0.0,0.0,0.0,0.0,0.0,0.0,0.0,0.0,0.0,0.95,0,geo,geo,geo,1
0.95,0.0,0.0,0.0,0.0,0.0,0.0,0.0,0.0,0.0,0.0,0.0,0.0,0.0,0.0,0.95,0,product_catalog,product_catalog,product_catalog,1
0.95,0.01,0.0,0.0,0.0,0.0,0.0,0.0,0.0,0.0,0.0,0.0,0.0,0.0,0.0,0.94,0,geo,geo,geo,1
0.95,0.05,0.05,0.0,0.0,0.0,0.0,0.0,0.0,0.0,0.0,0.0,0.0,0.0,0.0,0.9,0,geo,geo,geo,1
0.95,0.1,0.05,0.05,0.05,0.05,0.05,0.05,0.05,0.0,0.0,0.0,0.0,0.0,0.0,0.85,0,product_catalog,product_catalog,product_catalog,1
0.95,0.05,0.0,0.0,0.0,0.0,0.0,0.0,0.0,0.0,0.0,0.0,0.0,0.0,0.0,0.9,0,geo,geo,geo,1
0.95,0.01,0.01,0.01,0.01,0.01,0.01,0.0,0.0,0.0,0.0,0.0,0.0,0.0,0.0,0.94,0,geo,geo,geo,1
0.95,0.1,0.05,0.05,0.05,0.05,0.05,0.05,0.0,0.0,0.0,0.0,0.0,0.0,0.0,0.85,0,product_catalog,product_catalog,product_catalog,1
0.95,0.01,0.01,0.01,0.01,0.01,0.01,0.0,0.0,0.0,0.0,0.0,0.0,0.0,0.0,0.94,0,geo,geo,geo,1
0.85,0.1,0.05,0.05,0.05,0.05,0.05,0.0,0.0,0.0,0.0,0.0,0.0,0.0,0.0,0.75,0,product_catalog,product_catalog,product_catalog,1
0.85,0.8,0.8,0.75,0.7,0.65,0.6,0.3,0.2,0.05,0.0,0.0,0.0,0.0,0.0,0.05,1,product_catalog,products_gen_characteristics,e_commerce,0
0.85,0.75,0.65,0.4,0.3,0.2,0.15,0.1,0.05,0.0,0.0,0.0,0.0,0.0,0.0,0.1,1,product_catalog,store_product,e_commerce,0
0.95,0.02,0.01,0.01,0.01,0.01,0.01,0.01,0.01,0.0,0.0,0.0,0.0,0.0,0.0,0.93,0,geo,geo,geo,1
0.95,0.7,0.1,0.05,0.04,0.03,0.02,0.01,0.01,0.0,0.0,0.0,0.0,0.0,0.0,0.25,0,product_catalog,product_catalog,product_catalog,1
0.95,0.01,0.0,0.0,0.0,0.0,0.0,0.0,0.0,0.0,0.0,0.0,0.0,0.0,0.0,0.94,0,geo,geo,geo,1
0.3,0.2,0.2,0.1,0.0,0.0,0.0,0.0,0.0,0.0,0.0,0.0,0.0,0.0,0.0,0.1,1,product_catalog,codebase_community,bike_1,0
0.95,0.9,0.85,0.05,0.0,0.0,0.0,0.0,0.0,0.0,0.0,0.0,0.0,0.0,0.0,0.05,1,geo,mondial_geo,geo,0
0.95,0.95,0.95,0.95,0.95,0.95,0.95,0.9,0.7,0.7,0.1,0.0,0.0,0.0,0.0,0.0,1,product_catalog,store_product,store_product,0
0.95,0.9,0.85,0.1,0.05,0.05,0.05,0.05,0.05,0.0,0.0,0.0,0.0,0.0,0.0,0.05,1,geo,geo,climbing,1
1.0,0.0,0.0,0.0,0.0,0.0,0.0,0.0,0.0,0.0,0.0,0.0,0.0,0.0,0.0,1.0,0,product_catalog,product_catalog,product_catalog,1
0.95,0.0,0.0,0.0,0.0,0.0,0.0,0.0,0.0,0.0,0.0,0.0,0.0,0.0,0.0,0.95,0,product_catalog,product_catalog,product_catalog,1
0.95,0.85,0.8,0.75,0.1,0.1,0.1,0.05,0.05,0.0,0.0,0.0,0.0,0.0,0.0,0.1,1,geo,world_1,world_1,0
0.7,0.2,0.2,0.1,0.1,0.1,0.1,0.1,0.1,0.0,0.0,0.0,0.0,0.0,0.0,0.5,0,product_catalog,epinions_1,product_catalog,0
0.95,0.05,0.0,0.0,0.0,0.0,0.0,0.0,0.0,0.0,0.0,0.0,0.0,0.0,0.0,0.9,0,geo,geo,geo,1
0.85,0.6,0.0,0.0,0.0,0.0,0.0,0.0,0.0,0.0,0.0,0.0,0.0,0.0,0.0,0.25,0,product_catalog,music_platform_2,product_catalog,0
0.95,0.1,0.05,0.05,0.05,0.05,0.0,0.0,0.0,0.0,0.0,0.0,0.0,0.0,0.0,0.85,0,geo,geo,geo,1
0.9,0.88,0.85,0.1,0.05,0.05,0.05,0.05,0.05,0.05,0.0,0.0,0.0,0.0,0.0,0.02,1,geo,geo,climbing,1
0.9,0.85,0.8,0.8,0.75,0.75,0.7,0.7,0.65,0.6,0.0,0.0,0.0,0.0,0.0,0.05,1,products_for_hire,financial,products_for_hire,0
0.95,0.75,0.7,0.05,0.0,0.0,0.0,0.0,0.0,0.0,0.0,0.0,0.0,0.0,0.0,0.2,1,geo,geo,geo,1
0.95,0.0,0.0,0.0,0.0,0.0,0.0,0.0,0.0,0.0,0.0,0.0,0.0,0.0,0.0,0.95,0,geo,geo,geo,1
0.95,0.0,0.0,0.0,0.0,0.0,0.0,0.0,0.0,0.0,0.0,0.0,0.0,0.0,0.0,0.95,0,geo,geo,geo,1
0.95,0.0,0.0,0.0,0.0,0.0,0.0,0.0,0.0,0.0,0.0,0.0,0.0,0.0,0.0,0.95,0,geo,geo,geo,1
0.95,0.15,0.12,0.1,0.08,0.07,0.05,0.05,0.03,0.02,0.01,0.01,0.0,0.0,0.0,0.8,0,products_for_hire,products_for_hire,products_for_hire,1
0.85,0.8,0.75,0.7,0.65,0.6,0.6,0.55,0.5,0.4,0.3,0.1,0.0,0.0,0.0,0.05,1,products_for_hire,insurance_policies,cre_Drama_Workshop_Groups,0
0.95,0.85,0.1,0.1,0.05,0.01,0.01,0.01,0.01,0.01,0.0,0.0,0.0,0.0,0.0,0.1,1,products_for_hire,products_for_hire,products_for_hire,1
0.95,0.0,0.0,0.0,0.0,0.0,0.0,0.0,0.0,0.0,0.0,0.0,0.0,0.0,0.0,0.95,0,geo,geo,geo,1
0.95,0.0,0.0,0.0,0.0,0.0,0.0,0.0,0.0,0.0,0.0,0.0,0.0,0.0,0.0,0.95,0,geo,geo,geo,1
0.95,0.85,0.8,0.75,0.7,0.7,0.7,0.65,0.6,0.6,0.55,0.5,0.0,0.0,0.0,0.1,1,products_for_hire,customers_and_invoices,products_for_hire,0
0.95,0.05,0.05,0.02,0.02,0.02,0.01,0.01,0.01,0.01,0.0,0.0,0.0,0.0,0.0,0.9,0,products_for_hire,products_for_hire,products_for_hire,1
0.95,0.7,0.6,0.05,0.01,0.01,0.01,0.0,0.0,0.0,0.0,0.0,0.0,0.0,0.0,0.25,0,geo,geo,geo,1
0.95,0.1,0.05,0.05,0.0,0.0,0.0,0.0,0.0,0.0,0.0,0.0,0.0,0.0,0.0,0.85,0,geo,geo,geo,1
0.95,0.0,0.0,0.0,0.0,0.0,0.0,0.0,0.0,0.0,0.0,0.0,0.0,0.0,0.0,0.95,0,geo,geo,geo,1
0.95,0.75,0.7,0.6,0.4,0.3,0.3,0.2,0.1,0.0,0.0,0.0,0.0,0.0,0.0,0.2,1,products_for_hire,financial,products_for_hire,0
0.95,0.1,0.05,0.0,0.0,0.0,0.0,0.0,0.0,0.0,0.0,0.0,0.0,0.0,0.0,0.85,0,products_gen_characteristics,products_gen_characteristics,products_gen_characteristics,1
0.95,0.05,0.0,0.0,0.0,0.0,0.0,0.0,0.0,0.0,0.0,0.0,0.0,0.0,0.0,0.9,0,geo,geo,geo,1
0.95,0.7,0.1,0.05,0.01,0.01,0.01,0.0,0.0,0.0,0.0,0.0,0.0,0.0,0.0,0.25,0,products_gen_characteristics,products_gen_characteristics,products_gen_characteristics,1
0.95,0.2,0.15,0.1,0.1,0.1,0.05,0.05,0.01,0.01,0.01,0.0,0.0,0.0,0.0,0.75,0,products_for_hire,products_for_hire,products_for_hire,1
0.95,0.05,0.0,0.0,0.0,0.0,0.0,0.0,0.0,0.0,0.0,0.0,0.0,0.0,0.0,0.9,0,geo,geo,geo,1
0.95,0.05,0.0,0.0,0.0,0.0,0.0,0.0,0.0,0.0,0.0,0.0,0.0,0.0,0.0,0.9,0,geo,geo,geo,1
0.95,0.3,0.2,0.1,0.1,0.05,0.05,0.05,0.0,0.0,0.0,0.0,0.0,0.0,0.0,0.65,0,products_for_hire,products_gen_characteristics,products_for_hire,0
0.95,0.85,0.7,0.1,0.1,0.05,0.05,0.05,0.01,0.01,0.01,0.01,0.0,0.0,0.0,0.1,1,products_gen_characteristics,products_gen_characteristics,products_gen_characteristics,1
0.95,0.1,0.05,0.0,0.0,0.0,0.0,0.0,0.0,0.0,0.0,0.0,0.0,0.0,0.0,0.85,0,products_gen_characteristics,products_gen_characteristics,products_gen_characteristics,1
0.95,0.85,0.05,0.0,0.0,0.0,0.0,0.0,0.0,0.0,0.0,0.0,0.0,0.0,0.0,0.1,1,geo,geo,geo,1
0.95,0.01,0.0,0.0,0.0,0.0,0.0,0.0,0.0,0.0,0.0,0.0,0.0,0.0,0.0,0.94,0,geo,geo,geo,1
0.95,0.85,0.8,0.75,0.7,0.65,0.1,0.05,0.01,0.01,0.0,0.0,0.0,0.0,0.0,0.1,1,products_gen_characteristics,products_gen_characteristics,products_gen_characteristics,1
0.9,0.7,0.6,0.3,0.2,0.1,0.05,0.05,0.0,0.0,0.0,0.0,0.0,0.0,0.0,0.2,0,products_gen_characteristics,products_gen_characteristics,products_gen_characteristics,1
0.95,0.05,0.0,0.0,0.0,0.0,0.0,0.0,0.0,0.0,0.0,0.0,0.0,0.0,0.0,0.9,0,geo,geo,geo,1
0.95,0.15,0.15,0.15,0.1,0.05,0.05,0.05,0.05,0.05,0.0,0.0,0.0,0.0,0.0,0.8,0,products_gen_characteristics,products_gen_characteristics,products_gen_characteristics,1
0.95,0.15,0.1,0.05,0.05,0.0,0.0,0.0,0.0,0.0,0.0,0.0,0.0,0.0,0.0,0.8,0,products_gen_characteristics,products_gen_characteristics,products_gen_characteristics,1
0.95,0.05,0.0,0.0,0.0,0.0,0.0,0.0,0.0,0.0,0.0,0.0,0.0,0.0,0.0,0.9,0,geo,geo,geo,1
0.9,0.15,0.1,0.1,0.05,0.05,0.05,0.05,0.05,0.0,0.0,0.0,0.0,0.0,0.0,0.75,0,products_gen_characteristics,products_gen_characteristics,products_gen_characteristics,1
0.95,0.05,0.0,0.0,0.0,0.0,0.0,0.0,0.0,0.0,0.0,0.0,0.0,0.0,0.0,0.9,0,geo,geo,geo,1
0.95,0.05,0.0,0.0,0.0,0.0,0.0,0.0,0.0,0.0,0.0,0.0,0.0,0.0,0.0,0.9,0,geo,geo,geo,1
0.95,0.85,0.7,0.1,0.05,0.05,0.0,0.0,0.0,0.0,0.0,0.0,0.0,0.0,0.0,0.1,1,products_gen_characteristics,products_gen_characteristics,products_gen_characteristics,1
0.95,0.9,0.85,0.75,0.1,0.1,0.05,0.05,0.0,0.0,0.0,0.0,0.0,0.0,0.0,0.05,1,academic,scholar,scholar,0
0.95,0.85,0.75,0.6,0.2,0.1,0.05,0.05,0.05,0.0,0.0,0.0,0.0,0.0,0.0,0.1,1,academic,scholar,scholar,0
0.95,0.9,0.85,0.75,0.1,0.1,0.05,0.05,0.05,0.0,0.0,0.0,0.0,0.0,0.0,0.05,1,academic,scholar,scholar,0
0.95,0.9,0.85,0.15,0.1,0.05,0.05,0.05,0.05,0.0,0.0,0.0,0.0,0.0,0.0,0.05,1,academic,scholar,scholar,0
0.95,0.9,0.85,0.8,0.1,0.1,0.05,0.05,0.05,0.05,0.0,0.0,0.0,0.0,0.0,0.05,1,academic,scholar,scholar,0
0.95,0.85,0.75,0.65,0.15,0.1,0.05,0.05,0.05,0.0,0.0,0.0,0.0,0.0,0.0,0.1,1,academic,scholar,scholar,0
0.95,0.9,0.85,0.8,0.75,0.7,0.2,0.2,0.1,0.1,0.1,0.1,0.1,0.05,0.05,0.05,1,academic,authors,academic,0
0.95,0.95,0.9,0.85,0.8,0.1,0.1,0.1,0.1,0.1,0.1,0.05,0.05,0.05,0.05,0.0,1,academic,authors,scholar,0
0.95,0.85,0.75,0.1,0.05,0.05,0.05,0.05,0.05,0.0,0.0,0.0,0.0,0.0,0.0,0.1,1,academic,scholar,scholar,0
0.95,0.9,0.85,0.7,0.1,0.05,0.05,0.05,0.0,0.0,0.0,0.0,0.0,0.0,0.0,0.05,1,academic,scholar,scholar,0
0.95,0.9,0.85,0.1,0.1,0.1,0.05,0.05,0.05,0.05,0.0,0.0,0.0,0.0,0.0,0.05,1,academic,scholar,scholar,0
0.95,0.9,0.85,0.1,0.1,0.05,0.05,0.05,0.05,0.0,0.0,0.0,0.0,0.0,0.0,0.05,1,academic,scholar,scholar,0
0.8,0.75,0.75,0.7,0.6,0.2,0.1,0.1,0.1,0.1,0.1,0.0,0.0,0.0,0.0,0.05,1,academic,authors,aan_1,0
0.95,0.9,0.85,0.15,0.1,0.05,0.05,0.05,0.05,0.05,0.0,0.0,0.0,0.0,0.0,0.05,1,academic,scholar,scholar,0
0.95,0.9,0.85,0.7,0.05,0.05,0.05,0.05,0.05,0.05,0.05,0.0,0.0,0.0,0.0,0.05,1,academic,scholar,scholar,0
0.9,0.85,0.8,0.8,0.75,0.7,0.2,0.1,0.05,0.0,0.0,0.0,0.0,0.0,0.0,0.05,1,academic,authors,scholar,0
0.95,0.9,0.85,0.75,0.1,0.05,0.05,0.05,0.0,0.0,0.0,0.0,0.0,0.0,0.0,0.05,1,academic,scholar,scholar,0
0.95,0.9,0.85,0.75,0.6,0.0,0.0,0.0,0.0,0.0,0.0,0.0,0.0,0.0,0.0,0.05,1,academic,scholar,scholar,0
0.98,0.96,0.95,0.92,0.01,0.01,0.01,0.01,0.0,0.0,0.0,0.0,0.0,0.0,0.0,0.02,1,academic,scholar,scholar,0
0.95,0.92,0.9,0.88,0.85,0.1,0.05,0.03,0.02,0.01,0.0,0.0,0.0,0.0,0.0,0.03,1,academic,academic,academic,1
0.95,0.9,0.75,0.7,0.6,0.4,0.3,0.1,0.05,0.05,0.0,0.0,0.0,0.0,0.0,0.05,1,academic,authors,academic,0
0.95,0.9,0.85,0.75,0.05,0.02,0.01,0.0,0.0,0.0,0.0,0.0,0.0,0.0,0.0,0.05,1,academic,scholar,scholar,0
0.95,0.9,0.85,0.7,0.2,0.1,0.05,0.05,0.05,0.05,0.0,0.0,0.0,0.0,0.0,0.05,1,academic,scholar,scholar,0
0.95,0.9,0.7,0.5,0.4,0.3,0.2,0.1,0.0,0.0,0.0,0.0,0.0,0.0,0.0,0.05,1,academic,authors,academic,0
0.95,0.9,0.6,0.3,0.2,0.1,0.1,0.05,0.0,0.0,0.0,0.0,0.0,0.0,0.0,0.05,1,academic,authors,scholar,0
0.95,0.9,0.1,0.1,0.1,0.05,0.05,0.0,0.0,0.0,0.0,0.0,0.0,0.0,0.0,0.05,1,academic,authors,academic,0
0.95,0.85,0.1,0.05,0.05,0.01,0.01,0.01,0.01,0.0,0.0,0.0,0.0,0.0,0.0,0.1,1,academic,scholar,scholar,0
0.95,0.9,0.1,0.1,0.1,0.05,0.05,0.0,0.0,0.0,0.0,0.0,0.0,0.0,0.0,0.05,1,academic,scholar,scholar,0
0.95,0.85,0.7,0.1,0.1,0.05,0.0,0.0,0.0,0.0,0.0,0.0,0.0,0.0,0.0,0.1,1,academic,scholar,scholar,0
0.95,0.95,0.85,0.75,0.1,0.05,0.05,0.0,0.0,0.0,0.0,0.0,0.0,0.0,0.0,0.0,1,academic,academic,academic,1
0.95,0.9,0.85,0.75,0.65,0.1,0.05,0.0,0.0,0.0,0.0,0.0,0.0,0.0,0.0,0.05,1,academic,scholar,scholar,0
0.95,0.9,0.85,0.75,0.6,0.2,0.1,0.1,0.0,0.0,0.0,0.0,0.0,0.0,0.0,0.05,1,academic,scholar,scholar,0
0.95,0.9,0.85,0.75,0.1,0.05,0.05,0.05,0.0,0.0,0.0,0.0,0.0,0.0,0.0,0.05,1,academic,scholar,scholar,0
0.95,0.9,0.85,0.7,0.3,0.1,0.05,0.0,0.0,0.0,0.0,0.0,0.0,0.0,0.0,0.05,1,academic,authors,academic,0
0.95,0.85,0.75,0.2,0.1,0.05,0.05,0.05,0.0,0.0,0.0,0.0,0.0,0.0,0.0,0.1,1,academic,scholar,scholar,0
0.95,0.85,0.6,0.3,0.2,0.05,0.05,0.05,0.0,0.0,0.0,0.0,0.0,0.0,0.0,0.1,1,academic,scholar,scholar,0
0.95,0.85,0.75,0.3,0.05,0.05,0.05,0.0,0.0,0.0,0.0,0.0,0.0,0.0,0.0,0.1,1,academic,scholar,scholar,0
0.95,0.85,0.6,0.1,0.05,0.05,0.0,0.0,0.0,0.0,0.0,0.0,0.0,0.0,0.0,0.1,1,academic,scholar,scholar,0
0.95,0.85,0.75,0.65,0.05,0.05,0.05,0.0,0.0,0.0,0.0,0.0,0.0,0.0,0.0,0.1,1,academic,scholar,scholar,0
0.95,0.85,0.75,0.2,0.1,0.05,0.05,0.0,0.0,0.0,0.0,0.0,0.0,0.0,0.0,0.1,1,academic,scholar,scholar,0
0.95,0.9,0.7,0.3,0.05,0.05,0.05,0.0,0.0,0.0,0.0,0.0,0.0,0.0,0.0,0.05,1,academic,scholar,scholar,0
0.95,0.85,0.75,0.3,0.05,0.05,0.05,0.0,0.0,0.0,0.0,0.0,0.0,0.0,0.0,0.1,1,academic,scholar,scholar,0
0.95,0.9,0.85,0.75,0.7,0.1,0.05,0.05,0.05,0.0,0.0,0.0,0.0,0.0,0.0,0.05,1,academic,academic,academic,1
0.95,0.85,0.75,0.2,0.05,0.05,0.05,0.0,0.0,0.0,0.0,0.0,0.0,0.0,0.0,0.1,1,academic,scholar,scholar,0
0.95,0.85,0.75,0.1,0.05,0.05,0.05,0.05,0.05,0.0,0.0,0.0,0.0,0.0,0.0,0.1,1,academic,scholar,scholar,0
0.95,0.85,0.75,0.6,0.1,0.05,0.05,0.05,0.0,0.0,0.0,0.0,0.0,0.0,0.0,0.1,1,academic,scholar,scholar,0
0.95,0.9,0.7,0.6,0.5,0.3,0.1,0.0,0.0,0.0,0.0,0.0,0.0,0.0,0.0,0.05,1,academic,authors,academic,0
0.95,0.85,0.8,0.7,0.2,0.1,0.05,0.05,0.0,0.0,0.0,0.0,0.0,0.0,0.0,0.1,1,academic,scholar,scholar,0
0.95,0.9,0.6,0.4,0.2,0.1,0.05,0.0,0.0,0.0,0.0,0.0,0.0,0.0,0.0,0.05,1,academic,scholar,scholar,0
0.95,0.85,0.1,0.05,0.01,0.01,0.01,0.01,0.0,0.0,0.0,0.0,0.0,0.0,0.0,0.1,1,academic,scholar,scholar,0
0.95,0.9,0.1,0.05,0.05,0.05,0.05,0.0,0.0,0.0,0.0,0.0,0.0,0.0,0.0,0.05,1,academic,scholar,scholar,0
0.95,0.9,0.7,0.2,0.1,0.1,0.0,0.0,0.0,0.0,0.0,0.0,0.0,0.0,0.0,0.05,1,academic,authors,academic,0
0.95,0.85,0.7,0.3,0.05,0.05,0.05,0.05,0.0,0.0,0.0,0.0,0.0,0.0,0.0,0.1,1,academic,scholar,scholar,0
0.95,0.85,0.75,0.15,0.1,0.1,0.05,0.05,0.05,0.0,0.0,0.0,0.0,0.0,0.0,0.1,1,academic,scholar,scholar,0
0.95,0.85,0.75,0.6,0.5,0.0,0.0,0.0,0.0,0.0,0.0,0.0,0.0,0.0,0.0,0.1,1,academic,scholar,scholar,0
0.95,0.85,0.75,0.65,0.55,0.15,0.1,0.0,0.0,0.0,0.0,0.0,0.0,0.0,0.0,0.1,1,academic,scholar,scholar,0
0.85,0.75,0.7,0.6,0.5,0.2,0.2,0.2,0.2,0.2,0.2,0.1,0.05,0.0,0.0,0.1,1,activity_1,college_3,college_3,0
0.95,0.9,0.7,0.6,0.5,0.1,0.1,0.1,0.0,0.0,0.0,0.0,0.0,0.0,0.0,0.05,1,academic,academic,academic,1
0.95,0.9,0.85,0.75,0.7,0.15,0.1,0.05,0.05,0.05,0.0,0.0,0.0,0.0,0.0,0.05,1,academic,authors,scholar,0
0.95,0.9,0.85,0.7,0.2,0.1,0.1,0.1,0.1,0.1,0.1,0.0,0.0,0.0,0.0,0.05,1,activity_1,computer_student,college_3,0
0.95,0.8,0.6,0.3,0.1,0.1,0.1,0.1,0.1,0.1,0.05,0.05,0.0,0.0,0.0,0.15,1,activity_1,computer_student,college_2,0
0.75,0.75,0.1,0.05,0.05,0.05,0.05,0.05,0.05,0.05,0.0,0.0,0.0,0.0,0.0,0.0,1,activity_1,computer_student,college_3,0
0.95,0.05,0.02,0.02,0.01,0.01,0.01,0.0,0.0,0.0,0.0,0.0,0.0,0.0,0.0,0.9,0,activity_1,activity_1,activity_1,1
0.8,0.7,0.3,0.2,0.1,0.1,0.1,0.1,0.1,0.1,0.1,0.0,0.0,0.0,0.0,0.1,1,activity_1,computer_student,college_2,0
0.95,0.01,0.01,0.01,0.01,0.01,0.0,0.0,0.0,0.0,0.0,0.0,0.0,0.0,0.0,0.94,0,activity_1,activity_1,activity_1,1
0.95,0.05,0.0,0.0,0.0,0.0,0.0,0.0,0.0,0.0,0.0,0.0,0.0,0.0,0.0,0.9,0,activity_1,activity_1,activity_1,1
0.95,0.05,0.0,0.0,0.0,0.0,0.0,0.0,0.0,0.0,0.0,0.0,0.0,0.0,0.0,0.9,0,activity_1,activity_1,activity_1,1
0.95,0.7,0.6,0.3,0.2,0.1,0.1,0.1,0.1,0.05,0.0,0.0,0.0,0.0,0.0,0.25,0,activity_1,activity_1,activity_1,1
0.95,0.6,0.2,0.1,0.1,0.05,0.05,0.0,0.0,0.0,0.0,0.0,0.0,0.0,0.0,0.35,0,activity_1,activity_1,activity_1,1
0.9,0.7,0.6,0.5,0.3,0.3,0.2,0.2,0.2,0.2,0.1,0.0,0.0,0.0,0.0,0.2,0,activity_1,activity_1,activity_1,1
0.9,0.8,0.7,0.2,0.0,0.0,0.0,0.0,0.0,0.0,0.0,0.0,0.0,0.0,0.0,0.1,1,activity_1,computer_student,college_2,0
0.95,0.85,0.15,0.1,0.1,0.1,0.1,0.1,0.05,0.05,0.05,0.05,0.0,0.0,0.0,0.1,1,activity_1,activity_1,activity_1,1
0.95,0.9,0.7,0.6,0.2,0.1,0.1,0.1,0.1,0.1,0.1,0.1,0.05,0.0,0.0,0.05,1,activity_1,activity_1,college_2,1
0.95,0.85,0.75,0.2,0.15,0.15,0.1,0.1,0.1,0.05,0.05,0.01,0.01,0.0,0.0,0.1,1,activity_1,activity_1,activity_1,1
0.9,0.1,0.1,0.05,0.05,0.0,0.0,0.0,0.0,0.0,0.0,0.0,0.0,0.0,0.0,0.8,0,activity_1,activity_1,activity_1,1
0.9,0.7,0.1,0.05,0.05,0.05,0.05,0.0,0.0,0.0,0.0,0.0,0.0,0.0,0.0,0.2,0,activity_1,activity_1,activity_1,1
0.85,0.15,0.1,0.1,0.05,0.05,0.05,0.05,0.0,0.0,0.0,0.0,0.0,0.0,0.0,0.7,0,activity_1,activity_1,activity_1,1
0.95,0.05,0.05,0.05,0.05,0.05,0.05,0.05,0.05,0.0,0.0,0.0,0.0,0.0,0.0,0.9,0,activity_1,activity_1,activity_1,1
0.95,0.85,0.75,0.15,0.1,0.1,0.1,0.1,0.05,0.05,0.05,0.0,0.0,0.0,0.0,0.1,1,activity_1,activity_1,activity_1,1
0.95,0.1,0.1,0.05,0.05,0.05,0.0,0.0,0.0,0.0,0.0,0.0,0.0,0.0,0.0,0.85,0,activity_1,activity_1,activity_1,1
0.95,0.75,0.6,0.3,0.1,0.1,0.1,0.05,0.05,0.05,0.05,0.0,0.0,0.0,0.0,0.2,1,activity_1,activity_1,activity_1,1
0.95,0.05,0.0,0.0,0.0,0.0,0.0,0.0,0.0,0.0,0.0,0.0,0.0,0.0,0.0,0.9,0,activity_1,activity_1,activity_1,1
0.95,0.85,0.8,0.75,0.6,0.3,0.25,0.2,0.15,0.1,0.05,0.0,0.0,0.0,0.0,0.1,1,activity_1,activity_1,activity_1,1
0.95,0.05,0.05,0.05,0.0,0.0,0.0,0.0,0.0,0.0,0.0,0.0,0.0,0.0,0.0,0.9,0,activity_1,activity_1,activity_1,1
0.95,0.15,0.1,0.1,0.05,0.05,0.05,0.05,0.05,0.0,0.0,0.0,0.0,0.0,0.0,0.8,0,activity_1,activity_1,activity_1,1
0.95,0.85,0.8,0.75,0.75,0.75,0.7,0.65,0.6,0.25,0.2,0.15,0.1,0.05,0.0,0.1,1,activity_1,activity_1,activity_1,1
0.95,0.85,0.8,0.8,0.75,0.7,0.65,0.25,0.2,0.15,0.1,0.05,0.0,0.0,0.0,0.1,1,activity_1,activity_1,activity_1,1
0.95,0.7,0.3,0.2,0.2,0.1,0.1,0.1,0.1,0.1,0.05,0.05,0.0,0.0,0.0,0.25,0,activity_1,activity_1,activity_1,1
0.95,0.85,0.85,0.85,0.75,0.75,0.75,0.75,0.1,0.1,0.1,0.1,0.1,0.05,0.0,0.1,1,activity_1,activity_1,activity_1,1
0.95,0.8,0.7,0.7,0.4,0.3,0.3,0.2,0.2,0.2,0.1,0.1,0.05,0.0,0.0,0.15,1,activity_1,activity_1,activity_1,1
0.95,0.95,0.95,0.95,0.95,0.95,0.95,0.95,0.95,0.1,0.05,0.05,0.01,0.0,0.0,0.0,1,activity_1,activity_1,activity_1,1
0.95,0.9,0.85,0.85,0.8,0.75,0.75,0.75,0.65,0.6,0.55,0.1,0.05,0.0,0.0,0.05,1,activity_1,activity_1,activity_1,1
0.85,0.15,0.15,0.15,0.1,0.1,0.1,0.1,0.1,0.1,0.1,0.1,0.05,0.05,0.0,0.7,0,activity_1,activity_1,activity_1,1
0.9,0.85,0.7,0.0,0.0,0.0,0.0,0.0,0.0,0.0,0.0,0.0,0.0,0.0,0.0,0.05,1,activity_1,student_1,college_3,0
0.95,0.1,0.05,0.0,0.0,0.0,0.0,0.0,0.0,0.0,0.0,0.0,0.0,0.0,0.0,0.85,0,activity_1,activity_1,activity_1,1
0.9,0.7,0.1,0.0,0.0,0.0,0.0,0.0,0.0,0.0,0.0,0.0,0.0,0.0,0.0,0.2,0,activity_1,activity_1,activity_1,1
0.95,0.75,0.05,0.05,0.05,0.05,0.05,0.01,0.01,0.01,0.01,0.01,0.01,0.0,0.0,0.2,1,activity_1,activity_1,activity_1,1
0.95,0.05,0.0,0.0,0.0,0.0,0.0,0.0,0.0,0.0,0.0,0.0,0.0,0.0,0.0,0.9,0,activity_1,activity_1,activity_1,1
0.95,0.05,0.0,0.0,0.0,0.0,0.0,0.0,0.0,0.0,0.0,0.0,0.0,0.0,0.0,0.9,0,activity_1,activity_1,activity_1,1
0.95,0.05,0.02,0.01,0.01,0.01,0.01,0.01,0.01,0.01,0.01,0.0,0.0,0.0,0.0,0.9,0,activity_1,activity_1,activity_1,1
0.95,0.75,0.2,0.15,0.1,0.05,0.01,0.0,0.0,0.0,0.0,0.0,0.0,0.0,0.0,0.2,1,aircraft,aircraft,aircraft,1
0.95,0.1,0.05,0.05,0.05,0.05,0.05,0.0,0.0,0.0,0.0,0.0,0.0,0.0,0.0,0.85,0,activity_1,activity_1,activity_1,1
0.95,0.05,0.01,0.01,0.01,0.01,0.01,0.01,0.01,0.01,0.01,0.01,0.01,0.0,0.0,0.9,0,aircraft,aircraft,aircraft,1
0.95,0.7,0.6,0.3,0.1,0.1,0.1,0.05,0.05,0.05,0.05,0.05,0.05,0.05,0.0,0.25,0,aircraft,aircraft,aircraft,1
0.95,0.05,0.02,0.01,0.01,0.0,0.0,0.0,0.0,0.0,0.0,0.0,0.0,0.0,0.0,0.9,0,aircraft,aircraft,aircraft,1
0.95,0.2,0.1,0.01,0.01,0.01,0.01,0.01,0.01,0.01,0.01,0.01,0.01,0.01,0.0,0.75,0,aircraft,aircraft,aircraft,1
0.9,0.7,0.6,0.3,0.2,0.1,0.1,0.1,0.1,0.1,0.1,0.1,0.1,0.1,0.1,0.2,0,aircraft,aircraft,musical,1
0.85,0.7,0.3,0.1,0.1,0.05,0.05,0.05,0.05,0.05,0.05,0.05,0.0,0.0,0.0,0.15,1,aircraft,aircraft,entertainment_awards,1
0.95,0.1,0.05,0.05,0.05,0.05,0.05,0.0,0.0,0.0,0.0,0.0,0.0,0.0,0.0,0.85,0,activity_1,activity_1,activity_1,1
0.95,0.9,0.85,0.1,0.1,0.05,0.05,0.05,0.01,0.01,0.01,0.01,0.01,0.01,0.01,0.05,1,aircraft,pilot_record,pilot_record,0
0.95,0.85,0.7,0.05,0.05,0.01,0.01,0.01,0.01,0.01,0.01,0.01,0.01,0.01,0.01,0.1,1,aircraft,pilot_record,pilot_record,0
0.95,0.05,0.01,0.0,0.0,0.0,0.0,0.0,0.0,0.0,0.0,0.0,0.0,0.0,0.0,0.9,0,aircraft,aircraft,aircraft,1
0.95,0.75,0.3,0.1,0.05,0.05,0.05,0.01,0.01,0.01,0.01,0.01,0.01,0.01,0.0,0.2,1,aircraft,aircraft,aircraft,1
0.95,0.1,0.05,0.01,0.01,0.01,0.0,0.0,0.0,0.0,0.0,0.0,0.0,0.0,0.0,0.85,0,aircraft,aircraft,aircraft,1
0.95,0.7,0.6,0.2,0.1,0.1,0.1,0.05,0.05,0.05,0.05,0.05,0.05,0.05,0.0,0.25,0,aircraft,aircraft,aircraft,1
0.95,0.7,0.1,0.1,0.1,0.1,0.05,0.05,0.05,0.05,0.05,0.0,0.0,0.0,0.0,0.25,0,aircraft,aircraft,aircraft,1
0.95,0.85,0.1,0.05,0.01,0.01,0.01,0.01,0.01,0.01,0.01,0.0,0.0,0.0,0.0,0.1,1,aircraft,aircraft,aircraft,1
0.95,0.85,0.8,0.8,0.75,0.65,0.2,0.15,0.1,0.1,0.1,0.1,0.05,0.05,0.0,0.1,1,aircraft,aircraft,aircraft,1
0.95,0.85,0.8,0.75,0.7,0.6,0.1,0.1,0.1,0.05,0.05,0.05,0.0,0.0,0.0,0.1,1,aircraft,pilot_record,pilot_record,0
0.95,0.7,0.1,0.05,0.05,0.01,0.01,0.01,0.01,0.01,0.01,0.01,0.01,0.01,0.0,0.25,0,aircraft,aircraft,aircraft,1
0.95,0.95,0.95,0.9,0.7,0.6,0.1,0.1,0.05,0.05,0.05,0.05,0.05,0.0,0.0,0.0,1,aircraft,aircraft,aircraft,1
0.95,0.92,0.9,0.85,0.8,0.75,0.6,0.5,0.1,0.05,0.05,0.0,0.0,0.0,0.0,0.03,1,aircraft,aircraft,aircraft,1
0.95,0.2,0.15,0.1,0.1,0.05,0.05,0.05,0.0,0.0,0.0,0.0,0.0,0.0,0.0,0.75,0,aircraft,aircraft,aircraft,1
0.9,0.85,0.8,0.75,0.15,0.1,0.05,0.05,0.05,0.05,0.05,0.05,0.05,0.05,0.0,0.05,1,aircraft,aircraft,formula_1,1
0.85,0.3,0.2,0.15,0.1,0.1,0.05,0.05,0.05,0.05,0.05,0.05,0.0,0.0,0.0,0.55,0,aircraft,aircraft,aircraft,1
0.95,0.95,0.9,0.9,0.9,0.9,0.9,0.85,0.1,0.05,0.05,0.05,0.05,0.05,0.0,0.0,1,allergy_1,address_1,address_1,0
0.85,0.75,0.6,0.3,0.3,0.3,0.3,0.3,0.3,0.3,0.3,0.3,0.2,0.1,0.0,0.1,1,allergy_1,university_rank,college_3,0
0.95,0.9,0.7,0.6,0.6,0.6,0.6,0.6,0.6,0.6,0.6,0.5,0.4,0.3,0.0,0.05,1,allergy_1,university_rank,college_3,0
0.95,0.9,0.85,0.7,0.3,0.3,0.3,0.3,0.2,0.2,0.2,0.2,0.1,0.1,0.0,0.05,1,allergy_1,university_rank,college_3,0
0.95,0.93,0.92,0.91,0.9,0.9,0.88,0.87,0.85,0.1,0.05,0.05,0.05,0.05,0.0,0.02,1,allergy_1,address_1,address_1,0
0.95,0.95,0.9,0.9,0.9,0.85,0.85,0.1,0.1,0.05,0.0,0.0,0.0,0.0,0.0,0.0,1,allergy_1,dorm_1,dorm_1,0
0.95,0.95,0.9,0.85,0.85,0.85,0.85,0.85,0.7,0.1,0.05,0.0,0.0,0.0,0.0,0.0,1,allergy_1,dorm_1,dorm_1,0
0.85,0.75,0.75,0.75,0.75,0.75,0.75,0.65,0.2,0.15,0.1,0.05,0.05,0.0,0.0,0.1,1,allergy_1,address_1,address_1,0
0.95,0.85,0.75,0.7,0.7,0.7,0.7,0.7,0.7,0.05,0.0,0.0,0.0,0.0,0.0,0.1,1,allergy_1,computer_student,college_2,0
0.95,0.85,0.85,0.85,0.75,0.75,0.75,0.75,0.75,0.75,0.0,0.0,0.0,0.0,0.0,0.1,1,allergy_1,computer_student,college_2,0
0.85,0.8,0.75,0.75,0.75,0.7,0.7,0.7,0.7,0.1,0.1,0.1,0.1,0.1,0.0,0.05,1,allergy_1,activity_1,activity_1,0
0.85,0.7,0.3,0.2,0.15,0.15,0.15,0.1,0.1,0.1,0.05,0.05,0.0,0.0,0.0,0.15,1,allergy_1,university_rank,college_3,0
0.95,0.9,0.8,0.7,0.7,0.7,0.7,0.6,0.6,0.0,0.0,0.0,0.0,0.0,0.0,0.05,1,allergy_1,computer_student,college_2,0
0.95,0.05,0.0,0.0,0.0,0.0,0.0,0.0,0.0,0.0,0.0,0.0,0.0,0.0,0.0,0.9,0,allergy_1,allergy_1,allergy_1,1
0.95,0.95,0.85,0.7,0.7,0.7,0.7,0.7,0.6,0.0,0.0,0.0,0.0,0.0,0.0,0.0,1,allergy_1,computer_student,college_3,0
0.95,0.0,0.0,0.0,0.0,0.0,0.0,0.0,0.0,0.0,0.0,0.0,0.0,0.0,0.0,0.95,0,allergy_1,allergy_1,allergy_1,1
0.95,0.9,0.9,0.7,0.7,0.7,0.05,0.05,0.05,0.05,0.05,0.05,0.05,0.0,0.0,0.05,1,allergy_1,address_1,address_1,0
0.95,0.05,0.05,0.05,0.05,0.05,0.05,0.05,0.05,0.05,0.05,0.0,0.0,0.0,0.0,0.9,0,allergy_1,allergy_1,allergy_1,1
0.95,0.05,0.05,0.05,0.05,0.05,0.05,0.05,0.01,0.01,0.01,0.01,0.01,0.0,0.0,0.9,0,allergy_1,allergy_1,allergy_1,1
0.95,0.05,0.05,0.05,0.05,0.05,0.05,0.05,0.05,0.05,0.05,0.0,0.0,0.0,0.0,0.9,0,allergy_1,allergy_1,allergy_1,1
0.95,0.05,0.0,0.0,0.0,0.0,0.0,0.0,0.0,0.0,0.0,0.0,0.0,0.0,0.0,0.9,0,geo,geo,geo,1
0.95,0.85,0.3,0.3,0.2,0.2,0.2,0.1,0.1,0.1,0.1,0.1,0.1,0.1,0.05,0.1,1,restaurants,restaurant,restaurants,0
0.85,0.75,0.5,0.3,0.2,0.1,0.1,0.1,0.0,0.0,0.0,0.0,0.0,0.0,0.0,0.1,1,geo,geo,geo,1
0.95,0.7,0.6,0.05,0.0,0.0,0.0,0.0,0.0,0.0,0.0,0.0,0.0,0.0,0.0,0.25,0,geo,geo,geo,1
0.95,0.9,0.8,0.5,0.5,0.5,0.5,0.5,0.5,0.5,0.5,0.1,0.1,0.05,0.05,0.05,1,restaurants,restaurant,yelp,0
0.95,0.85,0.75,0.0,0.0,0.0,0.0,0.0,0.0,0.0,0.0,0.0,0.0,0.0,0.0,0.1,1,geo,geo,geo,1
0.95,0.9,0.05,0.0,0.0,0.0,0.0,0.0,0.0,0.0,0.0,0.0,0.0,0.0,0.0,0.05,1,restaurants,yelp,yelp,0
0.95,0.05,0.0,0.0,0.0,0.0,0.0,0.0,0.0,0.0,0.0,0.0,0.0,0.0,0.0,0.9,0,restaurants,yelp,yelp,0
0.95,0.6,0.3,0.2,0.1,0.1,0.1,0.1,0.1,0.1,0.1,0.1,0.1,0.1,0.05,0.35,0,restaurants,restaurant,restaurants,0
0.95,0.92,0.9,0.05,0.01,0.01,0.01,0.01,0.01,0.0,0.0,0.0,0.0,0.0,0.0,0.03,1,geo,geo,geo,1
0.95,0.9,0.85,0.1,0.1,0.05,0.05,0.05,0.0,0.0,0.0,0.0,0.0,0.0,0.0,0.05,1,geo,geo,geo,1
0.95,0.85,0.6,0.5,0.4,0.4,0.3,0.3,0.3,0.2,0.1,0.1,0.05,0.05,0.05,0.1,1,restaurants,restaurant,restaurants,0
0.95,0.0,0.0,0.0,0.0,0.0,0.0,0.0,0.0,0.0,0.0,0.0,0.0,0.0,0.0,0.95,0,geo,geo,geo,1
0.95,0.05,0.01,0.01,0.01,0.01,0.0,0.0,0.0,0.0,0.0,0.0,0.0,0.0,0.0,0.9,0,restaurants,yelp,yelp,0
0.85,0.0,0.0,0.0,0.0,0.0,0.0,0.0,0.0,0.0,0.0,0.0,0.0,0.0,0.0,0.85,0,restaurants,yelp,yelp,0
0.95,0.0,0.0,0.0,0.0,0.0,0.0,0.0,0.0,0.0,0.0,0.0,0.0,0.0,0.0,0.95,0,geo,geo,geo,1
0.95,0.85,0.75,0.2,0.15,0.1,0.05,0.05,0.0,0.0,0.0,0.0,0.0,0.0,0.0,0.1,1,geo,geo,geo,1
0.98,0.95,0.7,0.6,0.5,0.4,0.3,0.3,0.2,0.2,0.2,0.1,0.1,0.1,0.05,0.03,1,restaurants,restaurant,restaurants,0
0.95,0.05,0.01,0.01,0.01,0.01,0.01,0.01,0.0,0.0,0.0,0.0,0.0,0.0,0.0,0.9,0,geo,geo,geo,1
0.95,0.9,0.7,0.6,0.5,0.4,0.4,0.3,0.2,0.1,0.05,0.05,0.05,0.05,0.05,0.05,1,restaurants,restaurant,yelp,0
0.95,0.9,0.0,0.0,0.0,0.0,0.0,0.0,0.0,0.0,0.0,0.0,0.0,0.0,0.0,0.05,1,restaurants,yelp,yelp,0
0.95,0.0,0.0,0.0,0.0,0.0,0.0,0.0,0.0,0.0,0.0,0.0,0.0,0.0,0.0,0.95,0,geo,geo,geo,1
0.95,0.9,0.75,0.7,0.6,0.5,0.4,0.4,0.3,0.2,0.2,0.1,0.05,0.05,0.05,0.05,1,restaurants,restaurant,yelp,0
0.95,0.9,0.85,0.6,0.5,0.5,0.4,0.3,0.3,0.2,0.1,0.1,0.1,0.05,0.05,0.05,1,restaurants,restaurant,restaurant_1,0
0.95,0.5,0.3,0.05,0.05,0.0,0.0,0.0,0.0,0.0,0.0,0.0,0.0,0.0,0.0,0.45,0,geo,geo,geo,1
0.9,0.6,0.4,0.2,0.1,0.1,0.1,0.05,0.0,0.0,0.0,0.0,0.0,0.0,0.0,0.3,0,geo,geo,geo,1
0.9,0.85,0.7,0.2,0.1,0.1,0.1,0.1,0.1,0.1,0.1,0.1,0.05,0.05,0.05,0.05,1,restaurants,restaurant,restaurants,0
0.95,0.9,0.7,0.5,0.4,0.3,0.3,0.3,0.2,0.2,0.1,0.1,0.1,0.1,0.1,0.05,1,restaurants,restaurant,yelp,0
0.95,0.0,0.0,0.0,0.0,0.0,0.0,0.0,0.0,0.0,0.0,0.0,0.0,0.0,0.0,0.95,0,geo,geo,geo,1
0.9,0.85,0.75,0.1,0.1,0.1,0.1,0.1,0.1,0.1,0.1,0.1,0.1,0.1,0.1,0.05,1,restaurants,restaurant,restaurants,0
0.95,0.0,0.0,0.0,0.0,0.0,0.0,0.0,0.0,0.0,0.0,0.0,0.0,0.0,0.0,0.95,0,geo,mondial_geo,geo,0
0.95,0.2,0.1,0.05,0.05,0.05,0.05,0.0,0.0,0.0,0.0,0.0,0.0,0.0,0.0,0.75,0,geo,geo,geo,1
0.95,0.05,0.0,0.0,0.0,0.0,0.0,0.0,0.0,0.0,0.0,0.0,0.0,0.0,0.0,0.9,0,geo,geo,geo,1
0.95,0.9,0.7,0.6,0.5,0.4,0.3,0.2,0.1,0.1,0.05,0.05,0.05,0.05,0.05,0.05,1,restaurants,restaurant,yelp,0
0.95,0.01,0.01,0.01,0.01,0.01,0.0,0.0,0.0,0.0,0.0,0.0,0.0,0.0,0.0,0.94,0,geo,geo,geo,1
0.95,0.9,0.6,0.5,0.4,0.3,0.3,0.2,0.1,0.1,0.05,0.05,0.05,0.05,0.05,0.05,1,restaurants,restaurant,yelp,0
0.95,0.05,0.0,0.0,0.0,0.0,0.0,0.0,0.0,0.0,0.0,0.0,0.0,0.0,0.0,0.9,0,geo,geo,geo,1
1.0,0.0,0.0,0.0,0.0,0.0,0.0,0.0,0.0,0.0,0.0,0.0,0.0,0.0,0.0,1.0,0,geo,mondial_geo,geo,0
0.95,0.6,0.05,0.0,0.0,0.0,0.0,0.0,0.0,0.0,0.0,0.0,0.0,0.0,0.0,0.35,0,geo,geo,geo,1
0.95,0.9,0.7,0.6,0.5,0.4,0.3,0.3,0.2,0.1,0.1,0.05,0.05,0.05,0.05,0.05,1,restaurants,restaurant,restaurants,0
0.95,0.9,0.85,0.6,0.4,0.3,0.2,0.2,0.1,0.1,0.1,0.05,0.05,0.05,0.05,0.05,1,restaurants,restaurant,yelp,0
0.95,0.9,0.7,0.6,0.6,0.6,0.6,0.6,0.1,0.1,0.1,0.1,0.1,0.05,0.05,0.05,1,restaurants,restaurant,yelp,0
0.95,0.7,0.6,0.1,0.1,0.05,0.05,0.0,0.0,0.0,0.0,0.0,0.0,0.0,0.0,0.25,0,geo,geo,geo,1
0.95,0.9,0.7,0.6,0.6,0.5,0.4,0.4,0.3,0.3,0.2,0.1,0.1,0.05,0.05,0.05,1,restaurants,restaurant,yelp,0
0.95,0.05,0.01,0.01,0.01,0.01,0.0,0.0,0.0,0.0,0.0,0.0,0.0,0.0,0.0,0.9,0,geo,geo,geo,1
0.95,0.9,0.7,0.6,0.6,0.6,0.6,0.6,0.2,0.2,0.1,0.1,0.1,0.1,0.05,0.05,1,restaurants,restaurant,yelp,0
0.95,0.05,0.0,0.0,0.0,0.0,0.0,0.0,0.0,0.0,0.0,0.0,0.0,0.0,0.0,0.9,0,geo,geo,geo,1
0.95,0.05,0.0,0.0,0.0,0.0,0.0,0.0,0.0,0.0,0.0,0.0,0.0,0.0,0.0,0.9,0,geo,geo,geo,1
0.95,0.85,0.05,0.0,0.0,0.0,0.0,0.0,0.0,0.0,0.0,0.0,0.0,0.0,0.0,0.1,1,geo,geo,geo,1
0.95,0.9,0.8,0.6,0.5,0.4,0.3,0.2,0.2,0.2,0.1,0.1,0.1,0.1,0.05,0.05,1,restaurants,restaurant,yelp,0
0.85,0.8,0.75,0.7,0.6,0.2,0.15,0.1,0.1,0.1,0.1,0.1,0.05,0.0,0.0,0.05,1,riding_club,game_injury,school_player,0
0.95,0.7,0.1,0.1,0.05,0.05,0.05,0.01,0.01,0.01,0.0,0.0,0.0,0.0,0.0,0.25,0,riding_club,riding_club,riding_club,1
0.99,0.01,0.01,0.0,0.0,0.0,0.0,0.0,0.0,0.0,0.0,0.0,0.0,0.0,0.0,0.98,0,riding_club,riding_club,riding_club,1
0.95,0.05,0.0,0.0,0.0,0.0,0.0,0.0,0.0,0.0,0.0,0.0,0.0,0.0,0.0,0.9,0,geo,geo,geo,1
0.98,0.05,0.04,0.03,0.02,0.01,0.01,0.01,0.0,0.0,0.0,0.0,0.0,0.0,0.0,0.93,0,riding_club,riding_club,riding_club,1
0.95,0.1,0.05,0.0,0.0,0.0,0.0,0.0,0.0,0.0,0.0,0.0,0.0,0.0,0.0,0.85,0,geo,geo,geo,1
0.95,0.7,0.1,0.0,0.0,0.0,0.0,0.0,0.0,0.0,0.0,0.0,0.0,0.0,0.0,0.25,0,geo,geo,geo,1
0.9,0.1,0.0,0.0,0.0,0.0,0.0,0.0,0.0,0.0,0.0,0.0,0.0,0.0,0.0,0.8,0,geo,geo,geo,1
0.95,0.1,0.05,0.05,0.05,0.01,0.01,0.01,0.01,0.01,0.01,0.0,0.0,0.0,0.0,0.85,0,riding_club,riding_club,riding_club,1
0.9,0.8,0.7,0.7,0.7,0.6,0.1,0.1,0.1,0.0,0.0,0.0,0.0,0.0,0.0,0.1,1,riding_club,riding_club,riding_club,1
0.95,0.7,0.05,0.05,0.05,0.0,0.0,0.0,0.0,0.0,0.0,0.0,0.0,0.0,0.0,0.25,0,geo,geo,geo,1
0.95,0.85,0.8,0.75,0.65,0.55,0.5,0.45,0.35,0.25,0.15,0.05,0.0,0.0,0.0,0.1,1,riding_club,dorm_1,riding_club,0
0.95,0.9,0.05,0.05,0.01,0.01,0.01,0.01,0.0,0.0,0.0,0.0,0.0,0.0,0.0,0.05,1,geo,geo,geo,1
0.95,0.85,0.75,0.1,0.05,0.05,0.05,0.01,0.01,0.01,0.01,0.0,0.0,0.0,0.0,0.1,1,riding_club,riding_club,riding_club,1
0.95,0.9,0.05,0.05,0.01,0.01,0.01,0.01,0.0,0.0,0.0,0.0,0.0,0.0,0.0,0.05,1,geo,geo,geo,1
0.9,0.85,0.1,0.05,0.01,0.01,0.01,0.01,0.01,0.01,0.0,0.0,0.0,0.0,0.0,0.05,1,riding_club,riding_club,sports_competition,1
0.95,0.85,0.05,0.01,0.01,0.0,0.0,0.0,0.0,0.0,0.0,0.0,0.0,0.0,0.0,0.1,1,geo,geo,geo,1
0.95,0.85,0.1,0.1,0.1,0.05,0.05,0.05,0.0,0.0,0.0,0.0,0.0,0.0,0.0,0.1,1,geo,geo,geo,1
0.95,0.05,0.0,0.0,0.0,0.0,0.0,0.0,0.0,0.0,0.0,0.0,0.0,0.0,0.0,0.9,0,geo,geo,geo,1
0.95,0.05,0.0,0.0,0.0,0.0,0.0,0.0,0.0,0.0,0.0,0.0,0.0,0.0,0.0,0.9,0,roller_coaster,roller_coaster,roller_coaster,1
0.95,0.05,0.0,0.0,0.0,0.0,0.0,0.0,0.0,0.0,0.0,0.0,0.0,0.0,0.0,0.9,0,roller_coaster,roller_coaster,roller_coaster,1
0.95,0.05,0.0,0.0,0.0,0.0,0.0,0.0,0.0,0.0,0.0,0.0,0.0,0.0,0.0,0.9,0,roller_coaster,roller_coaster,roller_coaster,1
0.95,0.05,0.02,0.01,0.01,0.01,0.01,0.0,0.0,0.0,0.0,0.0,0.0,0.0,0.0,0.9,0,geo,geo,geo,1
0.95,0.3,0.2,0.2,0.2,0.2,0.15,0.1,0.1,0.1,0.05,0.0,0.0,0.0,0.0,0.65,0,roller_coaster,roller_coaster,roller_coaster,1
0.95,0.0,0.0,0.0,0.0,0.0,0.0,0.0,0.0,0.0,0.0,0.0,0.0,0.0,0.0,0.95,0,geo,geo,geo,1
0.9,0.7,0.6,0.3,0.1,0.1,0.05,0.05,0.05,0.0,0.0,0.0,0.0,0.0,0.0,0.2,0,geo,geo,geo,1
0.95,0.05,0.01,0.01,0.01,0.01,0.01,0.01,0.01,0.01,0.0,0.0,0.0,0.0,0.0,0.9,0,roller_coaster,roller_coaster,roller_coaster,1
0.95,0.05,0.0,0.0,0.0,0.0,0.0,0.0,0.0,0.0,0.0,0.0,0.0,0.0,0.0,0.9,0,geo,geo,geo,1
0.85,0.65,0.55,0.45,0.25,0.2,0.2,0.15,0.1,0.1,0.0,0.0,0.0,0.0,0.0,0.2,1,geo,geo,geo,1
0.95,0.05,0.02,0.01,0.01,0.01,0.01,0.01,0.01,0.01,0.0,0.0,0.0,0.0,0.0,0.9,0,roller_coaster,roller_coaster,roller_coaster,1
0.95,0.05,0.01,0.01,0.01,0.01,0.01,0.01,0.0,0.0,0.0,0.0,0.0,0.0,0.0,0.9,0,roller_coaster,roller_coaster,roller_coaster,1
0.95,0.0,0.0,0.0,0.0,0.0,0.0,0.0,0.0,0.0,0.0,0.0,0.0,0.0,0.0,0.95,0,geo,geo,geo,1
0.95,0.05,0.0,0.0,0.0,0.0,0.0,0.0,0.0,0.0,0.0,0.0,0.0,0.0,0.0,0.9,0,geo,geo,geo,1
0.9,0.7,0.3,0.2,0.2,0.1,0.1,0.05,0.05,0.0,0.0,0.0,0.0,0.0,0.0,0.2,0,roller_coaster,roller_coaster,roller_coaster,1
0.95,0.1,0.1,0.05,0.05,0.05,0.05,0.01,0.01,0.0,0.0,0.0,0.0,0.0,0.0,0.85,0,roller_coaster,roller_coaster,roller_coaster,1
0.95,0.1,0.05,0.02,0.01,0.01,0.0,0.0,0.0,0.0,0.0,0.0,0.0,0.0,0.0,0.85,0,sakila_1,movie_3,sakila_1,0
0.95,0.05,0.0,0.0,0.0,0.0,0.0,0.0,0.0,0.0,0.0,0.0,0.0,0.0,0.0,0.9,0,geo,geo,geo,1
0.95,0.7,0.2,0.1,0.1,0.05,0.05,0.0,0.0,0.0,0.0,0.0,0.0,0.0,0.0,0.25,0,sakila_1,film_rank,sakila_1,0
0.85,0.1,0.05,0.0,0.0,0.0,0.0,0.0,0.0,0.0,0.0,0.0,0.0,0.0,0.0,0.75,0,geo,geo,geo,1
0.95,0.1,0.05,0.0,0.0,0.0,0.0,0.0,0.0,0.0,0.0,0.0,0.0,0.0,0.0,0.85,0,sakila_1,movie_3,sakila_1,0
0.95,0.0,0.0,0.0,0.0,0.0,0.0,0.0,0.0,0.0,0.0,0.0,0.0,0.0,0.0,0.95,0,geo,address,geo,0
0.95,0.01,0.01,0.01,0.01,0.01,0.01,0.01,0.01,0.0,0.0,0.0,0.0,0.0,0.0,0.94,0,geo,geo,geo,1
0.95,0.15,0.1,0.1,0.05,0.05,0.05,0.05,0.0,0.0,0.0,0.0,0.0,0.0,0.0,0.8,0,sakila_1,movie_3,sakila_1,0
0.95,0.05,0.0,0.0,0.0,0.0,0.0,0.0,0.0,0.0,0.0,0.0,0.0,0.0,0.0,0.9,0,geo,geo,geo,1
0.9,0.8,0.3,0.2,0.1,0.0,0.0,0.0,0.0,0.0,0.0,0.0,0.0,0.0,0.0,0.1,1,sakila_1,movies_4,sakila_1,0
0.95,0.8,0.3,0.2,0.1,0.1,0.05,0.0,0.0,0.0,0.0,0.0,0.0,0.0,0.0,0.15,1,sakila_1,language_corpus,sakila_1,0
0.95,0.0,0.0,0.0,0.0,0.0,0.0,0.0,0.0,0.0,0.0,0.0,0.0,0.0,0.0,0.95,0,geo,geo,geo,1
0.9,0.9,0.85,0.05,0.0,0.0,0.0,0.0,0.0,0.0,0.0,0.0,0.0,0.0,0.0,0.0,1,geo,geo,mountain_photos,1
0.95,0.7,0.6,0.1,0.05,0.05,0.0,0.0,0.0,0.0,0.0,0.0,0.0,0.0,0.0,0.25,0,geo,geo,geo,1
0.95,0.7,0.3,0.1,0.0,0.0,0.0,0.0,0.0,0.0,0.0,0.0,0.0,0.0,0.0,0.25,0,sakila_1,movie_platform,movie_2,0
0.95,0.7,0.6,0.4,0.3,0.3,0.2,0.2,0.1,0.1,0.1,0.1,0.1,0.1,0.1,0.25,0,sakila_1,movie_platform,movie_2,0
0.9,0.1,0.1,0.0,0.0,0.0,0.0,0.0,0.0,0.0,0.0,0.0,0.0,0.0,0.0,0.8,0,sakila_1,movie_3,sakila_1,0
0.95,0.1,0.1,0.1,0.1,0.05,0.05,0.0,0.0,0.0,0.0,0.0,0.0,0.0,0.0,0.85,0,geo,geo,geo,1
0.9,0.85,0.75,0.35,0.3,0.25,0.2,0.2,0.1,0.05,0.0,0.0,0.0,0.0,0.0,0.05,1,sakila_1,store_product,headphone_store,0
0.95,0.0,0.0,0.0,0.0,0.0,0.0,0.0,0.0,0.0,0.0,0.0,0.0,0.0,0.0,0.95,0,geo,geo,geo,1
0.85,0.75,0.7,0.65,0.6,0.55,0.5,0.4,0.35,0.3,0.2,0.0,0.0,0.0,0.0,0.1,1,sakila_1,store_product,headphone_store,0
0.95,0.05,0.01,0.01,0.01,0.01,0.01,0.01,0.01,0.0,0.0,0.0,0.0,0.0,0.0,0.9,0,geo,geo,geo,1
0.9,0.85,0.75,0.15,0.1,0.05,0.05,0.01,0.0,0.0,0.0,0.0,0.0,0.0,0.0,0.05,1,sakila_1,driving_school,sakila_1,0
0.95,0.05,0.0,0.0,0.0,0.0,0.0,0.0,0.0,0.0,0.0,0.0,0.0,0.0,0.0,0.9,0,geo,geo,geo,1
0.9,0.0,0.0,0.0,0.0,0.0,0.0,0.0,0.0,0.0,0.0,0.0,0.0,0.0,0.0,0.9,0,geo,geo,geo,1
0.9,0.7,0.3,0.2,0.1,0.05,0.05,0.05,0.01,0.0,0.0,0.0,0.0,0.0,0.0,0.2,0,sakila_1,driving_school,driving_school,0
0.95,0.1,0.0,0.0,0.0,0.0,0.0,0.0,0.0,0.0,0.0,0.0,0.0,0.0,0.0,0.85,0,geo,geo,geo,1
0.9,0.1,0.0,0.0,0.0,0.0,0.0,0.0,0.0,0.0,0.0,0.0,0.0,0.0,0.0,0.8,0,geo,geo,geo,1
0.95,0.95,0.9,0.0,0.0,0.0,0.0,0.0,0.0,0.0,0.0,0.0,0.0,0.0,0.0,0.0,1,geo,geo,mountain_photos,1
0.95,0.9,0.85,0.85,0.8,0.7,0.6,0.5,0.2,0.1,0.0,0.0,0.0,0.0,0.0,0.05,1,sakila_1,store_product,store_product,0
0.95,0.9,0.85,0.1,0.1,0.05,0.05,0.05,0.0,0.0,0.0,0.0,0.0,0.0,0.0,0.05,1,sakila_1,store_product,store_product,0
0.95,0.0,0.0,0.0,0.0,0.0,0.0,0.0,0.0,0.0,0.0,0.0,0.0,0.0,0.0,0.95,0,geo,geo,geo,1
0.85,0.7,0.3,0.3,0.2,0.1,0.1,0.1,0.1,0.1,0.1,0.1,0.1,0.1,0.1,0.15,1,sakila_1,movie_platform,movie_2,0
0.95,0.92,0.9,0.85,0.8,0.1,0.0,0.0,0.0,0.0,0.0,0.0,0.0,0.0,0.0,0.03,1,sakila_1,epinions_1,epinions_1,0
0.95,0.01,0.01,0.01,0.01,0.01,0.01,0.0,0.0,0.0,0.0,0.0,0.0,0.0,0.0,0.94,0,geo,geo,geo,1
0.95,0.8,0.0,0.0,0.0,0.0,0.0,0.0,0.0,0.0,0.0,0.0,0.0,0.0,0.0,0.15,1,sakila_1,movies_4,sakila_1,0
0.95,0.85,0.1,0.05,0.05,0.0,0.0,0.0,0.0,0.0,0.0,0.0,0.0,0.0,0.0,0.1,1,sakila_1,movies_4,sakila_1,0
0.95,0.05,0.0,0.0,0.0,0.0,0.0,0.0,0.0,0.0,0.0,0.0,0.0,0.0,0.0,0.9,0,geo,geo,geo,1
0.2,0.2,0.2,0.2,0.2,0.1,0.1,0.1,0.1,0.1,0.1,0.1,0.1,0.1,0.1,0.0,1,sakila_1,movie_3,imdb,0
0.95,0.05,0.0,0.0,0.0,0.0,0.0,0.0,0.0,0.0,0.0,0.0,0.0,0.0,0.0,0.9,0,geo,geo,geo,1
0.95,0.85,0.8,0.1,0.05,0.05,0.05,0.05,0.05,0.0,0.0,0.0,0.0,0.0,0.0,0.1,1,geo,geo,geo,1
0.15,0.1,0.1,0.1,0.05,0.05,0.05,0.0,0.0,0.0,0.0,0.0,0.0,0.0,0.0,0.05,1,sakila_1,movie_3,imdb,0
0.9,0.85,0.75,0.65,0.3,0.25,0.2,0.15,0.1,0.05,0.05,0.05,0.0,0.0,0.0,0.05,1,sakila_1,sales_in_weather,headphone_store,0
0.85,0.85,0.7,0.6,0.1,0.05,0.05,0.05,0.05,0.0,0.0,0.0,0.0,0.0,0.0,0.0,1,sakila_1,sales_in_weather,device,0
0.95,0.05,0.0,0.0,0.0,0.0,0.0,0.0,0.0,0.0,0.0,0.0,0.0,0.0,0.0,0.9,0,geo,geo,geo,1
0.95,0.9,0.85,0.8,0.8,0.3,0.2,0.2,0.2,0.2,0.1,0.1,0.05,0.0,0.0,0.05,1,sakila_1,financial,driving_school,0
0.95,0.05,0.0,0.0,0.0,0.0,0.0,0.0,0.0,0.0,0.0,0.0,0.0,0.0,0.0,0.9,0,geo,geo,geo,1
0.95,0.05,0.0,0.0,0.0,0.0,0.0,0.0,0.0,0.0,0.0,0.0,0.0,0.0,0.0,0.9,0,geo,geo,geo,1
0.95,0.92,0.9,0.88,0.85,0.82,0.8,0.75,0.7,0.65,0.6,0.55,0.4,0.0,0.0,0.03,1,sakila_1,customers_and_products_contacts,customers_and_products_contacts,0
0.9,0.1,0.0,0.0,0.0,0.0,0.0,0.0,0.0,0.0,0.0,0.0,0.0,0.0,0.0,0.8,0,geo,geo,geo,1
0.95,0.05,0.0,0.0,0.0,0.0,0.0,0.0,0.0,0.0,0.0,0.0,0.0,0.0,0.0,0.9,0,geo,geo,geo,1
0.85,0.75,0.65,0.3,0.25,0.2,0.1,0.05,0.0,0.0,0.0,0.0,0.0,0.0,0.0,0.1,1,sakila_1,movie_3,sakila_1,0
0.95,0.9,0.85,0.8,0.75,0.7,0.7,0.65,0.6,0.6,0.55,0.5,0.0,0.0,0.0,0.05,1,sakila_1,customers_and_products_contacts,customers_and_products_contacts,0
0.95,0.85,0.05,0.01,0.01,0.01,0.0,0.0,0.0,0.0,0.0,0.0,0.0,0.0,0.0,0.1,1,geo,geo,geo,1
0.85,0.75,0.7,0.6,0.5,0.4,0.3,0.1,0.0,0.0,0.0,0.0,0.0,0.0,0.0,0.1,1,sakila_1,movie_3,culture_company,0
0.95,0.1,0.05,0.01,0.01,0.01,0.01,0.0,0.0,0.0,0.0,0.0,0.0,0.0,0.0,0.85,0,geo,geo,geo,1
0.9,0.85,0.75,0.7,0.7,0.65,0.6,0.6,0.5,0.4,0.3,0.2,0.1,0.0,0.0,0.05,1,sakila_1,financial,insurance_policies,0
0.95,0.85,0.15,0.1,0.05,0.0,0.0,0.0,0.0,0.0,0.0,0.0,0.0,0.0,0.0,0.1,1,geo,geo,geo,1
0.95,0.0,0.0,0.0,0.0,0.0,0.0,0.0,0.0,0.0,0.0,0.0,0.0,0.0,0.0,0.95,0,geo,geo,geo,1
0.95,0.0,0.0,0.0,0.0,0.0,0.0,0.0,0.0,0.0,0.0,0.0,0.0,0.0,0.0,0.95,0,sakila_1,sakila_1,sakila_1,1
0.95,0.9,0.9,0.85,0.8,0.75,0.75,0.7,0.7,0.65,0.5,0.4,0.3,0.0,0.0,0.05,1,sakila_1,sakila_1,sakila_1,1
0.95,0.2,0.1,0.1,0.05,0.05,0.0,0.0,0.0,0.0,0.0,0.0,0.0,0.0,0.0,0.75,0,geo,geo,geo,1
0.95,0.05,0.05,0.01,0.01,0.01,0.01,0.01,0.01,0.01,0.01,0.01,0.0,0.0,0.0,0.9,0,sakila_1,sakila_1,sakila_1,1
0.9,0.8,0.7,0.3,0.2,0.2,0.1,0.1,0.1,0.1,0.1,0.05,0.05,0.0,0.0,0.1,1,sakila_1,sakila_1,sakila_1,1
0.95,0.05,0.0,0.0,0.0,0.0,0.0,0.0,0.0,0.0,0.0,0.0,0.0,0.0,0.0,0.9,0,geo,geo,geo,1
0.85,0.8,0.8,0.8,0.75,0.75,0.75,0.7,0.6,0.6,0.05,0.05,0.05,0.05,0.05,0.05,1,sakila_1,superstore,department_store,0
0.95,0.05,0.0,0.0,0.0,0.0,0.0,0.0,0.0,0.0,0.0,0.0,0.0,0.0,0.0,0.9,0,geo,geo,geo,1
0.7,0.7,0.7,0.7,0.6,0.6,0.4,0.2,0.1,0.1,0.0,0.0,0.0,0.0,0.0,0.0,1,sakila_1,superstore,store_1,0
0.95,0.7,0.2,0.1,0.1,0.05,0.05,0.05,0.0,0.0,0.0,0.0,0.0,0.0,0.0,0.25,0,geo,geo,geo,1
0.9,0.85,0.8,0.75,0.7,0.6,0.5,0.4,0.3,0.2,0.1,0.0,0.0,0.0,0.0,0.05,1,sakila_1,financial,customers_card_transactions,0
0.85,0.8,0.75,0.7,0.2,0.2,0.1,0.1,0.1,0.0,0.0,0.0,0.0,0.0,0.0,0.05,1,geo,geo,geo,1
0.95,0.05,0.0,0.0,0.0,0.0,0.0,0.0,0.0,0.0,0.0,0.0,0.0,0.0,0.0,0.9,0,geo,geo,geo,1
0.95,0.9,0.85,0.8,0.75,0.7,0.2,0.1,0.0,0.0,0.0,0.0,0.0,0.0,0.0,0.05,1,sakila_1,financial,sakila_1,0
0.95,0.0,0.0,0.0,0.0,0.0,0.0,0.0,0.0,0.0,0.0,0.0,0.0,0.0,0.0,0.95,0,geo,geo,geo,1
0.95,0.1,0.05,0.02,0.01,0.01,0.0,0.0,0.0,0.0,0.0,0.0,0.0,0.0,0.0,0.85,0,geo,geo,geo,1
0.85,0.75,0.7,0.7,0.7,0.65,0.1,0.1,0.1,0.1,0.0,0.0,0.0,0.0,0.0,0.1,1,sakila_1,human_resources,driving_school,0
0.95,0.0,0.0,0.0,0.0,0.0,0.0,0.0,0.0,0.0,0.0,0.0,0.0,0.0,0.0,0.95,0,geo,geo,geo,1
0.9,0.85,0.85,0.8,0.75,0.7,0.7,0.3,0.3,0.15,0.15,0.1,0.1,0.1,0.1,0.05,1,sakila_1,human_resources,sakila_1,0
0.95,0.1,0.05,0.01,0.0,0.0,0.0,0.0,0.0,0.0,0.0,0.0,0.0,0.0,0.0,0.85,0,geo,geo,geo,1
0.95,0.85,0.75,0.6,0.1,0.05,0.05,0.05,0.0,0.0,0.0,0.0,0.0,0.0,0.0,0.1,1,scholar,scholar,scholar,1
0.95,0.05,0.0,0.0,0.0,0.0,0.0,0.0,0.0,0.0,0.0,0.0,0.0,0.0,0.0,0.9,0,sakila_1,movie_3,sakila_1,0
0.95,0.05,0.05,0.0,0.0,0.0,0.0,0.0,0.0,0.0,0.0,0.0,0.0,0.0,0.0,0.9,0,geo,geo,geo,1
0.9,0.15,0.1,0.1,0.1,0.1,0.05,0.05,0.05,0.05,0.05,0.05,0.0,0.0,0.0,0.75,0,sakila_1,movie_3,sakila_1,0
0.95,0.7,0.05,0.01,0.01,0.01,0.01,0.0,0.0,0.0,0.0,0.0,0.0,0.0,0.0,0.25,0,geo,geo,geo,1
0.95,0.05,0.0,0.0,0.0,0.0,0.0,0.0,0.0,0.0,0.0,0.0,0.0,0.0,0.0,0.9,0,geo,geo,geo,1
0.95,0.9,0.85,0.75,0.1,0.05,0.05,0.05,0.01,0.01,0.0,0.0,0.0,0.0,0.0,0.05,1,scholar,scholar,scholar,1
0.95,0.85,0.75,0.65,0.55,0.1,0.05,0.05,0.0,0.0,0.0,0.0,0.0,0.0,0.0,0.1,1,scholar,scholar,scholar,1
0.95,0.05,0.05,0.0,0.0,0.0,0.0,0.0,0.0,0.0,0.0,0.0,0.0,0.0,0.0,0.9,0,geo,geo,geo,1
0.95,0.85,0.75,0.5,0.05,0.01,0.0,0.0,0.0,0.0,0.0,0.0,0.0,0.0,0.0,0.1,1,scholar,scholar,scholar,1
0.95,0.1,0.05,0.05,0.0,0.0,0.0,0.0,0.0,0.0,0.0,0.0,0.0,0.0,0.0,0.85,0,geo,geo,geo,1
0.95,0.9,0.85,0.7,0.15,0.1,0.05,0.05,0.0,0.0,0.0,0.0,0.0,0.0,0.0,0.05,1,scholar,scholar,scholar,1
0.85,0.75,0.6,0.5,0.15,0.1,0.05,0.0,0.0,0.0,0.0,0.0,0.0,0.0,0.0,0.1,1,scholar,scholar,scholar,1
0.95,0.9,0.85,0.75,0.7,0.3,0.2,0.2,0.1,0.1,0.0,0.0,0.0,0.0,0.0,0.05,1,geo,world_1,world_1,0
0.95,0.9,0.85,0.1,0.05,0.05,0.0,0.0,0.0,0.0,0.0,0.0,0.0,0.0,0.0,0.05,1,scholar,citeseer,scholar,0
0.95,0.7,0.3,0.1,0.05,0.05,0.05,0.0,0.0,0.0,0.0,0.0,0.0,0.0,0.0,0.25,0,scholar,scholar,scholar,1
0.95,0.05,0.0,0.0,0.0,0.0,0.0,0.0,0.0,0.0,0.0,0.0,0.0,0.0,0.0,0.9,0,geo,geo,geo,1
0.95,0.9,0.85,0.75,0.05,0.05,0.05,0.0,0.0,0.0,0.0,0.0,0.0,0.0,0.0,0.05,1,scholar,scholar,scholar,1
0.95,0.8,0.05,0.05,0.05,0.05,0.05,0.05,0.05,0.05,0.05,0.05,0.05,0.05,0.05,0.15,1,geo,geo,geo,1
0.95,0.1,0.05,0.05,0.0,0.0,0.0,0.0,0.0,0.0,0.0,0.0,0.0,0.0,0.0,0.85,0,geo,geo,geo,1
0.95,0.9,0.85,0.75,0.05,0.05,0.05,0.0,0.0,0.0,0.0,0.0,0.0,0.0,0.0,0.05,1,scholar,scholar,scholar,1
0.95,0.7,0.15,0.1,0.1,0.05,0.05,0.05,0.0,0.0,0.0,0.0,0.0,0.0,0.0,0.25,0,geo,geo,geo,1
0.9,0.85,0.7,0.0,0.0,0.0,0.0,0.0,0.0,0.0,0.0,0.0,0.0,0.0,0.0,0.05,1,geo,world_1,region_building,0
0.95,0.1,0.05,0.01,0.01,0.01,0.01,0.01,0.01,0.01,0.0,0.0,0.0,0.0,0.0,0.85,0,geo,geo,geo,1
0.95,0.85,0.75,0.5,0.1,0.05,0.05,0.0,0.0,0.0,0.0,0.0,0.0,0.0,0.0,0.1,1,scholar,scholar,scholar,1
0.95,0.9,0.85,0.75,0.05,0.05,0.05,0.0,0.0,0.0,0.0,0.0,0.0,0.0,0.0,0.05,1,scholar,scholar,scholar,1
0.95,0.9,0.85,0.75,0.1,0.1,0.05,0.05,0.0,0.0,0.0,0.0,0.0,0.0,0.0,0.05,1,geo,geo,geo,1
0.95,0.05,0.0,0.0,0.0,0.0,0.0,0.0,0.0,0.0,0.0,0.0,0.0,0.0,0.0,0.9,0,geo,geo,geo,1
0.95,0.9,0.85,0.75,0.05,0.02,0.01,0.0,0.0,0.0,0.0,0.0,0.0,0.0,0.0,0.05,1,scholar,scholar,scholar,1
0.95,0.9,0.85,0.75,0.05,0.05,0.05,0.05,0.0,0.0,0.0,0.0,0.0,0.0,0.0,0.05,1,scholar,scholar,scholar,1
0.95,0.0,0.0,0.0,0.0,0.0,0.0,0.0,0.0,0.0,0.0,0.0,0.0,0.0,0.0,0.95,0,geo,geo,geo,1
0.95,0.02,0.01,0.01,0.0,0.0,0.0,0.0,0.0,0.0,0.0,0.0,0.0,0.0,0.0,0.93,0,geo,geo,geo,1
0.95,0.9,0.85,0.75,0.1,0.05,0.05,0.0,0.0,0.0,0.0,0.0,0.0,0.0,0.0,0.05,1,scholar,scholar,scholar,1
0.95,0.9,0.85,0.75,0.7,0.05,0.05,0.05,0.0,0.0,0.0,0.0,0.0,0.0,0.0,0.05,1,scholar,scholar,scholar,1
0.95,0.85,0.75,0.6,0.5,0.1,0.05,0.05,0.05,0.0,0.0,0.0,0.0,0.0,0.0,0.1,1,scholar,scholar,scholar,1
0.95,0.0,0.0,0.0,0.0,0.0,0.0,0.0,0.0,0.0,0.0,0.0,0.0,0.0,0.0,0.95,0,geo,geo,geo,1
0.95,0.9,0.0,0.0,0.0,0.0,0.0,0.0,0.0,0.0,0.0,0.0,0.0,0.0,0.0,0.05,1,geo,geo,geo,1
0.95,0.1,0.05,0.0,0.0,0.0,0.0,0.0,0.0,0.0,0.0,0.0,0.0,0.0,0.0,0.85,0,geo,geo,geo,1
0.95,0.9,0.85,0.75,0.05,0.05,0.05,0.0,0.0,0.0,0.0,0.0,0.0,0.0,0.0,0.05,1,scholar,scholar,scholar,1
0.95,0.9,0.85,0.75,0.6,0.05,0.0,0.0,0.0,0.0,0.0,0.0,0.0,0.0,0.0,0.05,1,scholar,academic,academic,0
0.9,0.1,0.0,0.0,0.0,0.0,0.0,0.0,0.0,0.0,0.0,0.0,0.0,0.0,0.0,0.8,0,geo,geo,geo,1
0.95,0.92,0.9,0.85,0.1,0.05,0.04,0.03,0.02,0.01,0.0,0.0,0.0,0.0,0.0,0.03,1,scholar,academic,academic,0
0.95,0.05,0.0,0.0,0.0,0.0,0.0,0.0,0.0,0.0,0.0,0.0,0.0,0.0,0.0,0.9,0,geo,geo,geo,1
0.95,0.92,0.9,0.85,0.05,0.05,0.03,0.02,0.01,0.01,0.01,0.0,0.0,0.0,0.0,0.03,1,scholar,academic,academic,0
0.95,0.92,0.9,0.85,0.75,0.05,0.02,0.01,0.01,0.0,0.0,0.0,0.0,0.0,0.0,0.03,1,scholar,academic,academic,0
0.98,0.01,0.01,0.01,0.01,0.01,0.01,0.01,0.0,0.0,0.0,0.0,0.0,0.0,0.0,0.97,0,geo,geo,geo,1
0.95,0.1,0.05,0.01,0.01,0.01,0.01,0.01,0.01,0.01,0.0,0.0,0.0,0.0,0.0,0.85,0,geo,geo,geo,1
0.95,0.05,0.0,0.0,0.0,0.0,0.0,0.0,0.0,0.0,0.0,0.0,0.0,0.0,0.0,0.9,0,geo,geo,geo,1
0.95,0.92,0.9,0.85,0.1,0.1,0.1,0.05,0.05,0.05,0.05,0.05,0.05,0.05,0.05,0.03,1,scholar,authors,academic,0
0.95,0.9,0.85,0.8,0.1,0.1,0.1,0.1,0.1,0.1,0.05,0.05,0.05,0.05,0.05,0.05,1,scholar,authors,academic,0
0.95,0.01,0.0,0.0,0.0,0.0,0.0,0.0,0.0,0.0,0.0,0.0,0.0,0.0,0.0,0.94,0,geo,geo,geo,1
0.95,0.7,0.6,0.5,0.2,0.05,0.05,0.0,0.0,0.0,0.0,0.0,0.0,0.0,0.0,0.25,0,geo,geo,geo,1
0.95,0.92,0.9,0.85,0.1,0.05,0.03,0.02,0.01,0.0,0.0,0.0,0.0,0.0,0.0,0.03,1,scholar,academic,academic,0
0.95,0.05,0.05,0.0,0.0,0.0,0.0,0.0,0.0,0.0,0.0,0.0,0.0,0.0,0.0,0.9,0,geo,geo,geo,1
0.95,0.92,0.9,0.88,0.85,0.1,0.05,0.05,0.05,0.0,0.0,0.0,0.0,0.0,0.0,0.03,1,scholar,academic,academic,0
0.95,0.92,0.9,0.85,0.75,0.1,0.1,0.1,0.1,0.1,0.05,0.05,0.05,0.05,0.05,0.03,1,scholar,authors,academic,0
0.95,0.9,0.9,0.7,0.1,0.1,0.05,0.05,0.05,0.05,0.05,0.0,0.0,0.0,0.0,0.05,1,scholar,academic,academic,0
0.95,0.01,0.0,0.0,0.0,0.0,0.0,0.0,0.0,0.0,0.0,0.0,0.0,0.0,0.0,0.94,0,geo,geo,geo,1
0.95,0.05,0.02,0.01,0.01,0.01,0.01,0.01,0.01,0.0,0.0,0.0,0.0,0.0,0.0,0.9,0,geo,geo,geo,1
0.95,0.1,0.05,0.0,0.0,0.0,0.0,0.0,0.0,0.0,0.0,0.0,0.0,0.0,0.0,0.85,0,geo,geo,geo,1
0.8,0.7,0.7,0.7,0.6,0.2,0.1,0.1,0.1,0.1,0.1,0.0,0.0,0.0,0.0,0.1,1,scholar,company_1,academic,0
0.95,0.05,0.05,0.0,0.0,0.0,0.0,0.0,0.0,0.0,0.0,0.0,0.0,0.0,0.0,0.9,0,geo,geo,geo,1
0.95,0.92,0.9,0.85,0.15,0.1,0.1,0.05,0.05,0.05,0.0,0.0,0.0,0.0,0.0,0.03,1,scholar,academic,academic,0
0.95,0.1,0.05,0.0,0.0,0.0,0.0,0.0,0.0,0.0,0.0,0.0,0.0,0.0,0.0,0.85,0,geo,geo,geo,1
0.95,0.05,0.0,0.0,0.0,0.0,0.0,0.0,0.0,0.0,0.0,0.0,0.0,0.0,0.0,0.9,0,geo,geo,geo,1
0.95,0.92,0.9,0.85,0.1,0.05,0.02,0.01,0.0,0.0,0.0,0.0,0.0,0.0,0.0,0.03,1,scholar,academic,academic,0
0.95,0.7,0.0,0.0,0.0,0.0,0.0,0.0,0.0,0.0,0.0,0.0,0.0,0.0,0.0,0.25,0,scholar,scholar,scholar,1
0.95,0.92,0.9,0.85,0.1,0.05,0.05,0.02,0.01,0.01,0.0,0.0,0.0,0.0,0.0,0.03,1,scholar,academic,academic,0
0.95,0.0,0.0,0.0,0.0,0.0,0.0,0.0,0.0,0.0,0.0,0.0,0.0,0.0,0.0,0.95,0,geo,geo,geo,1
0.95,0.05,0.0,0.0,0.0,0.0,0.0,0.0,0.0,0.0,0.0,0.0,0.0,0.0,0.0,0.9,0,geo,geo,geo,1
0.95,0.7,0.6,0.1,0.1,0.05,0.05,0.0,0.0,0.0,0.0,0.0,0.0,0.0,0.0,0.25,0,scholar,scholar,scholar,1
0.95,0.0,0.0,0.0,0.0,0.0,0.0,0.0,0.0,0.0,0.0,0.0,0.0,0.0,0.0,0.95,0,geo,geo,geo,1
0.95,0.7,0.0,0.0,0.0,0.0,0.0,0.0,0.0,0.0,0.0,0.0,0.0,0.0,0.0,0.25,0,scholar,scholar,scholar,1
0.85,0.7,0.6,0.3,0.2,0.2,0.1,0.1,0.1,0.0,0.0,0.0,0.0,0.0,0.0,0.15,1,gymnast,gymnast,gymnast,1
0.85,0.75,0.0,0.0,0.0,0.0,0.0,0.0,0.0,0.0,0.0,0.0,0.0,0.0,0.0,0.1,1,scholar,image_and_language,scholar,0
0.95,0.7,0.6,0.5,0.2,0.1,0.1,0.1,0.0,0.0,0.0,0.0,0.0,0.0,0.0,0.25,0,scholar,scholar,scholar,1
0.95,0.85,0.75,0.05,0.05,0.05,0.05,0.01,0.01,0.01,0.01,0.01,0.01,0.01,0.01,0.1,1,gymnast,gymnast,gymnast,1
0.95,0.9,0.85,0.1,0.05,0.05,0.05,0.05,0.0,0.0,0.0,0.0,0.0,0.0,0.0,0.05,1,scholar,scholar,scholar,1
0.95,0.7,0.6,0.5,0.1,0.1,0.1,0.1,0.0,0.0,0.0,0.0,0.0,0.0,0.0,0.25,0,scholar,scholar,scholar,1
0.95,0.85,0.75,0.5,0.05,0.01,0.0,0.0,0.0,0.0,0.0,0.0,0.0,0.0,0.0,0.1,1,scholar,scholar,scholar,1
0.95,0.1,0.0,0.0,0.0,0.0,0.0,0.0,0.0,0.0,0.0,0.0,0.0,0.0,0.0,0.85,0,gymnast,gymnast,gymnast,1
0.95,0.85,0.75,0.65,0.05,0.05,0.0,0.0,0.0,0.0,0.0,0.0,0.0,0.0,0.0,0.1,1,scholar,scholar,scholar,1
0.9,0.9,0.8,0.1,0.1,0.1,0.1,0.05,0.05,0.05,0.0,0.0,0.0,0.0,0.0,0.0,1,gymnast,gymnast,gymnast,1
0.95,0.9,0.85,0.75,0.2,0.05,0.0,0.0,0.0,0.0,0.0,0.0,0.0,0.0,0.0,0.05,1,scholar,academic,academic,0
0.95,0.1,0.1,0.05,0.01,0.01,0.01,0.01,0.01,0.0,0.0,0.0,0.0,0.0,0.0,0.85,0,gymnast,gymnast,gymnast,1
0.95,0.85,0.7,0.1,0.1,0.1,0.05,0.05,0.05,0.05,0.05,0.05,0.05,0.05,0.05,0.1,1,gymnast,gymnast,gymnast,1
0.95,0.85,0.8,0.75,0.7,0.5,0.05,0.05,0.05,0.0,0.0,0.0,0.0,0.0,0.0,0.1,1,scholar,academic,conference,0
0.95,0.05,0.0,0.0,0.0,0.0,0.0,0.0,0.0,0.0,0.0,0.0,0.0,0.0,0.0,0.9,0,gymnast,gymnast,gymnast,1
0.95,0.92,0.9,0.75,0.1,0.05,0.01,0.0,0.0,0.0,0.0,0.0,0.0,0.0,0.0,0.03,1,scholar,scholar,scholar,1
0.95,0.25,0.2,0.15,0.1,0.1,0.05,0.05,0.05,0.05,0.05,0.0,0.0,0.0,0.0,0.7,0,gymnast,gymnast,gymnast,1
0.95,0.9,0.85,0.75,0.05,0.05,0.0,0.0,0.0,0.0,0.0,0.0,0.0,0.0,0.0,0.05,1,scholar,scholar,scholar,1
0.85,0.8,0.75,0.15,0.1,0.05,0.05,0.05,0.05,0.05,0.05,0.05,0.0,0.0,0.0,0.05,1,gymnast,gymnast,gymnast,1
0.95,0.85,0.75,0.65,0.05,0.05,0.0,0.0,0.0,0.0,0.0,0.0,0.0,0.0,0.0,0.1,1,scholar,scholar,scholar,1
0.9,0.9,0.9,0.85,0.05,0.05,0.05,0.05,0.05,0.05,0.0,0.0,0.0,0.0,0.0,0.0,1,gymnast,gymnast,body_builder,1
0.95,0.9,0.85,0.75,0.05,0.05,0.0,0.0,0.0,0.0,0.0,0.0,0.0,0.0,0.0,0.05,1,scholar,scholar,scholar,1
0.98,0.95,0.85,0.05,0.01,0.01,0.01,0.01,0.01,0.01,0.0,0.0,0.0,0.0,0.0,0.03,1,gymnast,gymnast,shop_membership,1
0.9,0.85,0.85,0.8,0.15,0.1,0.1,0.05,0.05,0.05,0.05,0.0,0.0,0.0,0.0,0.05,1,gymnast,gymnast,gymnast,1
0.95,0.9,0.7,0.6,0.5,0.0,0.0,0.0,0.0,0.0,0.0,0.0,0.0,0.0,0.0,0.05,1,scholar,citeseer,academic,0
0.95,0.0,0.0,0.0,0.0,0.0,0.0,0.0,0.0,0.0,0.0,0.0,0.0,0.0,0.0,0.95,0,gymnast,gymnast,gymnast,1
0.95,0.85,0.75,0.65,0.05,0.0,0.0,0.0,0.0,0.0,0.0,0.0,0.0,0.0,0.0,0.1,1,scholar,scholar,scholar,1
0.95,0.85,0.75,0.65,0.05,0.05,0.0,0.0,0.0,0.0,0.0,0.0,0.0,0.0,0.0,0.1,1,scholar,scholar,scholar,1
0.9,0.85,0.2,0.1,0.1,0.1,0.05,0.05,0.05,0.05,0.05,0.05,0.0,0.0,0.0,0.05,1,gymnast,gymnast,gymnast,1
0.9,0.88,0.85,0.8,0.75,0.01,0.01,0.01,0.01,0.0,0.0,0.0,0.0,0.0,0.0,0.02,1,gymnast,network_2,address_1,0
0.95,0.9,0.8,0.1,0.1,0.1,0.0,0.0,0.0,0.0,0.0,0.0,0.0,0.0,0.0,0.05,1,gymnast,network_2,perpetrator,0
0.95,0.92,0.9,0.85,0.1,0.1,0.05,0.05,0.05,0.0,0.0,0.0,0.0,0.0,0.0,0.03,1,scholar,scholar,scholar,1
0.95,0.9,0.85,0.75,0.05,0.05,0.05,0.05,0.05,0.0,0.0,0.0,0.0,0.0,0.0,0.05,1,scholar,academic,academic,0
0.95,0.8,0.1,0.1,0.05,0.05,0.0,0.0,0.0,0.0,0.0,0.0,0.0,0.0,0.0,0.15,1,gymnast,gymnast,gymnast,1
0.95,0.9,0.85,0.75,0.05,0.05,0.05,0.05,0.0,0.0,0.0,0.0,0.0,0.0,0.0,0.05,1,scholar,scholar,scholar,1
0.95,0.1,0.01,0.01,0.01,0.01,0.01,0.01,0.01,0.0,0.0,0.0,0.0,0.0,0.0,0.85,0,gymnast,world_1,perpetrator,0
0.95,0.9,0.9,0.7,0.1,0.1,0.1,0.05,0.05,0.05,0.0,0.0,0.0,0.0,0.0,0.05,1,scholar,scholar,scholar,1
0.9,0.75,0.7,0.65,0.6,0.2,0.15,0.1,0.05,0.05,0.0,0.0,0.0,0.0,0.0,0.15,1,gymnast,gymnast,gymnast,1
0.95,0.9,0.85,0.75,0.05,0.05,0.05,0.05,0.0,0.0,0.0,0.0,0.0,0.0,0.0,0.05,1,scholar,scholar,scholar,1
0.8,0.1,0.05,0.05,0.0,0.0,0.0,0.0,0.0,0.0,0.0,0.0,0.0,0.0,0.0,0.7,0,gymnast,world_1,perpetrator,0
0.85,0.1,0.05,0.05,0.05,0.05,0.05,0.0,0.0,0.0,0.0,0.0,0.0,0.0,0.0,0.75,0,hospital_1,synthea,hospital_1,0
0.95,0.95,0.95,0.1,0.1,0.1,0.1,0.1,0.1,0.1,0.1,0.05,0.05,0.05,0.05,0.0,1,scholar,citeseer,academic,0
0.95,0.95,0.95,0.7,0.7,0.6,0.6,0.1,0.1,0.1,0.1,0.1,0.1,0.1,0.1,0.0,1,scholar,citeseer,scholar,0
0.95,0.05,0.0,0.0,0.0,0.0,0.0,0.0,0.0,0.0,0.0,0.0,0.0,0.0,0.0,0.9,0,hospital_1,hospital_1,hospital_1,1
0.85,0.65,0.15,0.05,0.05,0.05,0.05,0.0,0.0,0.0,0.0,0.0,0.0,0.0,0.0,0.2,1,hospital_1,synthea,hospital_1,0
0.95,0.05,0.0,0.0,0.0,0.0,0.0,0.0,0.0,0.0,0.0,0.0,0.0,0.0,0.0,0.9,0,hospital_1,hospital_1,hospital_1,1
0.95,0.9,0.85,0.1,0.05,0.05,0.05,0.0,0.0,0.0,0.0,0.0,0.0,0.0,0.0,0.05,1,scholar,scholar,scholar,1
0.95,0.9,0.85,0.75,0.05,0.01,0.01,0.01,0.0,0.0,0.0,0.0,0.0,0.0,0.0,0.05,1,scholar,scholar,scholar,1
0.95,0.0,0.0,0.0,0.0,0.0,0.0,0.0,0.0,0.0,0.0,0.0,0.0,0.0,0.0,0.95,0,hospital_1,student_1,hospital_1,0
0.95,0.9,0.85,0.1,0.05,0.05,0.05,0.0,0.0,0.0,0.0,0.0,0.0,0.0,0.0,0.05,1,scholar,scholar,scholar,1
0.95,0.9,0.85,0.75,0.1,0.1,0.1,0.1,0.1,0.1,0.1,0.1,0.1,0.1,0.1,0.05,1,scholar,citeseer,scholar,0
0.95,0.0,0.0,0.0,0.0,0.0,0.0,0.0,0.0,0.0,0.0,0.0,0.0,0.0,0.0,0.95,0,hospital_1,student_1,hospital_1,0
0.95,0.15,0.15,0.1,0.1,0.1,0.1,0.1,0.1,0.1,0.05,0.05,0.0,0.0,0.0,0.8,0,allergy_1,allergy_1,allergy_1,1
0.95,0.7,0.1,0.1,0.05,0.05,0.0,0.0,0.0,0.0,0.0,0.0,0.0,0.0,0.0,0.25,0,products_gen_characteristics,products_gen_characteristics,products_gen_characteristics,1
0.95,0.6,0.5,0.5,0.5,0.5,0.5,0.5,0.2,0.1,0.1,0.0,0.0,0.0,0.0,0.35,0,allergy_1,allergy_1,allergy_1,1
0.95,0.05,0.05,0.05,0.05,0.05,0.05,0.0,0.0,0.0,0.0,0.0,0.0,0.0,0.0,0.9,0,allergy_1,allergy_1,allergy_1,1
0.95,0.9,0.85,0.5,0.1,0.1,0.1,0.1,0.1,0.1,0.1,0.1,0.05,0.05,0.05,0.05,1,scholar,citeseer,scholar,0
0.95,0.25,0.2,0.15,0.1,0.1,0.1,0.05,0.05,0.01,0.01,0.0,0.0,0.0,0.0,0.7,0,products_gen_characteristics,products_gen_characteristics,products_gen_characteristics,1
0.9,0.2,0.2,0.2,0.15,0.1,0.05,0.05,0.0,0.0,0.0,0.0,0.0,0.0,0.0,0.7,0,products_gen_characteristics,products_gen_characteristics,products_gen_characteristics,1
1.0,0.1,0.1,0.1,0.1,0.1,0.1,0.05,0.05,0.05,0.0,0.0,0.0,0.0,0.0,0.9,0,allergy_1,allergy_1,allergy_1,1
0.95,0.05,0.0,0.0,0.0,0.0,0.0,0.0,0.0,0.0,0.0,0.0,0.0,0.0,0.0,0.9,0,allergy_1,allergy_1,allergy_1,1
0.95,0.9,0.85,0.1,0.05,0.05,0.0,0.0,0.0,0.0,0.0,0.0,0.0,0.0,0.0,0.05,1,products_gen_characteristics,products_gen_characteristics,products_gen_characteristics,1
0.95,0.05,0.05,0.05,0.05,0.05,0.05,0.05,0.0,0.0,0.0,0.0,0.0,0.0,0.0,0.9,0,allergy_1,allergy_1,allergy_1,1
0.9,0.9,0.85,0.1,0.1,0.05,0.05,0.05,0.05,0.0,0.0,0.0,0.0,0.0,0.0,0.0,1,products_gen_characteristics,products_gen_characteristics,products_gen_characteristics,1
0.95,0.1,0.1,0.05,0.05,0.05,0.05,0.05,0.05,0.0,0.0,0.0,0.0,0.0,0.0,0.85,0,allergy_1,allergy_1,allergy_1,1
0.95,0.9,0.85,0.8,0.75,0.7,0.1,0.05,0.03,0.02,0.01,0.01,0.0,0.0,0.0,0.05,1,products_gen_characteristics,products_gen_characteristics,products_gen_characteristics,1
0.95,0.85,0.1,0.1,0.05,0.0,0.0,0.0,0.0,0.0,0.0,0.0,0.0,0.0,0.0,0.1,1,products_gen_characteristics,products_gen_characteristics,products_gen_characteristics,1
0.95,0.1,0.1,0.1,0.1,0.1,0.1,0.05,0.05,0.05,0.0,0.0,0.0,0.0,0.0,0.85,0,allergy_1,allergy_1,allergy_1,1
0.95,0.9,0.85,0.1,0.05,0.05,0.01,0.01,0.01,0.01,0.0,0.0,0.0,0.0,0.0,0.05,1,products_gen_characteristics,products_gen_characteristics,products_gen_characteristics,1
0.95,0.05,0.05,0.05,0.05,0.05,0.05,0.05,0.05,0.05,0.0,0.0,0.0,0.0,0.0,0.9,0,allergy_1,allergy_1,allergy_1,1
0.95,0.9,0.9,0.1,0.1,0.05,0.05,0.05,0.0,0.0,0.0,0.0,0.0,0.0,0.0,0.05,1,products_gen_characteristics,products_gen_characteristics,e_commerce,1
0.95,0.05,0.05,0.05,0.05,0.05,0.05,0.05,0.0,0.0,0.0,0.0,0.0,0.0,0.0,0.9,0,allergy_1,allergy_1,allergy_1,1
0.95,0.85,0.05,0.01,0.01,0.01,0.01,0.01,0.01,0.0,0.0,0.0,0.0,0.0,0.0,0.1,1,products_gen_characteristics,products_gen_characteristics,products_gen_characteristics,1
0.95,0.05,0.05,0.05,0.05,0.05,0.05,0.05,0.0,0.0,0.0,0.0,0.0,0.0,0.0,0.9,0,allergy_1,allergy_1,allergy_1,1
0.95,0.05,0.05,0.05,0.05,0.05,0.05,0.05,0.05,0.05,0.05,0.0,0.0,0.0,0.0,0.9,0,allergy_1,allergy_1,allergy_1,1
0.95,0.15,0.1,0.05,0.01,0.01,0.01,0.01,0.01,0.0,0.0,0.0,0.0,0.0,0.0,0.8,0,products_gen_characteristics,products_gen_characteristics,products_gen_characteristics,1
0.95,0.05,0.05,0.05,0.05,0.05,0.05,0.05,0.05,0.05,0.0,0.0,0.0,0.0,0.0,0.9,0,allergy_1,allergy_1,allergy_1,1
0.75,0.7,0.1,0.1,0.05,0.05,0.05,0.0,0.0,0.0,0.0,0.0,0.0,0.0,0.0,0.05,1,products_gen_characteristics,cookbook,customers_and_invoices,0
0.95,0.15,0.1,0.05,0.01,0.01,0.01,0.01,0.01,0.0,0.0,0.0,0.0,0.0,0.0,0.8,0,products_gen_characteristics,products_gen_characteristics,products_gen_characteristics,1
0.95,0.1,0.1,0.1,0.1,0.1,0.1,0.05,0.05,0.05,0.05,0.05,0.05,0.0,0.0,0.85,0,allergy_1,allergy_1,allergy_1,1
0.95,0.7,0.1,0.1,0.05,0.05,0.05,0.05,0.0,0.0,0.0,0.0,0.0,0.0,0.0,0.25,0,products_gen_characteristics,products_gen_characteristics,products_gen_characteristics,1
0.95,0.0,0.0,0.0,0.0,0.0,0.0,0.0,0.0,0.0,0.0,0.0,0.0,0.0,0.0,0.95,0,allergy_1,allergy_1,allergy_1,1
0.95,0.85,0.75,0.1,0.05,0.05,0.0,0.0,0.0,0.0,0.0,0.0,0.0,0.0,0.0,0.1,1,products_gen_characteristics,products_gen_characteristics,products_gen_characteristics,1
0.95,0.05,0.05,0.05,0.05,0.05,0.05,0.05,0.0,0.0,0.0,0.0,0.0,0.0,0.0,0.9,0,allergy_1,allergy_1,allergy_1,1
0.95,0.7,0.1,0.1,0.1,0.1,0.1,0.1,0.05,0.05,0.05,0.05,0.0,0.0,0.0,0.25,0,allergy_1,allergy_1,allergy_1,1
0.95,0.85,0.25,0.2,0.2,0.15,0.1,0.1,0.05,0.05,0.0,0.0,0.0,0.0,0.0,0.1,1,products_gen_characteristics,cookbook,products_gen_characteristics,0
0.85,0.75,0.6,0.5,0.2,0.15,0.1,0.05,0.05,0.0,0.0,0.0,0.0,0.0,0.0,0.1,1,products_gen_characteristics,cookbook,products_gen_characteristics,0
0.95,0.05,0.05,0.05,0.05,0.05,0.05,0.05,0.05,0.05,0.05,0.0,0.0,0.0,0.0,0.9,0,allergy_1,allergy_1,allergy_1,1
0.95,0.05,0.0,0.0,0.0,0.0,0.0,0.0,0.0,0.0,0.0,0.0,0.0,0.0,0.0,0.9,0,allergy_1,allergy_1,allergy_1,1
0.95,0.9,0.1,0.1,0.05,0.0,0.0,0.0,0.0,0.0,0.0,0.0,0.0,0.0,0.0,0.05,1,products_gen_characteristics,products_gen_characteristics,products_gen_characteristics,1
0.95,0.1,0.1,0.1,0.1,0.1,0.1,0.1,0.1,0.05,0.05,0.0,0.0,0.0,0.0,0.85,0,allergy_1,allergy_1,allergy_1,1
0.95,0.9,0.85,0.05,0.01,0.01,0.01,0.01,0.01,0.0,0.0,0.0,0.0,0.0,0.0,0.05,1,products_gen_characteristics,products_gen_characteristics,products_gen_characteristics,1
0.9,0.85,0.1,0.1,0.05,0.05,0.0,0.0,0.0,0.0,0.0,0.0,0.0,0.0,0.0,0.05,1,products_gen_characteristics,products_gen_characteristics,products_gen_characteristics,1
0.9,0.1,0.1,0.1,0.1,0.1,0.1,0.1,0.1,0.05,0.05,0.05,0.0,0.0,0.0,0.8,0,allergy_1,allergy_1,allergy_1,1
0.95,0.7,0.6,0.6,0.6,0.6,0.6,0.05,0.05,0.0,0.0,0.0,0.0,0.0,0.0,0.25,0,allergy_1,allergy_1,allergy_1,1
0.95,0.95,0.9,0.85,0.1,0.1,0.05,0.05,0.05,0.05,0.05,0.0,0.0,0.0,0.0,0.0,1,products_gen_characteristics,products_gen_characteristics,e_commerce,1
0.95,0.1,0.1,0.1,0.1,0.1,0.05,0.0,0.0,0.0,0.0,0.0,0.0,0.0,0.0,0.85,0,allergy_1,allergy_1,allergy_1,1
0.9,0.85,0.75,0.65,0.6,0.55,0.5,0.1,0.05,0.05,0.05,0.0,0.0,0.0,0.0,0.05,1,products_gen_characteristics,products_gen_characteristics,products_gen_characteristics,1
0.95,0.85,0.75,0.75,0.75,0.75,0.2,0.2,0.1,0.05,0.0,0.0,0.0,0.0,0.0,0.1,1,allergy_1,allergy_1,allergy_1,1
0.95,0.85,0.8,0.05,0.05,0.0,0.0,0.0,0.0,0.0,0.0,0.0,0.0,0.0,0.0,0.1,1,products_gen_characteristics,products_gen_characteristics,products_gen_characteristics,1
0.95,0.75,0.1,0.1,0.1,0.1,0.1,0.05,0.01,0.01,0.01,0.0,0.0,0.0,0.0,0.2,1,allergy_1,allergy_1,allergy_1,1
0.9,0.85,0.8,0.1,0.1,0.1,0.1,0.05,0.01,0.01,0.0,0.0,0.0,0.0,0.0,0.05,1,products_gen_characteristics,products_gen_characteristics,products_gen_characteristics,1
0.9,0.85,0.8,0.1,0.05,0.05,0.03,0.02,0.01,0.0,0.0,0.0,0.0,0.0,0.0,0.05,1,products_gen_characteristics,products_gen_characteristics,products_gen_characteristics,1
0.95,0.1,0.1,0.1,0.1,0.1,0.1,0.1,0.1,0.05,0.0,0.0,0.0,0.0,0.0,0.85,0,allergy_1,allergy_1,allergy_1,1
0.9,0.5,0.4,0.3,0.1,0.1,0.05,0.05,0.0,0.0,0.0,0.0,0.0,0.0,0.0,0.4,0,products_gen_characteristics,products_gen_characteristics,products_gen_characteristics,1
0.95,0.2,0.2,0.2,0.2,0.2,0.2,0.2,0.1,0.05,0.05,0.05,0.05,0.0,0.0,0.75,0,allergy_1,allergy_1,allergy_1,1
0.95,0.1,0.05,0.05,0.05,0.05,0.05,0.05,0.01,0.01,0.01,0.01,0.0,0.0,0.0,0.85,0,products_gen_characteristics,products_gen_characteristics,products_gen_characteristics,1
0.95,0.05,0.05,0.05,0.05,0.05,0.05,0.05,0.05,0.05,0.05,0.05,0.0,0.0,0.0,0.9,0,allergy_1,allergy_1,allergy_1,1
0.95,0.1,0.05,0.05,0.05,0.01,0.01,0.01,0.01,0.01,0.01,0.0,0.0,0.0,0.0,0.85,0,apartment_rentals,apartment_rentals,apartment_rentals,1
0.95,0.6,0.5,0.4,0.3,0.2,0.1,0.1,0.05,0.01,0.01,0.0,0.0,0.0,0.0,0.35,0,products_gen_characteristics,products_gen_characteristics,products_gen_characteristics,1
0.95,0.1,0.1,0.05,0.05,0.05,0.05,0.05,0.05,0.05,0.05,0.05,0.05,0.0,0.0,0.85,0,products_gen_characteristics,products_gen_characteristics,products_gen_characteristics,1
0.9,0.75,0.7,0.65,0.65,0.6,0.3,0.2,0.1,0.1,0.05,0.05,0.0,0.0,0.0,0.15,1,products_gen_characteristics,products_gen_characteristics,products_gen_characteristics,1
0.95,0.1,0.05,0.04,0.03,0.03,0.02,0.02,0.01,0.01,0.01,0.01,0.0,0.0,0.0,0.85,0,apartment_rentals,apartment_rentals,apartment_rentals,1
0.95,0.75,0.6,0.2,0.15,0.1,0.1,0.05,0.05,0.05,0.01,0.01,0.0,0.0,0.0,0.2,1,apartment_rentals,apartment_rentals,apartment_rentals,1
0.95,0.05,0.05,0.05,0.05,0.05,0.05,0.05,0.05,0.05,0.0,0.0,0.0,0.0,0.0,0.9,0,allergy_1,allergy_1,allergy_1,1
0.95,0.7,0.1,0.05,0.05,0.05,0.05,0.05,0.01,0.01,0.01,0.0,0.0,0.0,0.0,0.25,0,apartment_rentals,apartment_rentals,apartment_rentals,1
0.95,0.75,0.6,0.5,0.5,0.5,0.1,0.05,0.05,0.05,0.05,0.05,0.05,0.0,0.0,0.2,1,products_gen_characteristics,products_gen_characteristics,products_gen_characteristics,1
0.95,0.7,0.3,0.2,0.1,0.05,0.05,0.0,0.0,0.0,0.0,0.0,0.0,0.0,0.0,0.25,0,program_share,program_share,program_share,1
0.95,0.75,0.7,0.65,0.65,0.6,0.1,0.05,0.05,0.05,0.05,0.05,0.05,0.0,0.0,0.2,1,products_gen_characteristics,products_gen_characteristics,products_gen_characteristics,1
0.95,0.1,0.05,0.05,0.05,0.0,0.0,0.0,0.0,0.0,0.0,0.0,0.0,0.0,0.0,0.85,0,program_share,program_share,program_share,1
0.95,0.1,0.05,0.05,0.05,0.0,0.0,0.0,0.0,0.0,0.0,0.0,0.0,0.0,0.0,0.85,0,program_share,program_share,program_share,1
0.95,0.2,0.1,0.05,0.01,0.01,0.01,0.01,0.01,0.01,0.01,0.01,0.0,0.0,0.0,0.75,0,apartment_rentals,apartment_rentals,apartment_rentals,1
0.95,0.1,0.05,0.0,0.0,0.0,0.0,0.0,0.0,0.0,0.0,0.0,0.0,0.0,0.0,0.85,0,apartment_rentals,apartment_rentals,apartment_rentals,1
0.95,0.85,0.75,0.65,0.6,0.6,0.2,0.2,0.1,0.05,0.05,0.0,0.0,0.0,0.0,0.1,1,products_gen_characteristics,products_gen_characteristics,products_gen_characteristics,1
0.95,0.2,0.1,0.0,0.0,0.0,0.0,0.0,0.0,0.0,0.0,0.0,0.0,0.0,0.0,0.75,0,apartment_rentals,apartment_rentals,apartment_rentals,1
0.95,0.05,0.01,0.01,0.01,0.01,0.0,0.0,0.0,0.0,0.0,0.0,0.0,0.0,0.0,0.9,0,program_share,program_share,program_share,1
0.95,0.1,0.05,0.01,0.01,0.0,0.0,0.0,0.0,0.0,0.0,0.0,0.0,0.0,0.0,0.85,0,apartment_rentals,apartment_rentals,apartment_rentals,1
0.95,0.1,0.05,0.05,0.05,0.05,0.05,0.05,0.0,0.0,0.0,0.0,0.0,0.0,0.0,0.85,0,program_share,program_share,program_share,1
0.95,0.0,0.0,0.0,0.0,0.0,0.0,0.0,0.0,0.0,0.0,0.0,0.0,0.0,0.0,0.95,0,apartment_rentals,apartment_rentals,apartment_rentals,1
0.9,0.3,0.2,0.1,0.1,0.05,0.05,0.0,0.0,0.0,0.0,0.0,0.0,0.0,0.0,0.6,0,program_share,program_share,program_share,1
0.95,0.7,0.1,0.05,0.05,0.05,0.0,0.0,0.0,0.0,0.0,0.0,0.0,0.0,0.0,0.25,0,apartment_rentals,apartment_rentals,apartment_rentals,1
0.95,0.3,0.15,0.1,0.1,0.1,0.05,0.05,0.05,0.05,0.05,0.05,0.05,0.0,0.0,0.65,0,apartment_rentals,apartment_rentals,apartment_rentals,1
0.95,0.05,0.01,0.01,0.01,0.01,0.01,0.01,0.01,0.01,0.01,0.0,0.0,0.0,0.0,0.9,0,program_share,program_share,program_share,1
0.95,0.05,0.01,0.01,0.01,0.01,0.01,0.01,0.01,0.01,0.0,0.0,0.0,0.0,0.0,0.9,0,program_share,program_share,program_share,1
0.95,0.1,0.05,0.05,0.01,0.01,0.01,0.01,0.01,0.01,0.01,0.01,0.01,0.0,0.0,0.85,0,apartment_rentals,apartment_rentals,apartment_rentals,1
0.95,0.05,0.01,0.01,0.01,0.01,0.01,0.01,0.01,0.0,0.0,0.0,0.0,0.0,0.0,0.9,0,program_share,program_share,program_share,1
0.95,0.05,0.01,0.01,0.01,0.01,0.01,0.01,0.01,0.01,0.01,0.01,0.01,0.0,0.0,0.9,0,apartment_rentals,apartment_rentals,apartment_rentals,1
0.85,0.1,0.05,0.05,0.05,0.05,0.05,0.05,0.05,0.0,0.0,0.0,0.0,0.0,0.0,0.75,0,program_share,program_share,program_share,1
0.95,0.05,0.05,0.02,0.02,0.01,0.01,0.01,0.01,0.01,0.01,0.01,0.01,0.01,0.01,0.9,0,apartment_rentals,apartment_rentals,apartment_rentals,1
0.95,0.9,0.1,0.05,0.02,0.01,0.01,0.01,0.01,0.01,0.01,0.01,0.0,0.0,0.0,0.05,1,apartment_rentals,apartment_rentals,apartment_rentals,1
0.95,0.1,0.05,0.01,0.01,0.01,0.01,0.01,0.01,0.0,0.0,0.0,0.0,0.0,0.0,0.85,0,program_share,program_share,program_share,1
0.95,0.7,0.1,0.05,0.0,0.0,0.0,0.0,0.0,0.0,0.0,0.0,0.0,0.0,0.0,0.25,0,apartment_rentals,apartment_rentals,apartment_rentals,1
0.95,0.9,0.85,0.05,0.01,0.01,0.01,0.01,0.01,0.01,0.01,0.0,0.0,0.0,0.0,0.05,1,apartment_rentals,apartment_rentals,products_for_hire,1
0.95,0.05,0.05,0.01,0.01,0.01,0.01,0.01,0.01,0.0,0.0,0.0,0.0,0.0,0.0,0.9,0,program_share,program_share,program_share,1
0.95,0.85,0.05,0.01,0.01,0.01,0.0,0.0,0.0,0.0,0.0,0.0,0.0,0.0,0.0,0.1,1,apartment_rentals,apartment_rentals,apartment_rentals,1
0.95,0.85,0.0,0.0,0.0,0.0,0.0,0.0,0.0,0.0,0.0,0.0,0.0,0.0,0.0,0.1,1,program_share,program_share,program_share,1
0.95,0.1,0.05,0.05,0.05,0.0,0.0,0.0,0.0,0.0,0.0,0.0,0.0,0.0,0.0,0.85,0,apartment_rentals,apartment_rentals,apartment_rentals,1
0.9,0.85,0.8,0.75,0.1,0.05,0.05,0.05,0.05,0.05,0.05,0.0,0.0,0.0,0.0,0.05,1,program_share,tv_shows,program_share,0
0.95,0.85,0.7,0.6,0.05,0.01,0.01,0.01,0.01,0.01,0.01,0.01,0.01,0.01,0.0,0.1,1,program_share,tv_shows,program_share,0
0.98,0.95,0.85,0.75,0.3,0.05,0.05,0.05,0.05,0.05,0.05,0.05,0.05,0.0,0.0,0.03,1,apartment_rentals,apartment_rentals,inn_1,1
0.85,0.1,0.05,0.02,0.01,0.01,0.0,0.0,0.0,0.0,0.0,0.0,0.0,0.0,0.0,0.75,0,program_share,program_share,program_share,1
0.95,0.75,0.05,0.01,0.01,0.01,0.01,0.01,0.01,0.01,0.0,0.0,0.0,0.0,0.0,0.2,1,program_share,program_share,program_share,1
0.95,0.05,0.05,0.0,0.0,0.0,0.0,0.0,0.0,0.0,0.0,0.0,0.0,0.0,0.0,0.9,0,apartment_rentals,apartment_rentals,apartment_rentals,1
0.95,0.1,0.05,0.01,0.01,0.01,0.01,0.0,0.0,0.0,0.0,0.0,0.0,0.0,0.0,0.85,0,program_share,program_share,program_share,1
0.95,0.05,0.05,0.0,0.0,0.0,0.0,0.0,0.0,0.0,0.0,0.0,0.0,0.0,0.0,0.9,0,apartment_rentals,apartment_rentals,apartment_rentals,1
0.95,0.7,0.2,0.1,0.1,0.05,0.0,0.0,0.0,0.0,0.0,0.0,0.0,0.0,0.0,0.25,0,program_share,program_share,program_share,1
0.95,0.85,0.75,0.65,0.55,0.0,0.0,0.0,0.0,0.0,0.0,0.0,0.0,0.0,0.0,0.1,1,program_share,program_share,program_share,1
0.95,0.75,0.05,0.01,0.01,0.01,0.01,0.01,0.01,0.01,0.01,0.01,0.0,0.0,0.0,0.2,1,apartment_rentals,apartment_rentals,apartment_rentals,1
0.95,0.7,0.1,0.05,0.01,0.01,0.01,0.01,0.01,0.01,0.01,0.01,0.01,0.0,0.0,0.25,0,apartment_rentals,apartment_rentals,apartment_rentals,1
0.95,0.0,0.0,0.0,0.0,0.0,0.0,0.0,0.0,0.0,0.0,0.0,0.0,0.0,0.0,0.95,0,apartment_rentals,apartment_rentals,apartment_rentals,1
0.85,0.75,0.65,0.4,0.3,0.2,0.2,0.15,0.1,0.1,0.05,0.05,0.05,0.05,0.0,0.1,1,protein_institute,region_building,region_building,0
0.95,0.05,0.01,0.0,0.0,0.0,0.0,0.0,0.0,0.0,0.0,0.0,0.0,0.0,0.0,0.9,0,apartment_rentals,apartment_rentals,apartment_rentals,1
0.85,0.75,0.75,0.7,0.65,0.6,0.55,0.3,0.2,0.15,0.1,0.1,0.05,0.05,0.0,0.1,1,protein_institute,protein_institute,conference,1
0.95,0.7,0.6,0.05,0.05,0.05,0.05,0.0,0.0,0.0,0.0,0.0,0.0,0.0,0.0,0.25,0,apartment_rentals,real_estate_rentals,apartment_rentals,0
0.95,0.9,0.85,0.75,0.3,0.2,0.15,0.1,0.05,0.05,0.05,0.05,0.0,0.0,0.0,0.05,1,protein_institute,protein_institute,company_office,1
0.95,0.05,0.05,0.0,0.0,0.0,0.0,0.0,0.0,0.0,0.0,0.0,0.0,0.0,0.0,0.9,0,apartment_rentals,apartment_rentals,apartment_rentals,1
0.95,0.05,0.01,0.0,0.0,0.0,0.0,0.0,0.0,0.0,0.0,0.0,0.0,0.0,0.0,0.9,0,apartment_rentals,apartment_rentals,apartment_rentals,1
0.95,0.1,0.1,0.05,0.05,0.05,0.05,0.05,0.05,0.05,0.05,0.0,0.0,0.0,0.0,0.85,0,protein_institute,protein_institute,protein_institute,1
0.95,0.05,0.01,0.01,0.01,0.01,0.01,0.01,0.0,0.0,0.0,0.0,0.0,0.0,0.0,0.9,0,apartment_rentals,apartment_rentals,apartment_rentals,1
0.95,0.6,0.1,0.05,0.01,0.01,0.01,0.01,0.01,0.01,0.01,0.01,0.0,0.0,0.0,0.35,0,apartment_rentals,apartment_rentals,apartment_rentals,1
0.92,0.9,0.85,0.05,0.05,0.05,0.05,0.05,0.05,0.0,0.0,0.0,0.0,0.0,0.0,0.02,1,protein_institute,institution_sports,university_rank,0
0.95,0.6,0.1,0.05,0.01,0.01,0.01,0.01,0.01,0.01,0.01,0.0,0.0,0.0,0.0,0.35,0,apartment_rentals,apartment_rentals,apartment_rentals,1
0.95,0.7,0.05,0.05,0.01,0.01,0.01,0.01,0.01,0.01,0.01,0.01,0.0,0.0,0.0,0.25,0,protein_institute,protein_institute,protein_institute,1
0.95,0.85,0.0,0.0,0.0,0.0,0.0,0.0,0.0,0.0,0.0,0.0,0.0,0.0,0.0,0.1,1,apartment_rentals,software_company,apartment_rentals,0
0.75,0.7,0.65,0.55,0.5,0.3,0.3,0.2,0.1,0.1,0.1,0.1,0.0,0.0,0.0,0.05,1,protein_institute,protein_institute,protein_institute,1
0.95,0.0,0.0,0.0,0.0,0.0,0.0,0.0,0.0,0.0,0.0,0.0,0.0,0.0,0.0,0.95,0,protein_institute,protein_institute,protein_institute,1
0.9,0.1,0.05,0.05,0.05,0.05,0.05,0.05,0.0,0.0,0.0,0.0,0.0,0.0,0.0,0.8,0,protein_institute,protein_institute,protein_institute,1
0.95,0.15,0.1,0.05,0.05,0.0,0.0,0.0,0.0,0.0,0.0,0.0,0.0,0.0,0.0,0.8,0,apartment_rentals,software_company,apartment_rentals,0
0.95,0.05,0.01,0.01,0.01,0.01,0.01,0.01,0.01,0.01,0.0,0.0,0.0,0.0,0.0,0.9,0,apartment_rentals,apartment_rentals,apartment_rentals,1
0.95,0.85,0.75,0.7,0.6,0.1,0.05,0.05,0.05,0.05,0.05,0.0,0.0,0.0,0.0,0.1,1,protein_institute,protein_institute,protein_institute,1
0.9,0.1,0.1,0.1,0.1,0.1,0.05,0.05,0.05,0.0,0.0,0.0,0.0,0.0,0.0,0.8,0,race_track,race_track,race_track,1
0.95,0.05,0.05,0.05,0.05,0.05,0.05,0.05,0.05,0.05,0.0,0.0,0.0,0.0,0.0,0.9,0,apartment_rentals,apartment_rentals,apartment_rentals,1
0.95,0.85,0.75,0.25,0.2,0.2,0.15,0.1,0.1,0.05,0.05,0.05,0.0,0.0,0.0,0.1,1,race_track,race_track,race_track,1
0.95,0.1,0.05,0.05,0.0,0.0,0.0,0.0,0.0,0.0,0.0,0.0,0.0,0.0,0.0,0.85,0,apartment_rentals,apartment_rentals,apartment_rentals,1
0.9,0.85,0.8,0.7,0.3,0.0,0.0,0.0,0.0,0.0,0.0,0.0,0.0,0.0,0.0,0.05,1,race_track,race_track,race_track,1
0.95,0.85,0.1,0.05,0.01,0.01,0.01,0.01,0.01,0.01,0.01,0.01,0.01,0.0,0.0,0.1,1,apartment_rentals,apartment_rentals,apartment_rentals,1
0.95,0.7,0.6,0.5,0.0,0.0,0.0,0.0,0.0,0.0,0.0,0.0,0.0,0.0,0.0,0.25,0,race_track,race_track,race_track,1
0.95,0.05,0.05,0.01,0.01,0.01,0.01,0.01,0.01,0.01,0.0,0.0,0.0,0.0,0.0,0.9,0,apartment_rentals,apartment_rentals,apartment_rentals,1
0.85,0.2,0.15,0.1,0.1,0.1,0.05,0.0,0.0,0.0,0.0,0.0,0.0,0.0,0.0,0.65,0,race_track,race_track,race_track,1
0.95,0.0,0.0,0.0,0.0,0.0,0.0,0.0,0.0,0.0,0.0,0.0,0.0,0.0,0.0,0.95,0,architecture,architecture,architecture,1
0.95,0.05,0.01,0.01,0.01,0.01,0.01,0.01,0.01,0.0,0.0,0.0,0.0,0.0,0.0,0.9,0,apartment_rentals,apartment_rentals,apartment_rentals,1
0.85,0.8,0.75,0.7,0.65,0.6,0.5,0.0,0.0,0.0,0.0,0.0,0.0,0.0,0.0,0.05,1,race_track,race_track,race_track,1
0.95,0.0,0.0,0.0,0.0,0.0,0.0,0.0,0.0,0.0,0.0,0.0,0.0,0.0,0.0,0.95,0,architecture,architecture,architecture,1
0.85,0.8,0.75,0.7,0.2,0.0,0.0,0.0,0.0,0.0,0.0,0.0,0.0,0.0,0.0,0.05,1,race_track,race_track,race_track,1
0.95,0.01,0.01,0.01,0.01,0.01,0.01,0.01,0.01,0.0,0.0,0.0,0.0,0.0,0.0,0.94,0,architecture,architecture,architecture,1
0.95,0.0,0.0,0.0,0.0,0.0,0.0,0.0,0.0,0.0,0.0,0.0,0.0,0.0,0.0,0.95,0,architecture,architecture,architecture,1
0.85,0.85,0.75,0.7,0.7,0.2,0.1,0.1,0.1,0.1,0.1,0.0,0.0,0.0,0.0,0.0,1,race_track,race_track,store_1,1
0.9,0.9,0.85,0.75,0.7,0.2,0.1,0.1,0.1,0.1,0.1,0.0,0.0,0.0,0.0,0.0,1,race_track,race_track,store_1,1
0.95,0.0,0.0,0.0,0.0,0.0,0.0,0.0,0.0,0.0,0.0,0.0,0.0,0.0,0.0,0.95,0,race_track,race_track,race_track,1
0.95,0.0,0.0,0.0,0.0,0.0,0.0,0.0,0.0,0.0,0.0,0.0,0.0,0.0,0.0,0.95,0,architecture,architecture,architecture,1
0.95,0.05,0.03,0.02,0.01,0.01,0.0,0.0,0.0,0.0,0.0,0.0,0.0,0.0,0.0,0.9,0,architecture,architecture,architecture,1
0.95,0.0,0.0,0.0,0.0,0.0,0.0,0.0,0.0,0.0,0.0,0.0,0.0,0.0,0.0,0.95,0,architecture,architecture,architecture,1
0.95,0.85,0.7,0.65,0.15,0.1,0.05,0.05,0.0,0.0,0.0,0.0,0.0,0.0,0.0,0.1,1,race_track,race_track,race_track,1
0.95,0.9,0.05,0.05,0.01,0.01,0.01,0.01,0.01,0.01,0.01,0.0,0.0,0.0,0.0,0.05,1,race_track,race_track,race_track,1
0.95,0.85,0.7,0.65,0.6,0.55,0.5,0.15,0.1,0.05,0.05,0.05,0.0,0.0,0.0,0.1,1,race_track,race_track,race_track,1
0.95,0.01,0.01,0.01,0.01,0.01,0.01,0.01,0.01,0.01,0.01,0.01,0.01,0.0,0.0,0.94,0,architecture,architecture,architecture,1
0.85,0.8,0.75,0.7,0.65,0.6,0.3,0.2,0.1,0.1,0.0,0.0,0.0,0.0,0.0,0.05,1,race_track,race_track,chinook_1,1
0.95,0.0,0.0,0.0,0.0,0.0,0.0,0.0,0.0,0.0,0.0,0.0,0.0,0.0,0.0,0.95,0,architecture,architecture,architecture,1
0.95,0.85,0.7,0.1,0.05,0.05,0.0,0.0,0.0,0.0,0.0,0.0,0.0,0.0,0.0,0.1,1,race_track,race_track,race_track,1
0.95,0.9,0.85,0.75,0.7,0.1,0.05,0.05,0.05,0.05,0.0,0.0,0.0,0.0,0.0,0.05,1,race_track,race_track,race_track,1
0.95,0.05,0.01,0.01,0.01,0.01,0.01,0.01,0.0,0.0,0.0,0.0,0.0,0.0,0.0,0.9,0,assets_maintenance,assets_maintenance,assets_maintenance,1
0.95,0.85,0.75,0.05,0.05,0.05,0.05,0.05,0.05,0.05,0.05,0.05,0.05,0.05,0.0,0.1,1,race_track,race_track,race_track,1
0.95,0.05,0.01,0.01,0.01,0.01,0.01,0.01,0.01,0.01,0.01,0.0,0.0,0.0,0.0,0.9,0,assets_maintenance,assets_maintenance,assets_maintenance,1
0.95,0.05,0.01,0.01,0.01,0.01,0.01,0.01,0.0,0.0,0.0,0.0,0.0,0.0,0.0,0.9,0,assets_maintenance,assets_maintenance,assets_maintenance,1
0.95,0.05,0.01,0.01,0.01,0.01,0.01,0.01,0.01,0.01,0.01,0.01,0.0,0.0,0.0,0.9,0,race_track,race_track,race_track,1
0.95,0.05,0.0,0.0,0.0,0.0,0.0,0.0,0.0,0.0,0.0,0.0,0.0,0.0,0.0,0.9,0,assets_maintenance,assets_maintenance,assets_maintenance,1
0.95,0.05,0.05,0.01,0.01,0.01,0.01,0.01,0.01,0.01,0.0,0.0,0.0,0.0,0.0,0.9,0,assets_maintenance,assets_maintenance,assets_maintenance,1
0.9,0.7,0.2,0.2,0.1,0.1,0.1,0.05,0.05,0.05,0.05,0.05,0.05,0.0,0.0,0.2,0,race_track,race_track,race_track,1
0.95,0.0,0.0,0.0,0.0,0.0,0.0,0.0,0.0,0.0,0.0,0.0,0.0,0.0,0.0,0.95,0,race_track,race_track,race_track,1
0.95,0.85,0.05,0.0,0.0,0.0,0.0,0.0,0.0,0.0,0.0,0.0,0.0,0.0,0.0,0.1,1,race_track,race_track,race_track,1
0.95,0.75,0.1,0.1,0.05,0.05,0.05,0.0,0.0,0.0,0.0,0.0,0.0,0.0,0.0,0.2,1,assets_maintenance,assets_maintenance,assets_maintenance,1
0.95,0.75,0.6,0.05,0.05,0.01,0.01,0.01,0.01,0.01,0.01,0.01,0.0,0.0,0.0,0.2,1,railway,railway,railway,1
0.95,0.1,0.0,0.0,0.0,0.0,0.0,0.0,0.0,0.0,0.0,0.0,0.0,0.0,0.0,0.85,0,assets_maintenance,assets_maintenance,assets_maintenance,1
0.95,0.2,0.1,0.1,0.0,0.0,0.0,0.0,0.0,0.0,0.0,0.0,0.0,0.0,0.0,0.75,0,railway,railway,railway,1
0.85,0.1,0.1,0.1,0.1,0.1,0.1,0.1,0.1,0.1,0.0,0.0,0.0,0.0,0.0,0.75,0,assets_maintenance,phone_1,assets_maintenance,0
0.95,0.9,0.05,0.01,0.01,0.01,0.01,0.01,0.01,0.01,0.01,0.01,0.01,0.0,0.0,0.05,1,railway,railway,railway,1
0.95,0.0,0.0,0.0,0.0,0.0,0.0,0.0,0.0,0.0,0.0,0.0,0.0,0.0,0.0,0.95,0,railway,railway,railway,1
0.95,0.05,0.01,0.01,0.01,0.01,0.01,0.01,0.01,0.01,0.0,0.0,0.0,0.0,0.0,0.9,0,assets_maintenance,assets_maintenance,assets_maintenance,1
0.95,0.0,0.0,0.0,0.0,0.0,0.0,0.0,0.0,0.0,0.0,0.0,0.0,0.0,0.0,0.95,0,assets_maintenance,retails,assets_maintenance,0
0.95,0.95,0.0,0.0,0.0,0.0,0.0,0.0,0.0,0.0,0.0,0.0,0.0,0.0,0.0,0.0,1,assets_maintenance,cre_Doc_Workflow,assets_maintenance,0
0.95,0.05,0.0,0.0,0.0,0.0,0.0,0.0,0.0,0.0,0.0,0.0,0.0,0.0,0.0,0.9,0,assets_maintenance,gas_company,assets_maintenance,0
0.95,0.85,0.1,0.06,0.05,0.04,0.03,0.02,0.02,0.01,0.01,0.0,0.0,0.0,0.0,0.1,1,railway,railway,railway,1
0.9,0.85,0.1,0.1,0.05,0.05,0.05,0.05,0.05,0.05,0.0,0.0,0.0,0.0,0.0,0.05,1,railway,railway,railway,1
0.95,0.1,0.05,0.0,0.0,0.0,0.0,0.0,0.0,0.0,0.0,0.0,0.0,0.0,0.0,0.85,0,railway,railway,railway,1
0.95,0.9,0.85,0.85,0.8,0.7,0.0,0.0,0.0,0.0,0.0,0.0,0.0,0.0,0.0,0.05,1,assets_maintenance,human_resources,department_store,0
0.9,0.8,0.7,0.6,0.5,0.3,0.2,0.2,0.2,0.1,0.1,0.1,0.1,0.1,0.0,0.1,1,assets_maintenance,company_employee,flight_company,0
0.85,0.75,0.7,0.6,0.1,0.1,0.05,0.05,0.05,0.05,0.0,0.0,0.0,0.0,0.0,0.1,1,railway,car_racing,railway,0
0.85,0.6,0.3,0.25,0.2,0.15,0.1,0.1,0.05,0.05,0.05,0.05,0.0,0.0,0.0,0.25,0,assets_maintenance,company_1,assets_maintenance,0
0.95,0.85,0.8,0.75,0.7,0.65,0.6,0.5,0.1,0.0,0.0,0.0,0.0,0.0,0.0,0.1,1,railway,world_1,railway,0
0.85,0.7,0.6,0.5,0.4,0.3,0.3,0.2,0.2,0.1,0.1,0.0,0.0,0.0,0.0,0.15,1,railway,company_1,railway,0
0.85,0.1,0.1,0.1,0.1,0.05,0.05,0.0,0.0,0.0,0.0,0.0,0.0,0.0,0.0,0.75,0,baseball_1,baseball_1,baseball_1,1
0.95,0.05,0.01,0.01,0.01,0.01,0.01,0.01,0.01,0.01,0.01,0.0,0.0,0.0,0.0,0.9,0,baseball_1,baseball_1,baseball_1,1
0.85,0.7,0.6,0.4,0.3,0.2,0.1,0.1,0.1,0.1,0.0,0.0,0.0,0.0,0.0,0.15,1,railway,car_racing,railway,0
0.95,0.6,0.01,0.01,0.01,0.01,0.01,0.01,0.01,0.01,0.01,0.01,0.0,0.0,0.0,0.35,0,assets_maintenance,assets_maintenance,assets_maintenance,1
0.95,0.95,0.9,0.85,0.85,0.8,0.8,0.75,0.7,0.65,0.0,0.0,0.0,0.0,0.0,0.0,1,restaurant_1,computer_student,address_1,0
0.95,0.01,0.01,0.01,0.01,0.01,0.01,0.01,0.01,0.01,0.01,0.0,0.0,0.0,0.0,0.94,0,baseball_1,baseball_1,baseball_1,1
0.95,0.01,0.01,0.01,0.01,0.01,0.01,0.01,0.01,0.01,0.0,0.0,0.0,0.0,0.0,0.94,0,baseball_1,baseball_1,baseball_1,1
0.95,0.9,0.85,0.85,0.85,0.85,0.85,0.85,0.85,0.75,0.1,0.05,0.01,0.0,0.0,0.05,1,restaurant_1,college_3,college_3,0
0.85,0.75,0.7,0.6,0.3,0.1,0.1,0.1,0.1,0.1,0.1,0.05,0.0,0.0,0.0,0.1,1,restaurant_1,university_rank,college_3,0
0.95,0.01,0.01,0.01,0.01,0.01,0.01,0.01,0.01,0.0,0.0,0.0,0.0,0.0,0.0,0.94,0,baseball_1,baseball_1,baseball_1,1
0.95,0.93,0.92,0.9,0.89,0.88,0.87,0.85,0.83,0.8,0.75,0.1,0.0,0.0,0.0,0.02,1,restaurant_1,dorm_1,dorm_1,0
0.95,0.9,0.85,0.8,0.75,0.75,0.75,0.75,0.75,0.7,0.6,0.3,0.0,0.0,0.0,0.05,1,restaurant_1,dorm_1,dorm_1,0
0.7,0.1,0.1,0.05,0.05,0.05,0.05,0.05,0.05,0.0,0.0,0.0,0.0,0.0,0.0,0.6,0,baseball_1,baseball_1,baseball_1,1
0.95,0.9,0.7,0.3,0.2,0.2,0.1,0.1,0.1,0.1,0.1,0.1,0.1,0.1,0.1,0.05,1,restaurant_1,restaurant,restaurant_1,0
0.95,0.0,0.0,0.0,0.0,0.0,0.0,0.0,0.0,0.0,0.0,0.0,0.0,0.0,0.0,0.95,0,baseball_1,baseball_1,baseball_1,1
0.85,0.0,0.0,0.0,0.0,0.0,0.0,0.0,0.0,0.0,0.0,0.0,0.0,0.0,0.0,0.85,0,baseball_1,baseball_1,baseball_1,1
0.95,0.05,0.0,0.0,0.0,0.0,0.0,0.0,0.0,0.0,0.0,0.0,0.0,0.0,0.0,0.9,0,restaurant_1,restaurant_1,restaurant_1,1
0.95,0.0,0.0,0.0,0.0,0.0,0.0,0.0,0.0,0.0,0.0,0.0,0.0,0.0,0.0,0.95,0,baseball_1,baseball_1,baseball_1,1
0.9,0.1,0.0,0.0,0.0,0.0,0.0,0.0,0.0,0.0,0.0,0.0,0.0,0.0,0.0,0.8,0,restaurant_1,restaurant_1,restaurant_1,1
0.4,0.3,0.2,0.1,0.0,0.0,0.0,0.0,0.0,0.0,0.0,0.0,0.0,0.0,0.0,0.1,1,restaurant_1,food_inspection_2,restaurant_1,0
0.95,0.05,0.02,0.01,0.01,0.01,0.01,0.01,0.01,0.01,0.0,0.0,0.0,0.0,0.0,0.9,0,baseball_1,baseball_1,baseball_1,1
0.95,0.05,0.0,0.0,0.0,0.0,0.0,0.0,0.0,0.0,0.0,0.0,0.0,0.0,0.0,0.9,0,restaurant_1,restaurant_1,restaurant_1,1
1.0,0.0,0.0,0.0,0.0,0.0,0.0,0.0,0.0,0.0,0.0,0.0,0.0,0.0,0.0,1.0,0,restaurant_1,restaurant_1,restaurant_1,1
0.95,0.85,0.1,0.05,0.05,0.05,0.05,0.05,0.05,0.05,0.0,0.0,0.0,0.0,0.0,0.1,1,baseball_1,baseball_1,baseball_1,1
0.85,0.2,0.2,0.15,0.1,0.1,0.1,0.05,0.05,0.05,0.0,0.0,0.0,0.0,0.0,0.65,0,baseball_1,baseball_1,baseball_1,1
0.9,0.7,0.6,0.5,0.3,0.3,0.2,0.2,0.2,0.1,0.0,0.0,0.0,0.0,0.0,0.2,0,baseball_1,soccer_3,soccer_3,0
0.85,0.75,0.0,0.0,0.0,0.0,0.0,0.0,0.0,0.0,0.0,0.0,0.0,0.0,0.0,0.1,1,restaurants,yelp,yelp,0
0.95,0.05,0.0,0.0,0.0,0.0,0.0,0.0,0.0,0.0,0.0,0.0,0.0,0.0,0.0,0.9,0,baseball_1,professional_basketball,baseball_1,0
0.9,0.85,0.75,0.5,0.4,0.3,0.2,0.2,0.1,0.1,0.1,0.1,0.05,0.05,0.05,0.05,1,restaurants,restaurant,restaurants,0
0.85,0.15,0.0,0.0,0.0,0.0,0.0,0.0,0.0,0.0,0.0,0.0,0.0,0.0,0.0,0.7,0,baseball_1,professional_basketball,baseball_1,0
0.98,0.0,0.0,0.0,0.0,0.0,0.0,0.0,0.0,0.0,0.0,0.0,0.0,0.0,0.0,0.98,0,baseball_1,baseball_1,baseball_1,1
0.95,0.85,0.7,0.6,0.5,0.5,0.5,0.5,0.5,0.5,0.1,0.1,0.1,0.1,0.05,0.1,1,restaurants,restaurant,restaurants,0
0.95,0.0,0.0,0.0,0.0,0.0,0.0,0.0,0.0,0.0,0.0,0.0,0.0,0.0,0.0,0.95,0,baseball_1,baseball_1,baseball_1,1
0.9,0.85,0.7,0.6,0.5,0.4,0.4,0.3,0.2,0.2,0.1,0.1,0.1,0.05,0.05,0.05,1,restaurants,restaurant,restaurants,0
0.95,0.9,0.85,0.6,0.1,0.1,0.1,0.1,0.1,0.05,0.05,0.05,0.05,0.05,0.05,0.05,1,restaurants,restaurant,yelp,0
0.8,0.7,0.0,0.0,0.0,0.0,0.0,0.0,0.0,0.0,0.0,0.0,0.0,0.0,0.0,0.1,1,baseball_1,yelp,city_record,0
0.98,0.95,0.6,0.5,0.4,0.3,0.3,0.2,0.2,0.1,0.1,0.1,0.1,0.05,0.05,0.03,1,restaurants,restaurant,restaurants,0
0.95,0.9,0.85,0.7,0.6,0.6,0.5,0.5,0.4,0.1,0.1,0.05,0.05,0.01,0.01,0.05,1,restaurants,restaurant,yelp,0
0.95,0.7,0.1,0.1,0.1,0.05,0.05,0.05,0.05,0.05,0.0,0.0,0.0,0.0,0.0,0.25,0,baseball_1,baseball_1,baseball_1,1
0.98,0.95,0.7,0.6,0.5,0.4,0.3,0.3,0.2,0.2,0.1,0.1,0.1,0.05,0.05,0.03,1,restaurants,restaurant,restaurants,0
0.95,0.85,0.6,0.1,0.1,0.0,0.0,0.0,0.0,0.0,0.0,0.0,0.0,0.0,0.0,0.1,1,restaurants,restaurant,restaurants,0
0.85,0.75,0.05,0.05,0.05,0.05,0.05,0.05,0.05,0.0,0.0,0.0,0.0,0.0,0.0,0.1,1,baseball_1,baseball_1,baseball_1,1
0.85,0.75,0.65,0.4,0.35,0.3,0.25,0.2,0.0,0.0,0.0,0.0,0.0,0.0,0.0,0.1,1,baseball_1,game_injury,game_injury,0
0.95,0.9,0.6,0.3,0.3,0.2,0.2,0.2,0.2,0.2,0.2,0.2,0.2,0.1,0.1,0.05,1,restaurants,restaurant,yelp,0
0.9,0.85,0.1,0.05,0.0,0.0,0.0,0.0,0.0,0.0,0.0,0.0,0.0,0.0,0.0,0.05,1,baseball_1,yelp,cre_Theme_park,0
0.7,0.6,0.5,0.4,0.3,0.3,0.2,0.1,0.0,0.0,0.0,0.0,0.0,0.0,0.0,0.1,1,baseball_1,city_record,city_record,0
0.95,0.85,0.4,0.3,0.3,0.2,0.1,0.1,0.1,0.1,0.1,0.1,0.05,0.05,0.05,0.1,1,restaurants,restaurant,yelp,0
0.9,0.05,0.02,0.0,0.0,0.0,0.0,0.0,0.0,0.0,0.0,0.0,0.0,0.0,0.0,0.85,0,restaurants,yelp,yelp,0
0.85,0.75,0.1,0.05,0.05,0.05,0.05,0.05,0.05,0.0,0.0,0.0,0.0,0.0,0.0,0.1,1,baseball_1,baseball_1,baseball_1,1
0.85,0.1,0.05,0.05,0.05,0.05,0.05,0.05,0.05,0.05,0.0,0.0,0.0,0.0,0.0,0.75,0,baseball_1,baseball_1,baseball_1,1
0.95,0.05,0.0,0.0,0.0,0.0,0.0,0.0,0.0,0.0,0.0,0.0,0.0,0.0,0.0,0.9,0,baseball_1,baseball_1,baseball_1,1
0.9,0.85,0.8,0.75,0.7,0.1,0.05,0.05,0.0,0.0,0.0,0.0,0.0,0.0,0.0,0.05,1,baseball_1,baseball_1,wta_1,1
0.95,0.85,0.75,0.3,0.3,0.3,0.3,0.2,0.2,0.2,0.1,0.1,0.1,0.1,0.1,0.1,1,restaurants,restaurant,restaurants,0
0.95,0.85,0.75,0.2,0.2,0.1,0.1,0.1,0.1,0.1,0.1,0.1,0.1,0.1,0.1,0.1,1,restaurants,restaurant,restaurants,0
0.85,0.75,0.2,0.1,0.1,0.05,0.05,0.05,0.05,0.0,0.0,0.0,0.0,0.0,0.0,0.1,1,baseball_1,baseball_1,baseball_1,1
0.85,0.05,0.05,0.05,0.0,0.0,0.0,0.0,0.0,0.0,0.0,0.0,0.0,0.0,0.0,0.8,0,restaurants,yelp,yelp,0
0.9,0.85,0.1,0.1,0.05,0.05,0.05,0.05,0.0,0.0,0.0,0.0,0.0,0.0,0.0,0.05,1,baseball_1,baseball_1,baseball_1,1
0.95,0.05,0.01,0.01,0.01,0.01,0.01,0.01,0.01,0.0,0.0,0.0,0.0,0.0,0.0,0.9,0,baseball_1,baseball_1,baseball_1,1
0.85,0.0,0.0,0.0,0.0,0.0,0.0,0.0,0.0,0.0,0.0,0.0,0.0,0.0,0.0,0.85,0,restaurants,yelp,yelp,0
0.95,0.9,0.7,0.65,0.6,0.4,0.35,0.3,0.25,0.2,0.2,0.15,0.1,0.1,0.05,0.05,1,restaurants,restaurant,yelp,0
0.95,0.85,0.6,0.3,0.3,0.3,0.3,0.2,0.2,0.2,0.1,0.1,0.1,0.1,0.1,0.1,1,restaurants,restaurant,restaurants,0
0.95,0.7,0.2,0.1,0.05,0.05,0.0,0.0,0.0,0.0,0.0,0.0,0.0,0.0,0.0,0.25,0,restaurants,restaurant,restaurants,0
0.85,0.75,0.4,0.3,0.25,0.2,0.15,0.1,0.1,0.0,0.0,0.0,0.0,0.0,0.0,0.1,1,baseball_1,baseball_1,baseball_1,1
0.85,0.75,0.1,0.05,0.05,0.05,0.05,0.05,0.05,0.05,0.0,0.0,0.0,0.0,0.0,0.1,1,baseball_1,game_injury,game_injury,0
0.85,0.8,0.75,0.6,0.3,0.25,0.2,0.15,0.1,0.05,0.02,0.01,0.01,0.01,0.01,0.05,1,restaurants,restaurant,yelp,0
0.85,0.75,0.2,0.1,0.1,0.1,0.1,0.05,0.05,0.05,0.0,0.0,0.0,0.0,0.0,0.1,1,baseball_1,baseball_1,baseball_1,1
0.9,0.85,0.3,0.3,0.2,0.2,0.1,0.1,0.1,0.1,0.1,0.1,0.1,0.1,0.1,0.05,1,restaurants,restaurant,restaurants,0
0.8,0.7,0.3,0.2,0.1,0.1,0.1,0.1,0.1,0.1,0.1,0.1,0.1,0.1,0.1,0.1,1,restaurants,restaurant,restaurants,0
0.9,0.75,0.7,0.1,0.1,0.05,0.05,0.05,0.0,0.0,0.0,0.0,0.0,0.0,0.0,0.15,1,baseball_1,geo,geo,0
0.95,0.85,0.75,0.1,0.1,0.1,0.05,0.05,0.0,0.0,0.0,0.0,0.0,0.0,0.0,0.1,1,baseball_1,geo,cre_Theme_park,0
0.95,0.7,0.2,0.1,0.1,0.1,0.1,0.1,0.1,0.1,0.1,0.1,0.1,0.1,0.1,0.25,0,restaurants,restaurant,restaurants,0
0.95,0.7,0.6,0.3,0.2,0.1,0.1,0.1,0.1,0.05,0.0,0.0,0.0,0.0,0.0,0.25,0,baseball_1,institution_sports,baseball_1,0
0.8,0.7,0.6,0.3,0.2,0.2,0.1,0.1,0.1,0.1,0.1,0.1,0.1,0.1,0.1,0.1,1,restaurants,restaurant,yelp,0
0.95,0.6,0.3,0.2,0.2,0.1,0.1,0.1,0.1,0.1,0.1,0.1,0.05,0.05,0.05,0.35,0,restaurants,restaurant,restaurants,0
0.85,0.7,0.6,0.1,0.1,0.05,0.05,0.05,0.05,0.05,0.0,0.0,0.0,0.0,0.0,0.15,1,baseball_1,world_1,cre_Theme_park,0
0.85,0.7,0.1,0.05,0.05,0.05,0.0,0.0,0.0,0.0,0.0,0.0,0.0,0.0,0.0,0.15,1,baseball_1,world_1,cre_Theme_park,0
0.95,0.05,0.0,0.0,0.0,0.0,0.0,0.0,0.0,0.0,0.0,0.0,0.0,0.0,0.0,0.9,0,baseball_1,cre_Theme_park,cre_Theme_park,0
0.95,0.85,0.2,0.15,0.1,0.1,0.1,0.1,0.1,0.1,0.1,0.05,0.05,0.05,0.05,0.1,1,restaurants,restaurant,restaurants,0
0.85,0.7,0.6,0.5,0.5,0.5,0.5,0.5,0.5,0.1,0.1,0.1,0.1,0.1,0.1,0.15,1,restaurants,restaurant,restaurants,0
0.95,0.9,0.85,0.6,0.3,0.2,0.2,0.2,0.2,0.1,0.1,0.1,0.05,0.05,0.05,0.05,1,restaurants,restaurant,restaurant_1,0
0.85,0.7,0.1,0.0,0.0,0.0,0.0,0.0,0.0,0.0,0.0,0.0,0.0,0.0,0.0,0.15,1,baseball_1,cre_Theme_park,cre_Theme_park,0
0.95,0.75,0.6,0.1,0.1,0.05,0.05,0.05,0.05,0.05,0.0,0.0,0.0,0.0,0.0,0.2,1,baseball_1,institution_sports,baseball_1,0
0.8,0.75,0.7,0.6,0.5,0.4,0.3,0.3,0.2,0.2,0.2,0.1,0.1,0.05,0.05,0.05,1,restaurants,restaurant,restaurants,0
0.9,0.85,0.7,0.6,0.6,0.6,0.6,0.6,0.6,0.6,0.1,0.05,0.05,0.05,0.05,0.05,1,restaurants,restaurant,restaurants,0
0.95,0.85,0.05,0.05,0.05,0.01,0.01,0.01,0.01,0.01,0.0,0.0,0.0,0.0,0.0,0.1,1,behavior_monitoring,student_1,behavior_monitoring,0
0.95,0.85,0.05,0.01,0.01,0.01,0.01,0.01,0.01,0.01,0.01,0.01,0.01,0.01,0.0,0.1,1,behavior_monitoring,behavior_monitoring,behavior_monitoring,1
0.95,0.9,0.7,0.6,0.6,0.6,0.6,0.6,0.6,0.6,0.1,0.1,0.1,0.05,0.05,0.05,1,restaurants,restaurant,yelp,0
0.95,0.85,0.8,0.75,0.1,0.05,0.05,0.05,0.05,0.05,0.05,0.05,0.05,0.05,0.0,0.1,1,behavior_monitoring,address_1,behavior_monitoring,0
0.95,0.9,0.7,0.6,0.6,0.6,0.6,0.6,0.6,0.6,0.1,0.1,0.05,0.05,0.05,0.05,1,restaurants,restaurant,yelp,0
0.95,0.9,0.7,0.6,0.6,0.6,0.6,0.6,0.6,0.6,0.1,0.05,0.05,0.05,0.05,0.05,1,restaurants,restaurant,yelp,0
0.95,0.05,0.0,0.0,0.0,0.0,0.0,0.0,0.0,0.0,0.0,0.0,0.0,0.0,0.0,0.9,0,behavior_monitoring,behavior_monitoring,behavior_monitoring,1
0.85,0.05,0.0,0.0,0.0,0.0,0.0,0.0,0.0,0.0,0.0,0.0,0.0,0.0,0.0,0.8,0,restaurants,yelp,yelp,0
0.85,0.75,0.65,0.2,0.15,0.1,0.05,0.05,0.05,0.05,0.05,0.05,0.01,0.01,0.0,0.1,1,behavior_monitoring,address_1,behavior_monitoring,0
0.95,0.9,0.7,0.1,0.1,0.1,0.1,0.1,0.1,0.1,0.05,0.05,0.05,0.05,0.05,0.05,1,restaurants,restaurant,yelp,0
0.95,0.05,0.0,0.0,0.0,0.0,0.0,0.0,0.0,0.0,0.0,0.0,0.0,0.0,0.0,0.9,0,behavior_monitoring,behavior_monitoring,behavior_monitoring,1
0.95,0.75,0.6,0.2,0.15,0.1,0.0,0.0,0.0,0.0,0.0,0.0,0.0,0.0,0.0,0.2,1,behavior_monitoring,student_1,behavior_monitoring,0
0.95,0.9,0.1,0.1,0.1,0.1,0.1,0.1,0.1,0.1,0.1,0.05,0.05,0.05,0.05,0.05,1,restaurants,restaurant,yelp,0
0.9,0.85,0.6,0.5,0.4,0.3,0.2,0.2,0.15,0.1,0.1,0.1,0.05,0.05,0.05,0.05,1,restaurants,restaurant,restaurants,0
0.85,0.05,0.05,0.05,0.0,0.0,0.0,0.0,0.0,0.0,0.0,0.0,0.0,0.0,0.0,0.8,0,restaurants,yelp,yelp,0
0.95,0.2,0.15,0.1,0.05,0.05,0.05,0.05,0.0,0.0,0.0,0.0,0.0,0.0,0.0,0.75,0,behavior_monitoring,student_1,behavior_monitoring,0
0.95,0.85,0.3,0.1,0.1,0.1,0.1,0.1,0.1,0.1,0.1,0.1,0.05,0.05,0.05,0.1,1,restaurants,restaurant,restaurants,0
0.95,0.85,0.1,0.05,0.05,0.0,0.0,0.0,0.0,0.0,0.0,0.0,0.0,0.0,0.0,0.1,1,behavior_monitoring,behavior_monitoring,behavior_monitoring,1
0.95,0.9,0.05,0.0,0.0,0.0,0.0,0.0,0.0,0.0,0.0,0.0,0.0,0.0,0.0,0.05,1,behavior_monitoring,behavior_monitoring,behavior_monitoring,1
0.95,0.0,0.0,0.0,0.0,0.0,0.0,0.0,0.0,0.0,0.0,0.0,0.0,0.0,0.0,0.95,0,hospital_1,hospital_1,hospital_1,1
0.95,0.05,0.0,0.0,0.0,0.0,0.0,0.0,0.0,0.0,0.0,0.0,0.0,0.0,0.0,0.9,0,hospital_1,hospital_1,hospital_1,1
0.3,0.2,0.2,0.2,0.1,0.0,0.0,0.0,0.0,0.0,0.0,0.0,0.0,0.0,0.0,0.1,1,superhero,superhero,body_builder,1
0.95,0.95,0.95,0.95,0.9,0.0,0.0,0.0,0.0,0.0,0.0,0.0,0.0,0.0,0.0,0.0,1,superhero,superhero,body_builder,1
0.98,0.95,0.0,0.0,0.0,0.0,0.0,0.0,0.0,0.0,0.0,0.0,0.0,0.0,0.0,0.03,1,hospital_1,medicine_enzyme_interaction,medicine_enzyme_interaction,0
0.7,0.7,0.7,0.7,0.6,0.1,0.0,0.0,0.0,0.0,0.0,0.0,0.0,0.0,0.0,0.0,1,superhero,superhero,body_builder,1
0.9,0.05,0.05,0.0,0.0,0.0,0.0,0.0,0.0,0.0,0.0,0.0,0.0,0.0,0.0,0.85,0,hospital_1,medicine_enzyme_interaction,medicine_enzyme_interaction,0
0.95,0.05,0.05,0.05,0.05,0.05,0.05,0.05,0.05,0.05,0.01,0.01,0.01,0.01,0.01,0.9,0,superhero,superhero,superhero,1
0.95,0.0,0.0,0.0,0.0,0.0,0.0,0.0,0.0,0.0,0.0,0.0,0.0,0.0,0.0,0.95,0,hospital_1,synthea,hospital_1,0
0.95,0.05,0.05,0.0,0.0,0.0,0.0,0.0,0.0,0.0,0.0,0.0,0.0,0.0,0.0,0.9,0,superhero,superhero,superhero,1
0.95,0.0,0.0,0.0,0.0,0.0,0.0,0.0,0.0,0.0,0.0,0.0,0.0,0.0,0.0,0.95,0,hospital_1,synthea,hospital_1,0
0.95,0.0,0.0,0.0,0.0,0.0,0.0,0.0,0.0,0.0,0.0,0.0,0.0,0.0,0.0,0.95,0,superhero,superhero,superhero,1
0.7,0.1,0.1,0.05,0.05,0.05,0.05,0.05,0.05,0.05,0.05,0.05,0.05,0.05,0.05,0.6,0,superhero,superhero,superhero,1
0.95,0.1,0.05,0.05,0.01,0.01,0.01,0.01,0.01,0.01,0.01,0.01,0.0,0.0,0.0,0.85,0,hospital_1,hospital_1,hospital_1,1
0.95,0.2,0.1,0.05,0.02,0.01,0.01,0.01,0.01,0.01,0.01,0.01,0.01,0.0,0.0,0.75,0,hospital_1,hospital_1,hospital_1,1
0.9,0.05,0.01,0.01,0.01,0.01,0.01,0.01,0.01,0.01,0.01,0.01,0.01,0.01,0.01,0.85,0,superhero,superhero,superhero,1
0.95,0.05,0.03,0.02,0.02,0.02,0.02,0.01,0.01,0.01,0.01,0.01,0.01,0.0,0.0,0.9,0,hospital_1,hospital_1,hospital_1,1
0.95,0.05,0.01,0.01,0.01,0.01,0.01,0.01,0.01,0.01,0.01,0.01,0.01,0.0,0.0,0.9,0,hospital_1,hospital_1,hospital_1,1
0.95,0.0,0.0,0.0,0.0,0.0,0.0,0.0,0.0,0.0,0.0,0.0,0.0,0.0,0.0,0.95,0,hospital_1,hospital_1,hospital_1,1
0.9,0.8,0.7,0.7,0.7,0.7,0.7,0.7,0.3,0.1,0.05,0.05,0.05,0.05,0.05,0.1,1,superhero,superhero,book_press,1
0.7,0.7,0.7,0.7,0.7,0.7,0.3,0.3,0.05,0.05,0.05,0.05,0.05,0.05,0.05,0.0,1,superhero,superhero,superhero,1
0.8,0.1,0.1,0.0,0.0,0.0,0.0,0.0,0.0,0.0,0.0,0.0,0.0,0.0,0.0,0.7,0,superhero,superhero,superhero,1
0.95,0.0,0.0,0.0,0.0,0.0,0.0,0.0,0.0,0.0,0.0,0.0,0.0,0.0,0.0,0.95,0,hospital_1,hospital_1,hospital_1,1
0.95,0.95,0.0,0.0,0.0,0.0,0.0,0.0,0.0,0.0,0.0,0.0,0.0,0.0,0.0,0.0,1,superhero,superhero,superhero,1
0.95,0.05,0.0,0.0,0.0,0.0,0.0,0.0,0.0,0.0,0.0,0.0,0.0,0.0,0.0,0.9,0,hospital_1,synthea,hospital_1,0
0.95,0.85,0.7,0.0,0.0,0.0,0.0,0.0,0.0,0.0,0.0,0.0,0.0,0.0,0.0,0.1,1,superhero,superhero,superhero,1
0.95,0.05,0.0,0.0,0.0,0.0,0.0,0.0,0.0,0.0,0.0,0.0,0.0,0.0,0.0,0.9,0,hospital_1,synthea,hospital_1,0
0.95,0.0,0.0,0.0,0.0,0.0,0.0,0.0,0.0,0.0,0.0,0.0,0.0,0.0,0.0,0.95,0,hospital_1,menu,hospital_1,0
0.15,0.1,0.1,0.1,0.05,0.05,0.05,0.05,0.05,0.05,0.05,0.05,0.05,0.05,0.05,0.05,1,superhero,superhero,vehicle_rent,1
0.8,0.7,0.6,0.6,0.3,0.2,0.2,0.1,0.1,0.1,0.1,0.1,0.1,0.1,0.1,0.1,1,superhero,superhero,superhero,1
0.95,0.3,0.1,0.1,0.0,0.0,0.0,0.0,0.0,0.0,0.0,0.0,0.0,0.0,0.0,0.65,0,hospital_1,menu,hospital_1,0
0.95,0.0,0.0,0.0,0.0,0.0,0.0,0.0,0.0,0.0,0.0,0.0,0.0,0.0,0.0,0.95,0,superhero,superhero,superhero,1
0.95,0.0,0.0,0.0,0.0,0.0,0.0,0.0,0.0,0.0,0.0,0.0,0.0,0.0,0.0,0.95,0,hospital_1,codebase_community,hospital_1,0
0.95,0.7,0.05,0.05,0.05,0.05,0.05,0.05,0.05,0.05,0.05,0.05,0.05,0.05,0.05,0.25,0,superhero,superhero,superhero,1
0.95,0.05,0.0,0.0,0.0,0.0,0.0,0.0,0.0,0.0,0.0,0.0,0.0,0.0,0.0,0.9,0,hospital_1,hospital_1,hospital_1,1
0.9,0.85,0.8,0.8,0.75,0.7,0.1,0.1,0.1,0.1,0.1,0.1,0.1,0.1,0.1,0.05,1,superhero,superhero,soccer_1,1
0.95,0.05,0.0,0.0,0.0,0.0,0.0,0.0,0.0,0.0,0.0,0.0,0.0,0.0,0.0,0.9,0,hospital_1,hospital_1,hospital_1,1
0.95,0.01,0.01,0.01,0.01,0.01,0.01,0.01,0.01,0.0,0.0,0.0,0.0,0.0,0.0,0.94,0,hospital_1,hospital_1,hospital_1,1
0.95,0.1,0.1,0.05,0.05,0.05,0.05,0.05,0.05,0.05,0.01,0.01,0.01,0.01,0.01,0.85,0,superhero,superhero,superhero,1
0.8,0.2,0.1,0.1,0.05,0.05,0.05,0.01,0.01,0.01,0.01,0.01,0.01,0.01,0.01,0.6,0,superhero,superhero,superhero,1
0.7,0.7,0.7,0.7,0.7,0.7,0.7,0.7,0.2,0.2,0.1,0.1,0.05,0.05,0.05,0.0,1,superhero,superhero,superhero,1
0.95,0.05,0.05,0.0,0.0,0.0,0.0,0.0,0.0,0.0,0.0,0.0,0.0,0.0,0.0,0.9,0,hospital_1,hospital_1,hospital_1,1
0.95,0.0,0.0,0.0,0.0,0.0,0.0,0.0,0.0,0.0,0.0,0.0,0.0,0.0,0.0,0.95,0,hospital_1,hospital_1,hospital_1,1
0.9,0.01,0.01,0.01,0.01,0.01,0.01,0.01,0.01,0.01,0.01,0.01,0.01,0.01,0.01,0.89,0,superhero,superhero,superhero,1
0.7,0.2,0.1,0.0,0.0,0.0,0.0,0.0,0.0,0.0,0.0,0.0,0.0,0.0,0.0,0.5,0,hospital_1,menu,hospital_1,0
0.95,0.0,0.0,0.0,0.0,0.0,0.0,0.0,0.0,0.0,0.0,0.0,0.0,0.0,0.0,0.95,0,superhero,superhero,superhero,1
0.7,0.3,0.1,0.1,0.1,0.1,0.1,0.1,0.1,0.1,0.1,0.1,0.05,0.05,0.05,0.4,0,superhero,superhero,superhero,1
0.95,0.0,0.0,0.0,0.0,0.0,0.0,0.0,0.0,0.0,0.0,0.0,0.0,0.0,0.0,0.95,0,hospital_1,hospital_1,hospital_1,1
0.95,0.0,0.0,0.0,0.0,0.0,0.0,0.0,0.0,0.0,0.0,0.0,0.0,0.0,0.0,0.95,0,hospital_1,hospital_1,hospital_1,1
0.6,0.6,0.6,0.6,0.6,0.0,0.0,0.0,0.0,0.0,0.0,0.0,0.0,0.0,0.0,0.0,1,superhero,superhero,superhero,1
0.95,0.0,0.0,0.0,0.0,0.0,0.0,0.0,0.0,0.0,0.0,0.0,0.0,0.0,0.0,0.95,0,hospital_1,hospital_1,hospital_1,1
0.0,0.0,0.0,0.0,0.0,0.0,0.0,0.0,0.0,0.0,0.0,0.0,0.0,0.0,0.0,0.0,1,superhero,superhero,superhero,1
0.95,0.0,0.0,0.0,0.0,0.0,0.0,0.0,0.0,0.0,0.0,0.0,0.0,0.0,0.0,0.95,0,hospital_1,hospital_1,hospital_1,1
0.95,0.6,0.05,0.05,0.05,0.05,0.05,0.05,0.05,0.05,0.05,0.05,0.05,0.05,0.05,0.35,0,superhero,superhero,superhero,1
0.95,0.05,0.0,0.0,0.0,0.0,0.0,0.0,0.0,0.0,0.0,0.0,0.0,0.0,0.0,0.9,0,hospital_1,hospital_1,hospital_1,1
0.85,0.0,0.0,0.0,0.0,0.0,0.0,0.0,0.0,0.0,0.0,0.0,0.0,0.0,0.0,0.85,0,superhero,superhero,superhero,1
0.95,0.05,0.0,0.0,0.0,0.0,0.0,0.0,0.0,0.0,0.0,0.0,0.0,0.0,0.0,0.9,0,hospital_1,hospital_1,hospital_1,1
0.95,0.05,0.0,0.0,0.0,0.0,0.0,0.0,0.0,0.0,0.0,0.0,0.0,0.0,0.0,0.9,0,superhero,superhero,superhero,1
0.95,0.0,0.0,0.0,0.0,0.0,0.0,0.0,0.0,0.0,0.0,0.0,0.0,0.0,0.0,0.95,0,hospital_1,hospital_1,hospital_1,1
0.7,0.4,0.3,0.0,0.0,0.0,0.0,0.0,0.0,0.0,0.0,0.0,0.0,0.0,0.0,0.3,0,superhero,superhero,superhero,1
0.95,0.0,0.0,0.0,0.0,0.0,0.0,0.0,0.0,0.0,0.0,0.0,0.0,0.0,0.0,0.95,0,hospital_1,hospital_1,hospital_1,1
0.85,0.75,0.1,0.0,0.0,0.0,0.0,0.0,0.0,0.0,0.0,0.0,0.0,0.0,0.0,0.1,1,superhero,superhero,superhero,1
0.95,0.0,0.0,0.0,0.0,0.0,0.0,0.0,0.0,0.0,0.0,0.0,0.0,0.0,0.0,0.95,0,hospital_1,hospital_1,hospital_1,1
0.7,0.1,0.05,0.05,0.05,0.0,0.0,0.0,0.0,0.0,0.0,0.0,0.0,0.0,0.0,0.6,0,superhero,superhero,superhero,1
0.95,0.01,0.01,0.01,0.0,0.0,0.0,0.0,0.0,0.0,0.0,0.0,0.0,0.0,0.0,0.94,0,superhero,superhero,superhero,1
0.95,0.0,0.0,0.0,0.0,0.0,0.0,0.0,0.0,0.0,0.0,0.0,0.0,0.0,0.0,0.95,0,hospital_1,hospital_1,hospital_1,1
0.95,0.0,0.0,0.0,0.0,0.0,0.0,0.0,0.0,0.0,0.0,0.0,0.0,0.0,0.0,0.95,0,hospital_1,hospital_1,hospital_1,1
0.7,0.2,0.1,0.1,0.05,0.05,0.05,0.05,0.05,0.05,0.05,0.05,0.05,0.05,0.05,0.5,0,superhero,superhero,superhero,1
0.85,0.75,0.1,0.1,0.1,0.05,0.05,0.05,0.05,0.05,0.05,0.05,0.05,0.05,0.05,0.1,1,superhero,superhero,superhero,1
0.95,0.0,0.0,0.0,0.0,0.0,0.0,0.0,0.0,0.0,0.0,0.0,0.0,0.0,0.0,0.95,0,hospital_1,hospital_1,hospital_1,1
0.95,0.1,0.0,0.0,0.0,0.0,0.0,0.0,0.0,0.0,0.0,0.0,0.0,0.0,0.0,0.85,0,hospital_1,hospital_1,hospital_1,1
0.85,0.2,0.1,0.05,0.05,0.05,0.05,0.05,0.05,0.05,0.01,0.01,0.01,0.01,0.01,0.65,0,superhero,superhero,superhero,1
0.85,0.15,0.15,0.1,0.05,0.05,0.05,0.05,0.05,0.05,0.05,0.05,0.05,0.05,0.05,0.7,0,superhero,superhero,superhero,1
0.85,0.0,0.0,0.0,0.0,0.0,0.0,0.0,0.0,0.0,0.0,0.0,0.0,0.0,0.0,0.85,0,hospital_1,synthea,hospital_1,0
0.95,0.0,0.0,0.0,0.0,0.0,0.0,0.0,0.0,0.0,0.0,0.0,0.0,0.0,0.0,0.95,0,hospital_1,synthea,hospital_1,0
0.85,0.05,0.0,0.0,0.0,0.0,0.0,0.0,0.0,0.0,0.0,0.0,0.0,0.0,0.0,0.8,0,hospital_1,synthea,hospital_1,0
0.7,0.3,0.3,0.3,0.2,0.2,0.1,0.05,0.05,0.05,0.05,0.05,0.05,0.05,0.05,0.4,0,superhero,superhero,superhero,1
0.7,0.1,0.1,0.1,0.0,0.0,0.0,0.0,0.0,0.0,0.0,0.0,0.0,0.0,0.0,0.6,0,superhero,superhero,superhero,1
0.7,0.2,0.2,0.1,0.1,0.1,0.0,0.0,0.0,0.0,0.0,0.0,0.0,0.0,0.0,0.5,0,superhero,superhero,superhero,1
0.95,0.0,0.0,0.0,0.0,0.0,0.0,0.0,0.0,0.0,0.0,0.0,0.0,0.0,0.0,0.95,0,hospital_1,synthea,hospital_1,0
0.8,0.7,0.7,0.6,0.0,0.0,0.0,0.0,0.0,0.0,0.0,0.0,0.0,0.0,0.0,0.1,1,hospital_1,synthea,driving_school,0
0.7,0.6,0.0,0.0,0.0,0.0,0.0,0.0,0.0,0.0,0.0,0.0,0.0,0.0,0.0,0.1,1,superhero,superhero,superhero,1
0.95,0.7,0.1,0.05,0.0,0.0,0.0,0.0,0.0,0.0,0.0,0.0,0.0,0.0,0.0,0.25,0,hospital_1,apartment_rentals,hospital_1,0
0.95,0.0,0.0,0.0,0.0,0.0,0.0,0.0,0.0,0.0,0.0,0.0,0.0,0.0,0.0,0.95,0,hospital_1,hospital_1,hospital_1,1
0.85,0.75,0.75,0.7,0.3,0.25,0.25,0.2,0.15,0.1,0.05,0.05,0.05,0.05,0.05,0.1,1,superhero,superhero,superhero,1
0.7,0.2,0.1,0.1,0.1,0.1,0.1,0.1,0.0,0.0,0.0,0.0,0.0,0.0,0.0,0.5,0,superhero,superhero,imdb,1
0.7,0.7,0.6,0.1,0.1,0.1,0.05,0.05,0.05,0.05,0.05,0.05,0.05,0.05,0.05,0.0,1,superhero,superhero,body_builder,1
0.95,0.0,0.0,0.0,0.0,0.0,0.0,0.0,0.0,0.0,0.0,0.0,0.0,0.0,0.0,0.95,0,hospital_1,hospital_1,hospital_1,1
0.95,0.1,0.05,0.05,0.01,0.01,0.01,0.01,0.01,0.01,0.01,0.01,0.01,0.01,0.01,0.85,0,superhero,superhero,superhero,1
0.95,0.85,0.65,0.6,0.3,0.2,0.2,0.1,0.1,0.0,0.0,0.0,0.0,0.0,0.0,0.1,1,hr_1,human_resources,hr_1,0
0.85,0.6,0.2,0.1,0.1,0.05,0.05,0.05,0.05,0.05,0.05,0.05,0.05,0.05,0.05,0.25,0,superhero,superhero,superhero,1
0.95,0.7,0.6,0.3,0.3,0.2,0.2,0.2,0.1,0.1,0.1,0.1,0.1,0.1,0.1,0.25,0,hr_1,human_resources,hr_1,0
0.98,0.95,0.9,0.88,0.85,0.8,0.75,0.7,0.0,0.0,0.0,0.0,0.0,0.0,0.0,0.03,1,hr_1,human_resources,hr_1,0
0.9,0.15,0.1,0.05,0.05,0.05,0.05,0.05,0.05,0.05,0.05,0.05,0.05,0.05,0.05,0.75,0,superhero,superhero,superhero,1
0.7,0.0,0.0,0.0,0.0,0.0,0.0,0.0,0.0,0.0,0.0,0.0,0.0,0.0,0.0,0.7,0,superhero,superhero,superhero,1
0.95,0.3,0.2,0.15,0.1,0.05,0.05,0.05,0.05,0.05,0.05,0.05,0.05,0.05,0.05,0.65,0,superhero,superhero,superhero,1
0.95,0.95,0.95,0.95,0.95,0.95,0.7,0.0,0.0,0.0,0.0,0.0,0.0,0.0,0.0,0.0,1,superhero,superhero,superhero,1
0.9,0.85,0.75,0.6,0.3,0.25,0.2,0.15,0.1,0.05,0.0,0.0,0.0,0.0,0.0,0.05,1,hr_1,company_1,hr_1,0
0.95,0.9,0.25,0.2,0.15,0.1,0.1,0.1,0.05,0.0,0.0,0.0,0.0,0.0,0.0,0.05,1,hr_1,human_resources,company_1,0
0.95,0.85,0.75,0.65,0.4,0.35,0.3,0.2,0.15,0.1,0.0,0.0,0.0,0.0,0.0,0.1,1,hr_1,company_1,hr_1,0
0.95,0.85,0.75,0.6,0.5,0.3,0.2,0.1,0.1,0.05,0.05,0.0,0.0,0.0,0.0,0.1,1,hr_1,company_1,hr_1,0
0.95,0.0,0.0,0.0,0.0,0.0,0.0,0.0,0.0,0.0,0.0,0.0,0.0,0.0,0.0,0.95,0,superhero,superhero,superhero,1
0.85,0.7,0.3,0.3,0.2,0.2,0.2,0.1,0.1,0.1,0.1,0.0,0.0,0.0,0.0,0.15,1,hr_1,company_1,hr_1,0
0.98,0.95,0.7,0.6,0.1,0.05,0.05,0.01,0.0,0.0,0.0,0.0,0.0,0.0,0.0,0.03,1,hr_1,human_resources,hr_1,0
0.9,0.85,0.8,0.75,0.7,0.6,0.3,0.2,0.1,0.0,0.0,0.0,0.0,0.0,0.0,0.05,1,hr_1,company_1,hr_1,0
0.8,0.25,0.2,0.15,0.1,0.1,0.1,0.0,0.0,0.0,0.0,0.0,0.0,0.0,0.0,0.55,0,superhero,superhero,superhero,1
0.95,0.05,0.0,0.0,0.0,0.0,0.0,0.0,0.0,0.0,0.0,0.0,0.0,0.0,0.0,0.9,0,superhero,superhero,superhero,1
0.95,0.9,0.85,0.75,0.7,0.7,0.6,0.3,0.1,0.1,0.1,0.1,0.1,0.1,0.1,0.05,1,hr_1,human_resources,hr_1,0
0.85,0.75,0.6,0.6,0.6,0.6,0.6,0.6,0.6,0.6,0.1,0.05,0.05,0.05,0.05,0.1,1,superhero,superhero,body_builder,1
0.7,0.7,0.7,0.05,0.0,0.0,0.0,0.0,0.0,0.0,0.0,0.0,0.0,0.0,0.0,0.0,1,superhero,superhero,superhero,1
0.9,0.85,0.75,0.7,0.6,0.3,0.2,0.15,0.1,0.1,0.0,0.0,0.0,0.0,0.0,0.05,1,hr_1,company_1,hr_1,0
0.95,0.95,0.85,0.85,0.85,0.8,0.8,0.75,0.7,0.65,0.65,0.6,0.3,0.0,0.0,0.0,1,hr_1,company_1,company_1,0
0.95,0.9,0.85,0.85,0.8,0.8,0.75,0.7,0.7,0.65,0.6,0.6,0.2,0.0,0.0,0.05,1,hr_1,department_management,department_management,0
0.85,0.85,0.75,0.75,0.7,0.7,0.7,0.6,0.5,0.1,0.0,0.0,0.0,0.0,0.0,0.0,1,swimming,swimming,swimming,1
0.85,0.85,0.85,0.8,0.7,0.2,0.1,0.05,0.05,0.05,0.05,0.05,0.05,0.05,0.05,0.0,1,superhero,superhero,body_builder,1
0.95,0.0,0.0,0.0,0.0,0.0,0.0,0.0,0.0,0.0,0.0,0.0,0.0,0.0,0.0,0.95,0,swimming,swimming,swimming,1
0.9,0.85,0.8,0.7,0.65,0.6,0.5,0.4,0.3,0.2,0.0,0.0,0.0,0.0,0.0,0.05,1,hr_1,human_resources,chinook_1,0
0.9,0.85,0.75,0.75,0.7,0.7,0.65,0.6,0.5,0.5,0.4,0.0,0.0,0.0,0.0,0.05,1,hr_1,department_management,hr_1,0
0.95,0.05,0.05,0.05,0.05,0.05,0.05,0.05,0.05,0.05,0.05,0.0,0.0,0.0,0.0,0.9,0,swimming,swimming,swimming,1
0.98,0.97,0.96,0.95,0.89,0.88,0.85,0.1,0.1,0.1,0.0,0.0,0.0,0.0,0.0,0.01,1,hr_1,company_1,department_management,0
0.9,0.85,0.8,0.75,0.2,0.15,0.1,0.05,0.05,0.05,0.05,0.0,0.0,0.0,0.0,0.05,1,swimming,game_injury,swimming,0
0.95,0.85,0.75,0.65,0.3,0.25,0.2,0.15,0.1,0.1,0.0,0.0,0.0,0.0,0.0,0.1,1,hr_1,hr_1,hr_1,1
1.0,0.95,0.7,0.05,0.01,0.01,0.01,0.01,0.01,0.01,0.01,0.0,0.0,0.0,0.0,0.05,1,swimming,game_injury,concert_singer,0
0.95,0.85,0.25,0.2,0.15,0.1,0.05,0.05,0.0,0.0,0.0,0.0,0.0,0.0,0.0,0.1,1,hr_1,department_management,department_management,0
0.95,0.85,0.75,0.7,0.65,0.6,0.5,0.4,0.3,0.2,0.1,0.0,0.0,0.0,0.0,0.1,1,hr_1,hr_1,hr_1,1
0.95,0.0,0.0,0.0,0.0,0.0,0.0,0.0,0.0,0.0,0.0,0.0,0.0,0.0,0.0,0.95,0,swimming,swimming,swimming,1
0.3,0.3,0.3,0.2,0.2,0.1,0.1,0.0,0.0,0.0,0.0,0.0,0.0,0.0,0.0,0.0,1,superhero,superhero,body_builder,1
0.9,0.85,0.75,0.7,0.3,0.1,0.1,0.1,0.1,0.05,0.05,0.05,0.0,0.0,0.0,0.05,1,swimming,game_injury,concert_singer,0
0.85,0.75,0.6,0.5,0.5,0.4,0.4,0.3,0.3,0.2,0.2,0.0,0.0,0.0,0.0,0.1,1,hr_1,department_management,hr_1,0
0.95,0.05,0.05,0.05,0.01,0.01,0.01,0.01,0.01,0.01,0.01,0.01,0.01,0.01,0.01,0.9,0,swimming,swimming,swimming,1
0.95,0.0,0.0,0.0,0.0,0.0,0.0,0.0,0.0,0.0,0.0,0.0,0.0,0.0,0.0,0.95,0,swimming,swimming,swimming,1
0.85,0.8,0.75,0.7,0.7,0.65,0.6,0.5,0.45,0.4,0.3,0.0,0.0,0.0,0.0,0.05,1,hr_1,department_management,hr_1,0
0.95,0.85,0.0,0.0,0.0,0.0,0.0,0.0,0.0,0.0,0.0,0.0,0.0,0.0,0.0,0.1,1,swimming,swimming,swimming,1
0.95,0.01,0.01,0.01,0.01,0.01,0.01,0.01,0.01,0.01,0.01,0.0,0.0,0.0,0.0,0.94,0,swimming,swimming,swimming,1
0.95,0.1,0.05,0.05,0.05,0.05,0.0,0.0,0.0,0.0,0.0,0.0,0.0,0.0,0.0,0.85,0,hr_1,hr_1,hr_1,1
0.95,0.0,0.0,0.0,0.0,0.0,0.0,0.0,0.0,0.0,0.0,0.0,0.0,0.0,0.0,0.95,0,hr_1,human_resources,hr_1,0
0.95,0.6,0.4,0.2,0.2,0.1,0.1,0.1,0.1,0.1,0.1,0.05,0.05,0.0,0.0,0.35,0,swimming,swimming,swimming,1
0.95,0.85,0.7,0.6,0.6,0.3,0.3,0.2,0.1,0.1,0.0,0.0,0.0,0.0,0.0,0.1,1,hr_1,company_1,hr_1,0
0.85,0.75,0.6,0.1,0.1,0.1,0.1,0.1,0.05,0.05,0.05,0.05,0.05,0.0,0.0,0.1,1,swimming,swimming,swimming,1
0.95,0.1,0.1,0.1,0.05,0.05,0.05,0.05,0.05,0.05,0.05,0.05,0.05,0.05,0.05,0.85,0,swimming,swimming,swimming,1
0.95,0.85,0.75,0.1,0.1,0.1,0.1,0.05,0.05,0.0,0.0,0.0,0.0,0.0,0.0,0.1,1,hr_1,human_resources,hr_1,0
0.95,0.9,0.85,0.85,0.7,0.6,0.5,0.2,0.1,0.1,0.1,0.1,0.0,0.0,0.0,0.05,1,hr_1,company_1,hr_1,0
0.95,0.7,0.05,0.05,0.05,0.05,0.05,0.05,0.05,0.05,0.05,0.05,0.0,0.0,0.0,0.25,0,theme_gallery,theme_gallery,theme_gallery,1
0.95,0.9,0.6,0.6,0.5,0.3,0.2,0.1,0.1,0.0,0.0,0.0,0.0,0.0,0.0,0.05,1,hr_1,human_resources,hr_1,0
0.98,0.95,0.7,0.05,0.01,0.01,0.01,0.01,0.01,0.01,0.01,0.0,0.0,0.0,0.0,0.03,1,swimming,game_injury,swimming,0
0.95,0.05,0.03,0.03,0.02,0.02,0.02,0.01,0.01,0.01,0.01,0.0,0.0,0.0,0.0,0.9,0,theme_gallery,theme_gallery,theme_gallery,1
0.95,0.7,0.6,0.6,0.5,0.4,0.3,0.2,0.1,0.1,0.0,0.0,0.0,0.0,0.0,0.25,0,hr_1,company_1,hr_1,0
0.9,0.85,0.5,0.4,0.3,0.3,0.2,0.1,0.1,0.05,0.0,0.0,0.0,0.0,0.0,0.05,1,hr_1,company_1,company_1,0
0.95,0.85,0.7,0.6,0.5,0.5,0.3,0.2,0.1,0.1,0.1,0.0,0.0,0.0,0.0,0.1,1,hr_1,company_1,hr_1,0
0.95,0.1,0.05,0.05,0.02,0.01,0.01,0.01,0.01,0.01,0.01,0.01,0.01,0.0,0.0,0.85,0,theme_gallery,theme_gallery,theme_gallery,1
0.85,0.7,0.2,0.15,0.1,0.05,0.05,0.05,0.05,0.0,0.0,0.0,0.0,0.0,0.0,0.15,1,hr_1,department_management,hr_1,0
0.95,0.85,0.1,0.08,0.05,0.05,0.03,0.02,0.01,0.01,0.01,0.01,0.0,0.0,0.0,0.1,1,theme_gallery,theme_gallery,theme_gallery,1
0.95,0.1,0.05,0.05,0.0,0.0,0.0,0.0,0.0,0.0,0.0,0.0,0.0,0.0,0.0,0.85,0,theme_gallery,theme_gallery,theme_gallery,1
0.95,0.9,0.85,0.7,0.6,0.5,0.4,0.3,0.2,0.1,0.1,0.05,0.0,0.0,0.0,0.05,1,hr_1,company_1,hr_1,0
0.95,0.1,0.05,0.05,0.05,0.05,0.0,0.0,0.0,0.0,0.0,0.0,0.0,0.0,0.0,0.85,0,theme_gallery,theme_gallery,theme_gallery,1
0.95,0.05,0.05,0.05,0.05,0.05,0.05,0.05,0.05,0.05,0.05,0.0,0.0,0.0,0.0,0.9,0,theme_gallery,theme_gallery,theme_gallery,1
0.95,0.05,0.05,0.0,0.0,0.0,0.0,0.0,0.0,0.0,0.0,0.0,0.0,0.0,0.0,0.9,0,theme_gallery,theme_gallery,theme_gallery,1
0.9,0.9,0.85,0.75,0.75,0.65,0.3,0.2,0.15,0.1,0.05,0.05,0.05,0.0,0.0,0.0,1,hr_1,company_1,hr_1,0
0.95,0.9,0.9,0.85,0.85,0.8,0.75,0.6,0.5,0.3,0.2,0.1,0.0,0.0,0.0,0.05,1,hr_1,company_1,hr_1,0
0.95,0.05,0.0,0.0,0.0,0.0,0.0,0.0,0.0,0.0,0.0,0.0,0.0,0.0,0.0,0.9,0,theme_gallery,theme_gallery,theme_gallery,1
0.95,0.9,0.85,0.8,0.7,0.3,0.2,0.1,0.1,0.05,0.05,0.05,0.0,0.0,0.0,0.05,1,hr_1,company_1,hr_1,0
0.95,0.85,0.7,0.65,0.6,0.2,0.1,0.1,0.1,0.05,0.05,0.05,0.0,0.0,0.0,0.1,1,hr_1,company_1,hr_1,0
0.9,0.85,0.85,0.8,0.8,0.75,0.1,0.05,0.05,0.05,0.05,0.0,0.0,0.0,0.0,0.05,1,hr_1,company_1,hr_1,0
0.95,0.9,0.85,0.75,0.7,0.6,0.5,0.3,0.2,0.0,0.0,0.0,0.0,0.0,0.0,0.05,1,hr_1,company_1,hr_1,0
0.95,0.05,0.0,0.0,0.0,0.0,0.0,0.0,0.0,0.0,0.0,0.0,0.0,0.0,0.0,0.9,0,theme_gallery,theme_gallery,theme_gallery,1
0.95,0.03,0.02,0.02,0.01,0.01,0.01,0.01,0.01,0.01,0.01,0.01,0.01,0.01,0.0,0.92,0,theme_gallery,theme_gallery,theme_gallery,1
0.95,0.0,0.0,0.0,0.0,0.0,0.0,0.0,0.0,0.0,0.0,0.0,0.0,0.0,0.0,0.95,0,theme_gallery,theme_gallery,theme_gallery,1
0.95,0.7,0.3,0.3,0.3,0.2,0.2,0.1,0.1,0.0,0.0,0.0,0.0,0.0,0.0,0.25,0,hr_1,human_resources,hr_1,0
0.95,0.75,0.25,0.2,0.2,0.15,0.1,0.1,0.05,0.05,0.0,0.0,0.0,0.0,0.0,0.2,1,hr_1,human_resources,hr_1,0
0.95,0.9,0.9,0.05,0.05,0.05,0.05,0.05,0.05,0.05,0.05,0.05,0.05,0.0,0.0,0.05,1,theme_gallery,theme_gallery,theme_gallery,1
0.95,0.15,0.15,0.1,0.1,0.05,0.05,0.05,0.05,0.0,0.0,0.0,0.0,0.0,0.0,0.8,0,hr_1,human_resources,hr_1,0
0.95,0.85,0.75,0.7,0.1,0.1,0.05,0.05,0.05,0.05,0.05,0.05,0.0,0.0,0.0,0.1,1,theme_gallery,theme_gallery,theme_gallery,1
0.95,0.2,0.2,0.2,0.2,0.2,0.2,0.1,0.1,0.1,0.1,0.1,0.1,0.1,0.1,0.75,0,hr_1,human_resources,hr_1,0
0.95,0.05,0.05,0.02,0.01,0.01,0.01,0.01,0.01,0.0,0.0,0.0,0.0,0.0,0.0,0.9,0,theme_gallery,theme_gallery,theme_gallery,1
0.95,0.0,0.0,0.0,0.0,0.0,0.0,0.0,0.0,0.0,0.0,0.0,0.0,0.0,0.0,0.95,0,theme_gallery,theme_gallery,theme_gallery,1
0.9,0.85,0.75,0.7,0.65,0.6,0.35,0.3,0.25,0.2,0.1,0.0,0.0,0.0,0.0,0.05,1,hr_1,company_1,hr_1,0
0.95,0.1,0.05,0.05,0.02,0.01,0.01,0.01,0.01,0.01,0.01,0.0,0.0,0.0,0.0,0.85,0,theme_gallery,theme_gallery,theme_gallery,1
0.9,0.85,0.7,0.6,0.5,0.4,0.3,0.3,0.2,0.1,0.1,0.0,0.0,0.0,0.0,0.05,1,hr_1,company_1,hr_1,0
0.95,0.75,0.6,0.05,0.03,0.02,0.01,0.01,0.01,0.0,0.0,0.0,0.0,0.0,0.0,0.2,1,theme_gallery,theme_gallery,theme_gallery,1
0.95,0.05,0.05,0.01,0.01,0.01,0.01,0.01,0.01,0.01,0.01,0.01,0.01,0.0,0.0,0.9,0,theme_gallery,theme_gallery,theme_gallery,1
0.85,0.8,0.75,0.7,0.7,0.7,0.6,0.5,0.4,0.3,0.2,0.0,0.0,0.0,0.0,0.05,1,hr_1,student_loan,hr_1,0
0.95,0.7,0.6,0.6,0.5,0.5,0.4,0.3,0.0,0.0,0.0,0.0,0.0,0.0,0.0,0.25,0,hr_1,human_resources,hr_1,0
0.85,0.8,0.8,0.75,0.75,0.7,0.65,0.6,0.5,0.45,0.4,0.3,0.0,0.0,0.0,0.05,1,hr_1,company_employee,company_employee,0
0.95,0.85,0.1,0.1,0.1,0.1,0.05,0.05,0.05,0.05,0.05,0.05,0.05,0.0,0.0,0.1,1,theme_gallery,theme_gallery,theme_gallery,1
0.95,0.85,0.75,0.7,0.65,0.6,0.55,0.3,0.2,0.1,0.0,0.0,0.0,0.0,0.0,0.1,1,hr_1,company_1,hr_1,0
0.95,0.7,0.6,0.3,0.2,0.1,0.1,0.1,0.1,0.1,0.1,0.0,0.0,0.0,0.0,0.25,0,hr_1,department_management,hr_1,0
0.3,0.2,0.15,0.15,0.1,0.1,0.0,0.0,0.0,0.0,0.0,0.0,0.0,0.0,0.0,0.1,1,thrombosis_prediction,synthea,candidate_poll,0
0.95,0.85,0.75,0.7,0.6,0.5,0.45,0.4,0.3,0.2,0.1,0.0,0.0,0.0,0.0,0.1,1,hr_1,human_resources,hr_1,0
0.1,0.1,0.1,0.1,0.1,0.1,0.0,0.0,0.0,0.0,0.0,0.0,0.0,0.0,0.0,0.0,1,thrombosis_prediction,synthea,allergy_1,0
0.0,0.0,0.0,0.0,0.0,0.0,0.0,0.0,0.0,0.0,0.0,0.0,0.0,0.0,0.0,0.0,1,thrombosis_prediction,synthea,synthea,0
0.3,0.1,0.1,0.1,0.0,0.0,0.0,0.0,0.0,0.0,0.0,0.0,0.0,0.0,0.0,0.2,1,thrombosis_prediction,synthea,candidate_poll,0
0.95,0.95,0.9,0.85,0.75,0.3,0.2,0.1,0.1,0.0,0.0,0.0,0.0,0.0,0.0,0.0,1,hr_1,human_resources,store_1,0
0.9,0.85,0.8,0.75,0.7,0.65,0.6,0.4,0.3,0.2,0.1,0.0,0.0,0.0,0.0,0.05,1,hr_1,human_resources,company_1,0
0.95,0.95,0.9,0.85,0.75,0.7,0.1,0.1,0.0,0.0,0.0,0.0,0.0,0.0,0.0,0.0,1,hr_1,human_resources,store_1,0
0.1,0.1,0.1,0.1,0.1,0.1,0.0,0.0,0.0,0.0,0.0,0.0,0.0,0.0,0.0,0.0,1,thrombosis_prediction,synthea,allergy_1,0
0.7,0.2,0.0,0.0,0.0,0.0,0.0,0.0,0.0,0.0,0.0,0.0,0.0,0.0,0.0,0.5,0,thrombosis_prediction,synthea,hospital_1,0
0.95,0.9,0.85,0.8,0.75,0.6,0.5,0.2,0.1,0.0,0.0,0.0,0.0,0.0,0.0,0.05,1,hr_1,company_1,hr_1,0
0.95,0.3,0.2,0.2,0.2,0.1,0.0,0.0,0.0,0.0,0.0,0.0,0.0,0.0,0.0,0.65,0,thrombosis_prediction,synthea,hospital_1,0
0.95,0.95,0.85,0.8,0.75,0.65,0.55,0.4,0.3,0.2,0.1,0.0,0.0,0.0,0.0,0.0,1,hr_1,department_management,hr_1,0
0.0,0.0,0.0,0.0,0.0,0.0,0.0,0.0,0.0,0.0,0.0,0.0,0.0,0.0,0.0,0.0,1,thrombosis_prediction,synthea,synthea,0
0.3,0.2,0.2,0.0,0.0,0.0,0.0,0.0,0.0,0.0,0.0,0.0,0.0,0.0,0.0,0.1,1,thrombosis_prediction,synthea,allergy_1,0
0.95,0.9,0.85,0.75,0.4,0.3,0.3,0.2,0.2,0.1,0.1,0.0,0.0,0.0,0.0,0.05,1,hr_1,hr_1,hr_1,1
0.95,0.9,0.85,0.8,0.75,0.75,0.7,0.65,0.6,0.5,0.0,0.0,0.0,0.0,0.0,0.05,1,hr_1,hr_1,hr_1,1
0.85,0.05,0.05,0.0,0.0,0.0,0.0,0.0,0.0,0.0,0.0,0.0,0.0,0.0,0.0,0.8,0,thrombosis_prediction,thrombosis_prediction,hospital_1,1
0.7,0.7,0.0,0.0,0.0,0.0,0.0,0.0,0.0,0.0,0.0,0.0,0.0,0.0,0.0,0.0,1,thrombosis_prediction,thrombosis_prediction,thrombosis_prediction,1
0.1,0.0,0.0,0.0,0.0,0.0,0.0,0.0,0.0,0.0,0.0,0.0,0.0,0.0,0.0,0.1,1,thrombosis_prediction,synthea,allergy_1,0
0.95,0.9,0.85,0.8,0.75,0.75,0.7,0.1,0.05,0.05,0.05,0.0,0.0,0.0,0.0,0.05,1,hr_1,department_management,department_management,0
0.95,0.85,0.8,0.7,0.65,0.6,0.5,0.4,0.4,0.35,0.3,0.2,0.0,0.0,0.0,0.1,1,hr_1,company_1,department_management,0
0.95,0.9,0.85,0.75,0.1,0.1,0.05,0.05,0.05,0.05,0.05,0.0,0.0,0.0,0.0,0.05,1,hr_1,company_1,company_1,0
0.3,0.2,0.1,0.1,0.0,0.0,0.0,0.0,0.0,0.0,0.0,0.0,0.0,0.0,0.0,0.1,1,thrombosis_prediction,synthea,allergy_1,0
0.6,0.1,0.1,0.1,0.1,0.0,0.0,0.0,0.0,0.0,0.0,0.0,0.0,0.0,0.0,0.5,0,thrombosis_prediction,thrombosis_prediction,candidate_poll,1
0.98,0.95,0.85,0.2,0.15,0.1,0.1,0.05,0.05,0.0,0.0,0.0,0.0,0.0,0.0,0.03,1,hr_1,human_resources,hr_1,0
0.85,0.0,0.0,0.0,0.0,0.0,0.0,0.0,0.0,0.0,0.0,0.0,0.0,0.0,0.0,0.85,0,thrombosis_prediction,synthea,hospital_1,0
0.95,0.9,0.9,0.85,0.8,0.75,0.1,0.0,0.0,0.0,0.0,0.0,0.0,0.0,0.0,0.05,1,icfp_1,authors,scholar,0
0.95,0.92,0.9,0.88,0.85,0.75,0.05,0.0,0.0,0.0,0.0,0.0,0.0,0.0,0.0,0.03,1,icfp_1,authors,scholar,0
0.9,0.0,0.0,0.0,0.0,0.0,0.0,0.0,0.0,0.0,0.0,0.0,0.0,0.0,0.0,0.9,0,thrombosis_prediction,thrombosis_prediction,online_exams,1
0.95,0.95,0.95,0.9,0.85,0.1,0.1,0.05,0.05,0.0,0.0,0.0,0.0,0.0,0.0,0.0,1,icfp_1,icfp_1,icfp_1,1
0.7,0.2,0.1,0.05,0.05,0.05,0.05,0.05,0.05,0.01,0.01,0.01,0.01,0.01,0.01,0.5,0,thrombosis_prediction,thrombosis_prediction,hospital_1,1
0.0,0.0,0.0,0.0,0.0,0.0,0.0,0.0,0.0,0.0,0.0,0.0,0.0,0.0,0.0,0.0,1,thrombosis_prediction,synthea,synthea,0
0.15,0.15,0.15,0.15,0.1,0.05,0.05,0.05,0.05,0.05,0.05,0.05,0.05,0.05,0.05,0.0,1,thrombosis_prediction,thrombosis_prediction,allergy_1,1
0.95,0.9,0.85,0.7,0.15,0.1,0.05,0.02,0.01,0.0,0.0,0.0,0.0,0.0,0.0,0.05,1,icfp_1,icfp_1,icfp_1,1
0.7,0.0,0.0,0.0,0.0,0.0,0.0,0.0,0.0,0.0,0.0,0.0,0.0,0.0,0.0,0.7,0,thrombosis_prediction,synthea,hospital_1,0
0.95,0.9,0.7,0.6,0.3,0.2,0.1,0.05,0.0,0.0,0.0,0.0,0.0,0.0,0.0,0.05,1,icfp_1,icfp_1,icfp_1,1
0.95,0.85,0.75,0.65,0.2,0.1,0.05,0.05,0.05,0.05,0.0,0.0,0.0,0.0,0.0,0.1,1,icfp_1,icfp_1,icfp_1,1
0.8,0.05,0.05,0.05,0.05,0.05,0.0,0.0,0.0,0.0,0.0,0.0,0.0,0.0,0.0,0.75,0,thrombosis_prediction,synthea,hospital_1,0
0.95,0.9,0.15,0.1,0.05,0.0,0.0,0.0,0.0,0.0,0.0,0.0,0.0,0.0,0.0,0.05,1,icfp_1,icfp_1,icfp_1,1
0.2,0.1,0.05,0.05,0.05,0.05,0.05,0.05,0.05,0.05,0.05,0.05,0.05,0.05,0.05,0.1,1,thrombosis_prediction,synthea,protein_institute,0
0.95,0.9,0.85,0.8,0.75,0.7,0.3,0.2,0.1,0.1,0.1,0.1,0.1,0.1,0.05,0.05,1,icfp_1,authors,icfp_1,0
0.7,0.05,0.05,0.05,0.05,0.05,0.05,0.05,0.05,0.05,0.05,0.05,0.05,0.05,0.05,0.65,0,thrombosis_prediction,synthea,medicine_enzyme_interaction,0
0.95,0.9,0.85,0.8,0.75,0.7,0.6,0.0,0.0,0.0,0.0,0.0,0.0,0.0,0.0,0.05,1,icfp_1,scholar,icfp_1,0
0.98,0.95,0.92,0.9,0.7,0.15,0.1,0.1,0.05,0.05,0.0,0.0,0.0,0.0,0.0,0.03,1,icfp_1,scholar,icfp_1,0
0.1,0.05,0.0,0.0,0.0,0.0,0.0,0.0,0.0,0.0,0.0,0.0,0.0,0.0,0.0,0.05,1,thrombosis_prediction,synthea,allergy_1,0
0.95,0.85,0.75,0.7,0.65,0.6,0.1,0.0,0.0,0.0,0.0,0.0,0.0,0.0,0.0,0.1,1,icfp_1,icfp_1,icfp_1,1
0.95,0.0,0.0,0.0,0.0,0.0,0.0,0.0,0.0,0.0,0.0,0.0,0.0,0.0,0.0,0.95,0,thrombosis_prediction,synthea,hospital_1,0
0.1,0.1,0.1,0.1,0.1,0.1,0.1,0.1,0.1,0.1,0.1,0.1,0.1,0.1,0.1,0.0,1,thrombosis_prediction,synthea,synthea,0
0.95,0.9,0.85,0.1,0.05,0.05,0.05,0.05,0.05,0.05,0.0,0.0,0.0,0.0,0.0,0.05,1,icfp_1,icfp_1,icfp_1,1
0.95,0.0,0.0,0.0,0.0,0.0,0.0,0.0,0.0,0.0,0.0,0.0,0.0,0.0,0.0,0.95,0,thrombosis_prediction,synthea,hospital_1,0
0.6,0.1,0.1,0.1,0.05,0.05,0.05,0.05,0.05,0.05,0.05,0.05,0.05,0.05,0.05,0.5,0,thrombosis_prediction,thrombosis_prediction,medicine_enzyme_interaction,1
0.95,0.92,0.9,0.85,0.1,0.1,0.1,0.0,0.0,0.0,0.0,0.0,0.0,0.0,0.0,0.03,1,icfp_1,citeseer,scholar,0
0.0,0.0,0.0,0.0,0.0,0.0,0.0,0.0,0.0,0.0,0.0,0.0,0.0,0.0,0.0,0.0,1,thrombosis_prediction,synthea,synthea,0
0.95,0.9,0.9,0.85,0.85,0.8,0.05,0.05,0.05,0.0,0.0,0.0,0.0,0.0,0.0,0.05,1,icfp_1,authors,aan_1,0
0.95,0.92,0.9,0.85,0.1,0.05,0.02,0.01,0.0,0.0,0.0,0.0,0.0,0.0,0.0,0.03,1,icfp_1,scholar,scholar,0
0.95,0.9,0.85,0.8,0.15,0.1,0.05,0.05,0.05,0.0,0.0,0.0,0.0,0.0,0.0,0.05,1,icfp_1,scholar,scholar,0
0.95,0.9,0.85,0.7,0.4,0.3,0.2,0.15,0.1,0.05,0.0,0.0,0.0,0.0,0.0,0.05,1,icfp_1,academic,academic,0
0.2,0.1,0.1,0.1,0.1,0.1,0.1,0.0,0.0,0.0,0.0,0.0,0.0,0.0,0.0,0.1,1,thrombosis_prediction,synthea,network_2,0
0.7,0.2,0.1,0.1,0.1,0.1,0.1,0.1,0.1,0.1,0.1,0.1,0.1,0.1,0.1,0.5,0,thrombosis_prediction,thrombosis_prediction,thrombosis_prediction,1
0.95,0.92,0.9,0.85,0.8,0.75,0.1,0.1,0.05,0.05,0.05,0.0,0.0,0.0,0.0,0.03,1,icfp_1,icfp_1,icfp_1,1
0.0,0.0,0.0,0.0,0.0,0.0,0.0,0.0,0.0,0.0,0.0,0.0,0.0,0.0,0.0,0.0,1,thrombosis_prediction,thrombosis_prediction,thrombosis_prediction,1
0.1,0.1,0.1,0.1,0.05,0.0,0.0,0.0,0.0,0.0,0.0,0.0,0.0,0.0,0.0,0.0,1,thrombosis_prediction,synthea,allergy_1,0
0.95,0.92,0.9,0.85,0.15,0.1,0.05,0.03,0.02,0.01,0.0,0.0,0.0,0.0,0.0,0.03,1,icfp_1,icfp_1,icfp_1,1
0.95,0.93,0.92,0.9,0.85,0.75,0.05,0.02,0.01,0.01,0.0,0.0,0.0,0.0,0.0,0.02,1,icfp_1,icfp_1,icfp_1,1
0.1,0.0,0.0,0.0,0.0,0.0,0.0,0.0,0.0,0.0,0.0,0.0,0.0,0.0,0.0,0.1,1,thrombosis_prediction,thrombosis_prediction,medicine_enzyme_interaction,1
0.95,0.92,0.9,0.88,0.85,0.75,0.01,0.01,0.01,0.01,0.0,0.0,0.0,0.0,0.0,0.03,1,icfp_1,icfp_1,icfp_1,1
0.7,0.7,0.7,0.7,0.7,0.7,0.7,0.7,0.1,0.05,0.05,0.05,0.05,0.05,0.05,0.0,1,thrombosis_prediction,thrombosis_prediction,thrombosis_prediction,1
0.95,0.93,0.92,0.9,0.85,0.05,0.02,0.01,0.01,0.0,0.0,0.0,0.0,0.0,0.0,0.02,1,icfp_1,scholar,scholar,0
0.7,0.1,0.0,0.0,0.0,0.0,0.0,0.0,0.0,0.0,0.0,0.0,0.0,0.0,0.0,0.6,0,thrombosis_prediction,synthea,hospital_1,0
0.95,0.9,0.85,0.8,0.75,0.7,0.15,0.1,0.05,0.0,0.0,0.0,0.0,0.0,0.0,0.05,1,icfp_1,scholar,scholar,0
0.6,0.0,0.0,0.0,0.0,0.0,0.0,0.0,0.0,0.0,0.0,0.0,0.0,0.0,0.0,0.6,0,thrombosis_prediction,thrombosis_prediction,thrombosis_prediction,1
0.1,0.1,0.05,0.05,0.05,0.05,0.05,0.0,0.0,0.0,0.0,0.0,0.0,0.0,0.0,0.0,1,thrombosis_prediction,synthea,allergy_1,0
0.95,0.9,0.85,0.85,0.8,0.7,0.0,0.0,0.0,0.0,0.0,0.0,0.0,0.0,0.0,0.05,1,icfp_1,icfp_1,icfp_1,1
0.95,0.9,0.85,0.8,0.1,0.05,0.0,0.0,0.0,0.0,0.0,0.0,0.0,0.0,0.0,0.05,1,icfp_1,icfp_1,icfp_1,1
0.1,0.1,0.1,0.1,0.0,0.0,0.0,0.0,0.0,0.0,0.0,0.0,0.0,0.0,0.0,0.0,1,thrombosis_prediction,synthea,allergy_1,0
0.2,0.0,0.0,0.0,0.0,0.0,0.0,0.0,0.0,0.0,0.0,0.0,0.0,0.0,0.0,0.2,0,thrombosis_prediction,thrombosis_prediction,online_exams,1
0.95,0.9,0.85,0.15,0.1,0.01,0.01,0.01,0.01,0.01,0.01,0.0,0.0,0.0,0.0,0.05,1,icfp_1,icfp_1,icfp_1,1
0.95,0.9,0.9,0.1,0.1,0.05,0.05,0.05,0.01,0.01,0.01,0.01,0.0,0.0,0.0,0.05,1,icfp_1,icfp_1,icfp_1,1
0.7,0.1,0.0,0.0,0.0,0.0,0.0,0.0,0.0,0.0,0.0,0.0,0.0,0.0,0.0,0.6,0,thrombosis_prediction,synthea,hospital_1,0
0.95,0.93,0.92,0.9,0.85,0.7,0.1,0.05,0.03,0.02,0.01,0.01,0.0,0.0,0.0,0.02,1,icfp_1,icfp_1,icfp_1,1
0.7,0.1,0.1,0.1,0.1,0.1,0.1,0.05,0.05,0.05,0.05,0.05,0.05,0.05,0.05,0.6,0,thrombosis_prediction,synthea,hospital_1,0
0.95,0.85,0.85,0.8,0.8,0.7,0.1,0.1,0.1,0.05,0.0,0.0,0.0,0.0,0.0,0.1,1,icfp_1,icfp_1,icfp_1,1
0.95,0.92,0.9,0.85,0.8,0.75,0.2,0.1,0.1,0.05,0.0,0.0,0.0,0.0,0.0,0.03,1,icfp_1,icfp_1,icfp_1,1
0.95,0.85,0.75,0.05,0.05,0.05,0.05,0.05,0.05,0.05,0.05,0.05,0.05,0.05,0.05,0.1,1,thrombosis_prediction,synthea,medicine_enzyme_interaction,0
0.7,0.0,0.0,0.0,0.0,0.0,0.0,0.0,0.0,0.0,0.0,0.0,0.0,0.0,0.0,0.7,0,thrombosis_prediction,synthea,hospital_1,0
0.95,0.9,0.85,0.85,0.8,0.75,0.7,0.1,0.1,0.05,0.05,0.0,0.0,0.0,0.0,0.05,1,icfp_1,icfp_1,icfp_1,1
0.95,0.9,0.85,0.8,0.75,0.7,0.6,0.2,0.15,0.1,0.0,0.0,0.0,0.0,0.0,0.05,1,icfp_1,icfp_1,icfp_1,1
0.2,0.15,0.1,0.1,0.05,0.0,0.0,0.0,0.0,0.0,0.0,0.0,0.0,0.0,0.0,0.05,1,thrombosis_prediction,synthea,candidate_poll,0
0.1,0.1,0.0,0.0,0.0,0.0,0.0,0.0,0.0,0.0,0.0,0.0,0.0,0.0,0.0,0.0,1,thrombosis_prediction,synthea,candidate_poll,0
0.7,0.0,0.0,0.0,0.0,0.0,0.0,0.0,0.0,0.0,0.0,0.0,0.0,0.0,0.0,0.7,0,thrombosis_prediction,synthea,hospital_1,0
0.95,0.8,0.7,0.6,0.6,0.5,0.05,0.0,0.0,0.0,0.0,0.0,0.0,0.0,0.0,0.15,1,imdb,imdb,imdb,1
0.7,0.0,0.0,0.0,0.0,0.0,0.0,0.0,0.0,0.0,0.0,0.0,0.0,0.0,0.0,0.7,0,thrombosis_prediction,synthea,hospital_1,0
0.3,0.2,0.0,0.0,0.0,0.0,0.0,0.0,0.0,0.0,0.0,0.0,0.0,0.0,0.0,0.1,1,thrombosis_prediction,synthea,medicine_enzyme_interaction,0
0.95,0.92,0.9,0.88,0.85,0.8,0.78,0.75,0.15,0.1,0.05,0.0,0.0,0.0,0.0,0.03,1,icfp_1,icfp_1,icfp_1,1
0.95,0.25,0.2,0.15,0.1,0.1,0.1,0.0,0.0,0.0,0.0,0.0,0.0,0.0,0.0,0.7,0,imdb,imdb,imdb,1
0.1,0.0,0.0,0.0,0.0,0.0,0.0,0.0,0.0,0.0,0.0,0.0,0.0,0.0,0.0,0.1,1,thrombosis_prediction,synthea,medicine_enzyme_interaction,0
0.95,0.85,0.7,0.05,0.05,0.05,0.05,0.0,0.0,0.0,0.0,0.0,0.0,0.0,0.0,0.1,1,imdb,imdb,imdb,1
0.9,0.7,0.7,0.6,0.6,0.6,0.3,0.3,0.2,0.0,0.0,0.0,0.0,0.0,0.0,0.2,0,imdb,imdb,imdb,1
0.6,0.2,0.1,0.05,0.05,0.0,0.0,0.0,0.0,0.0,0.0,0.0,0.0,0.0,0.0,0.4,0,thrombosis_prediction,synthea,medicine_enzyme_interaction,0
0.95,0.4,0.3,0.2,0.1,0.05,0.05,0.05,0.0,0.0,0.0,0.0,0.0,0.0,0.0,0.55,0,imdb,imdb,imdb,1
0.2,0.1,0.1,0.1,0.1,0.1,0.1,0.1,0.0,0.0,0.0,0.0,0.0,0.0,0.0,0.1,1,thrombosis_prediction,synthea,wta_1,0
0.95,0.8,0.7,0.6,0.5,0.0,0.0,0.0,0.0,0.0,0.0,0.0,0.0,0.0,0.0,0.15,1,imdb,bbc_channels,imdb,0
0.3,0.2,0.1,0.05,0.05,0.0,0.0,0.0,0.0,0.0,0.0,0.0,0.0,0.0,0.0,0.1,1,thrombosis_prediction,synthea,medicine_enzyme_interaction,0
0.95,0.95,0.95,0.05,0.0,0.0,0.0,0.0,0.0,0.0,0.0,0.0,0.0,0.0,0.0,0.0,1,ship_1,ship_mission,ship_mission,0
0.95,0.75,0.65,0.1,0.05,0.05,0.05,0.05,0.05,0.0,0.0,0.0,0.0,0.0,0.0,0.2,1,ship_1,ship_1,ship_1,1
0.95,0.75,0.6,0.05,0.0,0.0,0.0,0.0,0.0,0.0,0.0,0.0,0.0,0.0,0.0,0.2,1,ship_1,ship_1,ship_1,1
0.95,0.1,0.05,0.01,0.01,0.0,0.0,0.0,0.0,0.0,0.0,0.0,0.0,0.0,0.0,0.85,0,ship_1,ship_1,ship_1,1
0.95,0.1,0.05,0.0,0.0,0.0,0.0,0.0,0.0,0.0,0.0,0.0,0.0,0.0,0.0,0.85,0,ship_1,ship_1,ship_1,1
0.9,0.7,0.6,0.1,0.05,0.05,0.05,0.05,0.05,0.05,0.05,0.0,0.0,0.0,0.0,0.2,0,ship_1,ship_1,ship_1,1
0.95,0.7,0.6,0.1,0.05,0.05,0.05,0.05,0.05,0.05,0.05,0.0,0.0,0.0,0.0,0.25,0,ship_1,ship_1,ship_1,1
0.95,0.75,0.65,0.2,0.1,0.1,0.1,0.05,0.05,0.05,0.05,0.05,0.05,0.0,0.0,0.2,1,ship_1,ship_1,ship_1,1
0.95,0.1,0.05,0.0,0.0,0.0,0.0,0.0,0.0,0.0,0.0,0.0,0.0,0.0,0.0,0.85,0,ship_1,ship_1,ship_1,1
0.95,0.7,0.3,0.1,0.1,0.1,0.05,0.05,0.05,0.05,0.0,0.0,0.0,0.0,0.0,0.25,0,ship_1,ship_1,ship_1,1
0.95,0.05,0.01,0.01,0.01,0.01,0.01,0.01,0.01,0.01,0.01,0.01,0.01,0.0,0.0,0.9,0,ship_1,ship_1,ship_1,1
0.95,0.7,0.6,0.1,0.05,0.05,0.05,0.05,0.05,0.05,0.05,0.05,0.0,0.0,0.0,0.25,0,ship_1,ship_1,ship_1,1
0.95,0.2,0.1,0.05,0.0,0.0,0.0,0.0,0.0,0.0,0.0,0.0,0.0,0.0,0.0,0.75,0,ship_1,ship_1,ship_1,1
0.95,0.7,0.6,0.2,0.2,0.1,0.1,0.1,0.05,0.05,0.05,0.05,0.0,0.0,0.0,0.25,0,ship_1,ship_1,ship_1,1
0.95,0.05,0.01,0.01,0.01,0.01,0.01,0.01,0.01,0.01,0.01,0.01,0.0,0.0,0.0,0.9,0,ship_1,ship_1,ship_1,1
0.95,0.0,0.0,0.0,0.0,0.0,0.0,0.0,0.0,0.0,0.0,0.0,0.0,0.0,0.0,0.95,0,ship_1,ship_1,ship_1,1
0.95,0.1,0.05,0.01,0.0,0.0,0.0,0.0,0.0,0.0,0.0,0.0,0.0,0.0,0.0,0.85,0,ship_1,ship_1,ship_1,1
0.95,0.7,0.3,0.1,0.05,0.05,0.05,0.05,0.05,0.05,0.05,0.05,0.05,0.0,0.0,0.25,0,ship_1,ship_1,ship_1,1
0.95,0.1,0.05,0.01,0.01,0.01,0.01,0.01,0.01,0.01,0.01,0.01,0.0,0.0,0.0,0.85,0,ship_1,ship_1,ship_1,1
0.95,0.1,0.05,0.02,0.01,0.01,0.01,0.0,0.0,0.0,0.0,0.0,0.0,0.0,0.0,0.85,0,ship_1,ship_1,ship_1,1
0.95,0.05,0.01,0.01,0.01,0.01,0.01,0.01,0.01,0.01,0.01,0.01,0.01,0.0,0.0,0.9,0,ship_1,ship_1,ship_1,1
0.95,0.1,0.05,0.05,0.05,0.05,0.05,0.05,0.05,0.05,0.05,0.0,0.0,0.0,0.0,0.85,0,ship_1,ship_1,ship_1,1
0.9,0.2,0.1,0.1,0.05,0.05,0.05,0.05,0.05,0.05,0.05,0.0,0.0,0.0,0.0,0.7,0,ship_1,ship_1,ship_1,1
0.95,0.9,0.85,0.05,0.03,0.02,0.01,0.01,0.01,0.0,0.0,0.0,0.0,0.0,0.0,0.05,1,ship_mission,ship_mission,ship_mission,1
0.95,0.9,0.85,0.1,0.1,0.1,0.1,0.05,0.05,0.05,0.0,0.0,0.0,0.0,0.0,0.05,1,ship_mission,ship_mission,ship_mission,1
0.95,0.85,0.75,0.05,0.05,0.05,0.05,0.05,0.05,0.05,0.05,0.0,0.0,0.0,0.0,0.1,1,ship_mission,ship_mission,ship_mission,1
0.95,0.85,0.05,0.01,0.01,0.01,0.01,0.01,0.0,0.0,0.0,0.0,0.0,0.0,0.0,0.1,1,ship_mission,ship_mission,ship_mission,1
0.95,0.75,0.3,0.1,0.05,0.05,0.05,0.05,0.05,0.05,0.0,0.0,0.0,0.0,0.0,0.2,1,ship_mission,ship_mission,ship_mission,1
0.95,0.75,0.65,0.1,0.05,0.05,0.05,0.05,0.05,0.05,0.05,0.05,0.0,0.0,0.0,0.2,1,ship_mission,ship_mission,ship_mission,1
0.95,0.85,0.6,0.1,0.05,0.05,0.01,0.01,0.01,0.01,0.01,0.01,0.0,0.0,0.0,0.1,1,ship_mission,ship_mission,ship_mission,1
0.95,0.7,0.6,0.05,0.05,0.05,0.05,0.05,0.05,0.05,0.05,0.05,0.0,0.0,0.0,0.25,0,ship_mission,ship_mission,ship_mission,1
0.95,0.05,0.01,0.0,0.0,0.0,0.0,0.0,0.0,0.0,0.0,0.0,0.0,0.0,0.0,0.9,0,ship_mission,ship_mission,ship_mission,1
0.95,0.05,0.01,0.0,0.0,0.0,0.0,0.0,0.0,0.0,0.0,0.0,0.0,0.0,0.0,0.9,0,ship_mission,ship_mission,ship_mission,1
0.95,0.9,0.85,0.1,0.05,0.05,0.05,0.05,0.05,0.05,0.0,0.0,0.0,0.0,0.0,0.05,1,ship_mission,ship_1,ship_1,0
0.95,0.85,0.75,0.05,0.01,0.01,0.01,0.01,0.01,0.01,0.01,0.01,0.0,0.0,0.0,0.1,1,ship_mission,ship_mission,ship_mission,1
0.95,0.85,0.7,0.1,0.05,0.05,0.05,0.05,0.05,0.05,0.05,0.0,0.0,0.0,0.0,0.1,1,ship_mission,ship_mission,ship_mission,1
0.95,0.05,0.05,0.05,0.05,0.05,0.05,0.05,0.05,0.05,0.05,0.0,0.0,0.0,0.0,0.9,0,shop_membership,shop_membership,shop_membership,1
0.95,0.85,0.7,0.1,0.05,0.05,0.05,0.05,0.05,0.05,0.05,0.0,0.0,0.0,0.0,0.1,1,ship_mission,ship_mission,ship_mission,1
0.95,0.85,0.75,0.15,0.1,0.1,0.1,0.05,0.05,0.05,0.05,0.05,0.0,0.0,0.0,0.1,1,ship_mission,ship_mission,ship_mission,1
0.9,0.7,0.3,0.3,0.2,0.2,0.2,0.1,0.1,0.1,0.1,0.1,0.1,0.1,0.1,0.2,0,shop_membership,shop_membership,shop_membership,1
0.9,0.1,0.1,0.05,0.05,0.05,0.05,0.05,0.05,0.05,0.05,0.05,0.0,0.0,0.0,0.8,0,shop_membership,shop_membership,shop_membership,1
0.85,0.2,0.1,0.1,0.1,0.1,0.05,0.05,0.05,0.0,0.0,0.0,0.0,0.0,0.0,0.65,0,shop_membership,shop_membership,shop_membership,1
0.9,0.2,0.1,0.1,0.1,0.05,0.05,0.05,0.05,0.05,0.0,0.0,0.0,0.0,0.0,0.7,0,shop_membership,shop_membership,shop_membership,1
0.95,0.9,0.05,0.05,0.05,0.05,0.05,0.05,0.05,0.05,0.05,0.05,0.05,0.0,0.0,0.05,1,shop_membership,shop_membership,shop_membership,1
0.95,0.1,0.05,0.05,0.05,0.05,0.05,0.05,0.05,0.05,0.05,0.0,0.0,0.0,0.0,0.85,0,shop_membership,shop_membership,shop_membership,1
0.95,0.1,0.05,0.05,0.05,0.05,0.05,0.05,0.05,0.05,0.05,0.05,0.0,0.0,0.0,0.85,0,shop_membership,shop_membership,shop_membership,1
0.95,0.1,0.05,0.05,0.05,0.05,0.05,0.05,0.05,0.05,0.05,0.0,0.0,0.0,0.0,0.85,0,shop_membership,shop_membership,shop_membership,1
0.95,0.2,0.1,0.1,0.1,0.1,0.05,0.05,0.05,0.05,0.05,0.0,0.0,0.0,0.0,0.75,0,shop_membership,shop_membership,shop_membership,1
0.95,0.01,0.01,0.01,0.01,0.01,0.01,0.01,0.01,0.01,0.01,0.0,0.0,0.0,0.0,0.94,0,shop_membership,shop_membership,shop_membership,1
0.95,0.1,0.05,0.05,0.05,0.02,0.02,0.01,0.01,0.01,0.01,0.01,0.01,0.0,0.0,0.85,0,shop_membership,shop_membership,shop_membership,1
0.9,0.85,0.7,0.6,0.15,0.1,0.05,0.05,0.05,0.05,0.0,0.0,0.0,0.0,0.0,0.05,1,shop_membership,shop_membership,world_1,1
0.9,0.1,0.05,0.05,0.0,0.0,0.0,0.0,0.0,0.0,0.0,0.0,0.0,0.0,0.0,0.8,0,shop_membership,shop_membership,shop_membership,1
0.9,0.9,0.85,0.8,0.75,0.75,0.7,0.65,0.6,0.5,0.4,0.3,0.0,0.0,0.0,0.0,1,shop_membership,shop_membership,world_1,1
0.95,0.05,0.02,0.02,0.01,0.01,0.01,0.01,0.01,0.0,0.0,0.0,0.0,0.0,0.0,0.9,0,shop_membership,shop_membership,shop_membership,1
0.9,0.85,0.25,0.2,0.15,0.1,0.1,0.05,0.0,0.0,0.0,0.0,0.0,0.0,0.0,0.05,1,shop_membership,shop_membership,shop_membership,1
0.95,0.85,0.75,0.15,0.1,0.05,0.05,0.0,0.0,0.0,0.0,0.0,0.0,0.0,0.0,0.1,1,shop_membership,shop_membership,shop_membership,1
0.95,0.05,0.01,0.01,0.01,0.01,0.01,0.01,0.01,0.0,0.0,0.0,0.0,0.0,0.0,0.9,0,shop_membership,shop_membership,shop_membership,1
0.95,0.1,0.05,0.05,0.05,0.05,0.05,0.05,0.05,0.05,0.0,0.0,0.0,0.0,0.0,0.85,0,shop_membership,shop_membership,shop_membership,1
0.9,0.85,0.01,0.01,0.01,0.01,0.01,0.01,0.0,0.0,0.0,0.0,0.0,0.0,0.0,0.05,1,shop_membership,shop_membership,customers_card_transactions,1
0.95,0.1,0.05,0.05,0.05,0.05,0.0,0.0,0.0,0.0,0.0,0.0,0.0,0.0,0.0,0.85,0,small_bank_1,small_bank_1,small_bank_1,1
0.9,0.85,0.8,0.75,0.7,0.1,0.05,0.05,0.05,0.05,0.05,0.0,0.0,0.0,0.0,0.05,1,shop_membership,shop_membership,customers_card_transactions,1
0.95,0.05,0.01,0.01,0.0,0.0,0.0,0.0,0.0,0.0,0.0,0.0,0.0,0.0,0.0,0.9,0,small_bank_1,small_bank_1,small_bank_1,1
0.95,0.1,0.05,0.05,0.0,0.0,0.0,0.0,0.0,0.0,0.0,0.0,0.0,0.0,0.0,0.85,0,small_bank_1,small_bank_1,small_bank_1,1
0.95,0.05,0.02,0.01,0.0,0.0,0.0,0.0,0.0,0.0,0.0,0.0,0.0,0.0,0.0,0.9,0,small_bank_1,small_bank_1,small_bank_1,1
0.9,0.85,0.75,0.3,0.25,0.2,0.2,0.2,0.15,0.1,0.05,0.01,0.0,0.0,0.0,0.05,1,small_bank_1,small_bank_1,customers_card_transactions,1
0.95,0.7,0.6,0.2,0.1,0.1,0.1,0.05,0.05,0.05,0.0,0.0,0.0,0.0,0.0,0.25,0,small_bank_1,small_bank_1,small_bank_1,1
0.95,0.1,0.05,0.05,0.0,0.0,0.0,0.0,0.0,0.0,0.0,0.0,0.0,0.0,0.0,0.85,0,small_bank_1,small_bank_1,small_bank_1,1
0.95,0.6,0.4,0.3,0.3,0.2,0.2,0.2,0.1,0.1,0.1,0.1,0.0,0.0,0.0,0.35,0,small_bank_1,small_bank_1,small_bank_1,1
0.85,0.75,0.65,0.4,0.35,0.3,0.3,0.25,0.2,0.2,0.15,0.1,0.0,0.0,0.0,0.1,1,small_bank_1,small_bank_1,small_bank_1,1
0.95,0.05,0.02,0.01,0.0,0.0,0.0,0.0,0.0,0.0,0.0,0.0,0.0,0.0,0.0,0.9,0,small_bank_1,small_bank_1,small_bank_1,1
0.95,0.1,0.05,0.05,0.0,0.0,0.0,0.0,0.0,0.0,0.0,0.0,0.0,0.0,0.0,0.85,0,small_bank_1,small_bank_1,small_bank_1,1
0.95,0.1,0.05,0.02,0.01,0.01,0.01,0.01,0.01,0.01,0.01,0.01,0.0,0.0,0.0,0.85,0,small_bank_1,small_bank_1,small_bank_1,1
0.95,0.1,0.05,0.01,0.01,0.0,0.0,0.0,0.0,0.0,0.0,0.0,0.0,0.0,0.0,0.85,0,small_bank_1,small_bank_1,small_bank_1,1
0.95,0.05,0.02,0.01,0.0,0.0,0.0,0.0,0.0,0.0,0.0,0.0,0.0,0.0,0.0,0.9,0,small_bank_1,small_bank_1,small_bank_1,1
0.95,0.05,0.02,0.01,0.01,0.01,0.01,0.01,0.01,0.01,0.01,0.0,0.0,0.0,0.0,0.9,0,small_bank_1,small_bank_1,small_bank_1,1
0.95,0.1,0.05,0.05,0.0,0.0,0.0,0.0,0.0,0.0,0.0,0.0,0.0,0.0,0.0,0.85,0,small_bank_1,small_bank_1,small_bank_1,1
0.95,0.5,0.3,0.2,0.1,0.1,0.1,0.1,0.05,0.05,0.05,0.05,0.05,0.0,0.0,0.45,0,small_bank_1,small_bank_1,small_bank_1,1
0.95,0.05,0.0,0.0,0.0,0.0,0.0,0.0,0.0,0.0,0.0,0.0,0.0,0.0,0.0,0.9,0,small_bank_1,small_bank_1,small_bank_1,1
0.95,0.2,0.1,0.05,0.05,0.05,0.05,0.05,0.05,0.05,0.05,0.05,0.0,0.0,0.0,0.75,0,small_bank_1,small_bank_1,small_bank_1,1
0.95,0.05,0.02,0.01,0.01,0.01,0.0,0.0,0.0,0.0,0.0,0.0,0.0,0.0,0.0,0.9,0,small_bank_1,small_bank_1,small_bank_1,1
0.95,0.15,0.1,0.05,0.02,0.01,0.01,0.01,0.01,0.01,0.01,0.0,0.0,0.0,0.0,0.8,0,small_bank_1,small_bank_1,small_bank_1,1
0.95,0.1,0.05,0.05,0.05,0.05,0.05,0.0,0.0,0.0,0.0,0.0,0.0,0.0,0.0,0.85,0,small_bank_1,small_bank_1,small_bank_1,1
0.95,0.15,0.1,0.05,0.0,0.0,0.0,0.0,0.0,0.0,0.0,0.0,0.0,0.0,0.0,0.8,0,small_bank_1,small_bank_1,small_bank_1,1
0.95,0.15,0.1,0.05,0.0,0.0,0.0,0.0,0.0,0.0,0.0,0.0,0.0,0.0,0.0,0.8,0,small_bank_1,small_bank_1,small_bank_1,1
0.95,0.0,0.0,0.0,0.0,0.0,0.0,0.0,0.0,0.0,0.0,0.0,0.0,0.0,0.0,0.95,0,soccer_1,soccer_1,soccer_1,1
0.95,0.7,0.3,0.0,0.0,0.0,0.0,0.0,0.0,0.0,0.0,0.0,0.0,0.0,0.0,0.25,0,soccer_1,soccer_1,soccer_1,1
0.95,0.0,0.0,0.0,0.0,0.0,0.0,0.0,0.0,0.0,0.0,0.0,0.0,0.0,0.0,0.95,0,soccer_1,soccer_1,soccer_1,1
0.95,0.7,0.6,0.1,0.1,0.05,0.01,0.01,0.0,0.0,0.0,0.0,0.0,0.0,0.0,0.25,0,soccer_1,soccer_1,soccer_1,1
0.95,0.75,0.7,0.2,0.1,0.05,0.05,0.05,0.0,0.0,0.0,0.0,0.0,0.0,0.0,0.2,1,soccer_1,ice_hockey_draft,soccer_1,0
0.95,0.85,0.75,0.7,0.7,0.7,0.6,0.0,0.0,0.0,0.0,0.0,0.0,0.0,0.0,0.1,1,soccer_1,soccer_1,soccer_1,1
0.95,0.05,0.03,0.02,0.0,0.0,0.0,0.0,0.0,0.0,0.0,0.0,0.0,0.0,0.0,0.9,0,soccer_1,soccer_1,soccer_1,1
0.95,0.05,0.02,0.01,0.01,0.01,0.0,0.0,0.0,0.0,0.0,0.0,0.0,0.0,0.0,0.9,0,small_bank_1,small_bank_1,small_bank_1,1
0.9,0.85,0.7,0.3,0.2,0.2,0.1,0.1,0.05,0.0,0.0,0.0,0.0,0.0,0.0,0.05,1,soccer_2,soccer_2,address_1,1
0.95,0.15,0.12,0.1,0.09,0.08,0.07,0.06,0.05,0.04,0.03,0.02,0.01,0.0,0.0,0.8,0,soccer_2,soccer_2,soccer_2,1
0.9,0.2,0.1,0.1,0.1,0.05,0.05,0.05,0.05,0.0,0.0,0.0,0.0,0.0,0.0,0.7,0,soccer_2,soccer_2,soccer_2,1
0.7,0.7,0.7,0.7,0.7,0.7,0.6,0.6,0.3,0.3,0.1,0.1,0.1,0.0,0.0,0.0,1,soccer_2,soccer_2,activity_1,1
0.8,0.7,0.7,0.7,0.7,0.7,0.7,0.2,0.2,0.1,0.1,0.1,0.1,0.0,0.0,0.1,1,soccer_2,student_1,activity_1,0
0.85,0.7,0.0,0.0,0.0,0.0,0.0,0.0,0.0,0.0,0.0,0.0,0.0,0.0,0.0,0.15,1,soccer_2,soccer_2,game_1,1
0.7,0.4,0.3,0.3,0.3,0.3,0.3,0.0,0.0,0.0,0.0,0.0,0.0,0.0,0.0,0.3,0,soccer_2,soccer_2,soccer_2,1
0.95,0.75,0.3,0.2,0.15,0.1,0.1,0.05,0.05,0.05,0.05,0.01,0.01,0.0,0.0,0.2,1,soccer_2,soccer_2,soccer_2,1
0.95,0.05,0.05,0.05,0.05,0.05,0.05,0.0,0.0,0.0,0.0,0.0,0.0,0.0,0.0,0.9,0,soccer_2,soccer_2,soccer_2,1
0.85,0.3,0.2,0.2,0.15,0.15,0.1,0.1,0.1,0.1,0.05,0.0,0.0,0.0,0.0,0.55,0,soccer_2,soccer_2,soccer_2,1
0.9,0.7,0.6,0.5,0.4,0.3,0.2,0.2,0.1,0.0,0.0,0.0,0.0,0.0,0.0,0.2,0,soccer_2,soccer_2,soccer_2,1
0.95,0.85,0.8,0.75,0.7,0.65,0.6,0.6,0.3,0.2,0.05,0.05,0.05,0.05,0.05,0.1,1,soccer_2,college_completion,soccer_2,0
0.85,0.1,0.1,0.1,0.1,0.1,0.1,0.05,0.05,0.05,0.05,0.0,0.0,0.0,0.0,0.75,0,soccer_2,soccer_2,game_1,1
0.9,0.85,0.8,0.8,0.75,0.7,0.7,0.7,0.0,0.0,0.0,0.0,0.0,0.0,0.0,0.05,1,soccer_2,soccer_2,game_1,1
0.85,0.7,0.3,0.3,0.2,0.2,0.1,0.1,0.1,0.05,0.05,0.0,0.0,0.0,0.0,0.15,1,soccer_2,school_player,game_1,0
0.95,0.85,0.15,0.1,0.05,0.05,0.01,0.01,0.01,0.01,0.0,0.0,0.0,0.0,0.0,0.1,1,soccer_2,soccer_2,soccer_2,1
0.7,0.3,0.2,0.2,0.1,0.1,0.1,0.1,0.0,0.0,0.0,0.0,0.0,0.0,0.0,0.4,0,soccer_2,student_loan,game_1,0
0.7,0.1,0.1,0.1,0.0,0.0,0.0,0.0,0.0,0.0,0.0,0.0,0.0,0.0,0.0,0.6,0,soccer_2,human_resources,college_1,0
0.75,0.7,0.65,0.6,0.6,0.55,0.4,0.35,0.3,0.0,0.0,0.0,0.0,0.0,0.0,0.05,1,soccer_2,game_1,college_1,0
0.95,0.85,0.75,0.5,0.3,0.2,0.15,0.15,0.1,0.1,0.05,0.0,0.0,0.0,0.0,0.1,1,soccer_2,soccer_2,soccer_2,1
0.95,0.9,0.88,0.85,0.8,0.75,0.7,0.65,0.2,0.05,0.0,0.0,0.0,0.0,0.0,0.05,1,soccer_2,soccer_2,soccer_2,1
0.85,0.1,0.1,0.1,0.05,0.05,0.05,0.05,0.05,0.05,0.05,0.05,0.0,0.0,0.0,0.75,0,soccer_2,soccer_2,soccer_2,1
0.85,0.75,0.65,0.6,0.5,0.45,0.4,0.35,0.3,0.25,0.2,0.15,0.1,0.1,0.0,0.1,1,soccer_2,soccer_2,soccer_2,1
0.95,0.1,0.05,0.05,0.0,0.0,0.0,0.0,0.0,0.0,0.0,0.0,0.0,0.0,0.0,0.85,0,soccer_2,soccer_2,soccer_2,1
0.85,0.4,0.35,0.3,0.25,0.2,0.2,0.15,0.1,0.1,0.1,0.1,0.0,0.0,0.0,0.45,0,soccer_2,soccer_2,soccer_2,1
0.9,0.5,0.4,0.35,0.3,0.25,0.2,0.15,0.15,0.1,0.1,0.05,0.0,0.0,0.0,0.4,0,soccer_2,soccer_2,soccer_2,1
0.85,0.75,0.65,0.55,0.2,0.15,0.1,0.05,0.05,0.05,0.05,0.05,0.0,0.0,0.0,0.1,1,soccer_2,soccer_2,soccer_2,1
0.85,0.85,0.7,0.65,0.6,0.1,0.05,0.05,0.05,0.05,0.05,0.05,0.0,0.0,0.0,0.0,1,soccer_2,csu_1,institution_sports,0
0.95,0.75,0.6,0.2,0.1,0.1,0.05,0.05,0.05,0.05,0.01,0.0,0.0,0.0,0.0,0.2,1,soccer_2,school_player,school_player,0
0.9,0.85,0.75,0.6,0.3,0.3,0.2,0.1,0.1,0.1,0.05,0.0,0.0,0.0,0.0,0.05,1,soccer_2,csu_1,soccer_2,0
0.85,0.8,0.75,0.4,0.3,0.3,0.2,0.2,0.15,0.1,0.1,0.05,0.0,0.0,0.0,0.05,1,soccer_2,school_player,school_player,0
0.95,0.95,0.9,0.05,0.02,0.01,0.0,0.0,0.0,0.0,0.0,0.0,0.0,0.0,0.0,0.0,1,soccer_2,soccer_2,soccer_2,1
0.9,0.85,0.7,0.6,0.3,0.2,0.2,0.2,0.1,0.1,0.1,0.0,0.0,0.0,0.0,0.05,1,soccer_2,soccer_2,soccer_2,1
0.95,0.1,0.05,0.02,0.01,0.01,0.01,0.01,0.01,0.01,0.0,0.0,0.0,0.0,0.0,0.85,0,soccer_2,school_player,school_player,0
0.95,0.9,0.7,0.1,0.1,0.1,0.1,0.05,0.05,0.05,0.05,0.0,0.0,0.0,0.0,0.05,1,soccer_2,school_player,school_player,0
0.95,0.7,0.6,0.3,0.15,0.1,0.1,0.05,0.05,0.05,0.05,0.0,0.0,0.0,0.0,0.25,0,soccer_2,school_player,school_player,0
0.95,0.85,0.8,0.7,0.15,0.1,0.1,0.05,0.01,0.0,0.0,0.0,0.0,0.0,0.0,0.1,1,soccer_2,school_player,school_player,0
0.95,0.9,0.85,0.2,0.15,0.1,0.1,0.1,0.05,0.05,0.05,0.0,0.0,0.0,0.0,0.05,1,soccer_2,soccer_2,match_season,1
0.95,0.8,0.3,0.3,0.2,0.2,0.1,0.1,0.1,0.05,0.05,0.0,0.0,0.0,0.0,0.15,1,soccer_2,college_completion,soccer_2,0
0.95,0.9,0.85,0.3,0.2,0.15,0.1,0.05,0.05,0.05,0.0,0.0,0.0,0.0,0.0,0.05,1,soccer_2,soccer_2,match_season,1
0.95,0.85,0.75,0.55,0.15,0.1,0.1,0.1,0.05,0.05,0.0,0.0,0.0,0.0,0.0,0.1,1,soccer_2,soccer_2,match_season,1
0.9,0.85,0.75,0.65,0.6,0.5,0.4,0.3,0.2,0.2,0.0,0.0,0.0,0.0,0.0,0.05,1,soccer_2,soccer_2,match_season,1
0.85,0.75,0.7,0.65,0.3,0.25,0.2,0.2,0.15,0.05,0.05,0.05,0.0,0.0,0.0,0.1,1,soccer_2,college_completion,soccer_2,0
0.85,0.75,0.7,0.6,0.4,0.3,0.3,0.25,0.2,0.15,0.1,0.1,0.0,0.0,0.0,0.1,1,soccer_2,university_rank,soccer_2,0
0.85,0.75,0.7,0.65,0.6,0.55,0.5,0.4,0.3,0.2,0.1,0.0,0.0,0.0,0.0,0.1,1,soccer_2,university_rank,soccer_2,0
0.9,0.85,0.75,0.3,0.2,0.15,0.15,0.1,0.1,0.05,0.05,0.0,0.0,0.0,0.0,0.05,1,soccer_2,university_rank,soccer_2,0
0.95,0.9,0.85,0.85,0.1,0.1,0.1,0.1,0.1,0.1,0.1,0.05,0.0,0.0,0.0,0.05,1,soccer_2,university_rank,university_rank,0
0.9,0.6,0.5,0.4,0.3,0.3,0.2,0.1,0.1,0.1,0.1,0.0,0.0,0.0,0.0,0.3,0,soccer_2,school_player,school_player,0
0.8,0.7,0.7,0.7,0.6,0.4,0.3,0.2,0.2,0.1,0.0,0.0,0.0,0.0,0.0,0.1,1,soccer_2,college_completion,soccer_2,0
0.7,0.5,0.3,0.3,0.3,0.3,0.2,0.2,0.2,0.1,0.05,0.05,0.0,0.0,0.0,0.2,1,soccer_2,school_player,school_player,0
0.7,0.6,0.5,0.3,0.3,0.2,0.2,0.2,0.1,0.0,0.0,0.0,0.0,0.0,0.0,0.1,1,soccer_2,college_completion,soccer_2,0
0.95,0.85,0.85,0.85,0.75,0.7,0.6,0.1,0.05,0.05,0.05,0.0,0.0,0.0,0.0,0.1,1,soccer_2,college_completion,soccer_2,0
0.85,0.75,0.6,0.3,0.1,0.05,0.05,0.05,0.0,0.0,0.0,0.0,0.0,0.0,0.0,0.1,1,scholar,scholar,scholar,1
0.7,0.5,0.4,0.3,0.3,0.2,0.1,0.0,0.0,0.0,0.0,0.0,0.0,0.0,0.0,0.2,1,soccer_2,college_completion,soccer_2,0
0.95,0.9,0.85,0.1,0.05,0.05,0.05,0.0,0.0,0.0,0.0,0.0,0.0,0.0,0.0,0.05,1,scholar,scholar,scholar,1
0.95,0.9,0.85,0.6,0.05,0.05,0.05,0.05,0.0,0.0,0.0,0.0,0.0,0.0,0.0,0.05,1,scholar,scholar,scholar,1
0.95,0.9,0.85,0.6,0.05,0.05,0.05,0.0,0.0,0.0,0.0,0.0,0.0,0.0,0.0,0.05,1,scholar,scholar,scholar,1
0.95,0.85,0.7,0.3,0.1,0.05,0.05,0.05,0.0,0.0,0.0,0.0,0.0,0.0,0.0,0.1,1,scholar,scholar,scholar,1
0.95,0.9,0.85,0.7,0.05,0.05,0.05,0.05,0.0,0.0,0.0,0.0,0.0,0.0,0.0,0.05,1,scholar,scholar,scholar,1
0.95,0.92,0.9,0.85,0.05,0.01,0.01,0.01,0.0,0.0,0.0,0.0,0.0,0.0,0.0,0.03,1,scholar,scholar,scholar,1
0.9,0.7,0.6,0.4,0.2,0.1,0.1,0.1,0.0,0.0,0.0,0.0,0.0,0.0,0.0,0.2,0,scholar,scholar,scholar,1
0.95,0.92,0.9,0.85,0.05,0.05,0.05,0.05,0.0,0.0,0.0,0.0,0.0,0.0,0.0,0.03,1,scholar,scholar,scholar,1
0.95,0.92,0.9,0.7,0.1,0.1,0.1,0.1,0.0,0.0,0.0,0.0,0.0,0.0,0.0,0.03,1,scholar,academic,academic,0
0.95,0.9,0.85,0.75,0.1,0.05,0.05,0.05,0.0,0.0,0.0,0.0,0.0,0.0,0.0,0.05,1,scholar,scholar,scholar,1
0.95,0.9,0.85,0.8,0.05,0.05,0.0,0.0,0.0,0.0,0.0,0.0,0.0,0.0,0.0,0.05,1,scholar,scholar,scholar,1
0.95,0.75,0.6,0.2,0.05,0.05,0.05,0.0,0.0,0.0,0.0,0.0,0.0,0.0,0.0,0.2,1,scholar,scholar,scholar,1
0.95,0.9,0.85,0.2,0.1,0.1,0.1,0.1,0.1,0.1,0.1,0.1,0.05,0.05,0.05,0.05,1,scholar,citeseer,scholar,0
0.95,0.9,0.85,0.1,0.05,0.05,0.0,0.0,0.0,0.0,0.0,0.0,0.0,0.0,0.0,0.05,1,scholar,scholar,scholar,1
0.95,0.9,0.85,0.3,0.1,0.1,0.1,0.1,0.1,0.1,0.1,0.1,0.1,0.1,0.1,0.05,1,scholar,citeseer,scholar,0
0.95,0.85,0.75,0.2,0.05,0.05,0.0,0.0,0.0,0.0,0.0,0.0,0.0,0.0,0.0,0.1,1,scholar,scholar,scholar,1
0.85,0.75,0.7,0.6,0.1,0.0,0.0,0.0,0.0,0.0,0.0,0.0,0.0,0.0,0.0,0.1,1,scholar,scholar,scholar,1
0.95,0.9,0.85,0.1,0.05,0.0,0.0,0.0,0.0,0.0,0.0,0.0,0.0,0.0,0.0,0.05,1,scholar,scholar,scholar,1
0.95,0.85,0.75,0.2,0.05,0.0,0.0,0.0,0.0,0.0,0.0,0.0,0.0,0.0,0.0,0.1,1,scholar,scholar,scholar,1
0.95,0.9,0.85,0.2,0.05,0.05,0.05,0.0,0.0,0.0,0.0,0.0,0.0,0.0,0.0,0.05,1,scholar,citeseer,scholar,0
0.95,0.9,0.85,0.2,0.1,0.1,0.1,0.1,0.1,0.1,0.1,0.1,0.1,0.05,0.05,0.05,1,scholar,citeseer,scholar,0
0.95,0.92,0.9,0.6,0.2,0.1,0.1,0.1,0.1,0.1,0.1,0.1,0.1,0.1,0.05,0.03,1,scholar,citeseer,scholar,0
0.95,0.9,0.85,0.1,0.0,0.0,0.0,0.0,0.0,0.0,0.0,0.0,0.0,0.0,0.0,0.05,1,scholar,citeseer,scholar,0
0.95,0.85,0.75,0.5,0.05,0.05,0.01,0.01,0.0,0.0,0.0,0.0,0.0,0.0,0.0,0.1,1,scholar,scholar,scholar,1
0.95,0.95,0.9,0.85,0.75,0.05,0.05,0.05,0.05,0.0,0.0,0.0,0.0,0.0,0.0,0.0,1,scholar,academic,academic,0
0.95,0.85,0.75,0.65,0.05,0.03,0.02,0.01,0.0,0.0,0.0,0.0,0.0,0.0,0.0,0.1,1,scholar,scholar,scholar,1
0.95,0.9,0.85,0.75,0.05,0.05,0.05,0.0,0.0,0.0,0.0,0.0,0.0,0.0,0.0,0.05,1,scholar,scholar,scholar,1
0.95,0.85,0.75,0.5,0.05,0.02,0.01,0.0,0.0,0.0,0.0,0.0,0.0,0.0,0.0,0.1,1,scholar,scholar,scholar,1
0.95,0.9,0.85,0.75,0.1,0.05,0.05,0.05,0.0,0.0,0.0,0.0,0.0,0.0,0.0,0.05,1,scholar,scholar,scholar,1
0.95,0.85,0.75,0.65,0.1,0.05,0.05,0.05,0.0,0.0,0.0,0.0,0.0,0.0,0.0,0.1,1,scholar,scholar,scholar,1
0.95,0.92,0.9,0.85,0.05,0.01,0.01,0.0,0.0,0.0,0.0,0.0,0.0,0.0,0.0,0.03,1,scholar,scholar,scholar,1
0.95,0.92,0.9,0.85,0.05,0.03,0.02,0.01,0.0,0.0,0.0,0.0,0.0,0.0,0.0,0.03,1,scholar,scholar,scholar,1
0.95,0.9,0.85,0.75,0.05,0.05,0.05,0.0,0.0,0.0,0.0,0.0,0.0,0.0,0.0,0.05,1,scholar,scholar,scholar,1
0.95,0.85,0.75,0.5,0.1,0.05,0.05,0.05,0.0,0.0,0.0,0.0,0.0,0.0,0.0,0.1,1,scholar,scholar,scholar,1
0.95,0.92,0.9,0.85,0.75,0.05,0.01,0.0,0.0,0.0,0.0,0.0,0.0,0.0,0.0,0.03,1,scholar,scholar,scholar,1
0.95,0.92,0.9,0.85,0.1,0.05,0.01,0.0,0.0,0.0,0.0,0.0,0.0,0.0,0.0,0.03,1,scholar,scholar,scholar,1
0.95,0.9,0.85,0.75,0.7,0.6,0.1,0.05,0.05,0.0,0.0,0.0,0.0,0.0,0.0,0.05,1,scholar,scholar,scholar,1
0.95,0.9,0.85,0.7,0.6,0.05,0.05,0.05,0.05,0.0,0.0,0.0,0.0,0.0,0.0,0.05,1,scholar,scholar,scholar,1
0.95,0.9,0.85,0.7,0.05,0.05,0.05,0.05,0.0,0.0,0.0,0.0,0.0,0.0,0.0,0.05,1,scholar,scholar,scholar,1
0.95,0.9,0.85,0.6,0.0,0.0,0.0,0.0,0.0,0.0,0.0,0.0,0.0,0.0,0.0,0.05,1,scholar,scholar,scholar,1
0.95,0.9,0.85,0.7,0.1,0.05,0.05,0.05,0.0,0.0,0.0,0.0,0.0,0.0,0.0,0.05,1,scholar,scholar,scholar,1
0.95,0.9,0.85,0.75,0.05,0.02,0.01,0.0,0.0,0.0,0.0,0.0,0.0,0.0,0.0,0.05,1,scholar,scholar,scholar,1
0.95,0.9,0.85,0.15,0.1,0.05,0.0,0.0,0.0,0.0,0.0,0.0,0.0,0.0,0.0,0.05,1,scholar,scholar,scholar,1
0.95,0.9,0.85,0.7,0.1,0.05,0.05,0.05,0.0,0.0,0.0,0.0,0.0,0.0,0.0,0.05,1,scholar,scholar,scholar,1
0.95,0.9,0.85,0.7,0.6,0.1,0.05,0.05,0.0,0.0,0.0,0.0,0.0,0.0,0.0,0.05,1,scholar,scholar,scholar,1
0.95,0.9,0.85,0.7,0.1,0.05,0.05,0.0,0.0,0.0,0.0,0.0,0.0,0.0,0.0,0.05,1,scholar,scholar,scholar,1
0.95,0.9,0.85,0.1,0.05,0.05,0.05,0.0,0.0,0.0,0.0,0.0,0.0,0.0,0.0,0.05,1,scholar,scholar,scholar,1
0.95,0.85,0.75,0.5,0.1,0.05,0.05,0.0,0.0,0.0,0.0,0.0,0.0,0.0,0.0,0.1,1,scholar,scholar,scholar,1
0.95,0.85,0.75,0.65,0.55,0.45,0.05,0.05,0.0,0.0,0.0,0.0,0.0,0.0,0.0,0.1,1,scholar,scholar,scholar,1
0.95,0.9,0.85,0.1,0.05,0.05,0.05,0.0,0.0,0.0,0.0,0.0,0.0,0.0,0.0,0.05,1,scholar,scholar,scholar,1
0.95,0.9,0.85,0.7,0.15,0.1,0.1,0.05,0.05,0.0,0.0,0.0,0.0,0.0,0.0,0.05,1,scholar,scholar,scholar,1
0.9,0.85,0.8,0.7,0.1,0.05,0.05,0.05,0.0,0.0,0.0,0.0,0.0,0.0,0.0,0.05,1,scholar,academic,academic,0
0.85,0.8,0.75,0.5,0.0,0.0,0.0,0.0,0.0,0.0,0.0,0.0,0.0,0.0,0.0,0.05,1,scholar,citeseer,scholar,0
0.95,0.9,0.85,0.7,0.05,0.05,0.05,0.0,0.0,0.0,0.0,0.0,0.0,0.0,0.0,0.05,1,scholar,scholar,scholar,1
0.95,0.9,0.85,0.75,0.0,0.0,0.0,0.0,0.0,0.0,0.0,0.0,0.0,0.0,0.0,0.05,1,scholar,academic,academic,0
0.95,0.85,0.75,0.2,0.05,0.01,0.01,0.0,0.0,0.0,0.0,0.0,0.0,0.0,0.0,0.1,1,scholar,scholar,scholar,1
0.95,0.9,0.7,0.1,0.05,0.05,0.0,0.0,0.0,0.0,0.0,0.0,0.0,0.0,0.0,0.05,1,scholar,academic,academic,0
0.95,0.9,0.85,0.75,0.05,0.05,0.05,0.0,0.0,0.0,0.0,0.0,0.0,0.0,0.0,0.05,1,scholar,academic,academic,0
0.9,0.85,0.8,0.7,0.1,0.1,0.05,0.0,0.0,0.0,0.0,0.0,0.0,0.0,0.0,0.05,1,scholar,academic,academic,0
0.9,0.85,0.8,0.1,0.05,0.05,0.05,0.0,0.0,0.0,0.0,0.0,0.0,0.0,0.0,0.05,1,scholar,academic,scholar,0
0.95,0.9,0.85,0.75,0.0,0.0,0.0,0.0,0.0,0.0,0.0,0.0,0.0,0.0,0.0,0.05,1,scholar,citeseer,aan_1,0
0.95,0.7,0.6,0.3,0.2,0.05,0.05,0.0,0.0,0.0,0.0,0.0,0.0,0.0,0.0,0.25,0,scholar,scholar,scholar,1
0.9,0.85,0.75,0.6,0.1,0.05,0.05,0.0,0.0,0.0,0.0,0.0,0.0,0.0,0.0,0.05,1,scholar,academic,academic,0
0.7,0.6,0.6,0.5,0.0,0.0,0.0,0.0,0.0,0.0,0.0,0.0,0.0,0.0,0.0,0.1,1,scholar,citeseer,scholar,0
0.8,0.75,0.7,0.6,0.3,0.0,0.0,0.0,0.0,0.0,0.0,0.0,0.0,0.0,0.0,0.05,1,scholar,citeseer,aan_1,0
0.85,0.8,0.75,0.6,0.05,0.05,0.05,0.0,0.0,0.0,0.0,0.0,0.0,0.0,0.0,0.05,1,scholar,academic,academic,0
0.85,0.75,0.7,0.3,0.1,0.05,0.05,0.0,0.0,0.0,0.0,0.0,0.0,0.0,0.0,0.1,1,scholar,academic,academic,0
0.7,0.7,0.7,0.6,0.1,0.1,0.1,0.1,0.1,0.1,0.1,0.1,0.1,0.1,0.1,0.0,1,scholar,citeseer,scholar,0
0.95,0.05,0.02,0.01,0.0,0.0,0.0,0.0,0.0,0.0,0.0,0.0,0.0,0.0,0.0,0.9,0,scholar,scholar,scholar,1
0.7,0.7,0.6,0.5,0.3,0.2,0.1,0.1,0.1,0.0,0.0,0.0,0.0,0.0,0.0,0.0,1,scholar,citeseer,academic,0
0.7,0.7,0.6,0.5,0.0,0.0,0.0,0.0,0.0,0.0,0.0,0.0,0.0,0.0,0.0,0.0,1,scholar,citeseer,academic,0
0.95,0.85,0.8,0.75,0.2,0.1,0.1,0.1,0.0,0.0,0.0,0.0,0.0,0.0,0.0,0.1,1,scholar,conference,conference,0
0.95,0.9,0.85,0.7,0.2,0.1,0.1,0.05,0.05,0.0,0.0,0.0,0.0,0.0,0.0,0.05,1,scholar,scholar,scholar,1
0.7,0.6,0.5,0.3,0.2,0.1,0.0,0.0,0.0,0.0,0.0,0.0,0.0,0.0,0.0,0.1,1,scholar,citeseer,scholar,0
0.95,0.1,0.05,0.01,0.01,0.01,0.0,0.0,0.0,0.0,0.0,0.0,0.0,0.0,0.0,0.85,0,scholar,scholar,scholar,1
0.95,0.85,0.75,0.65,0.1,0.05,0.05,0.0,0.0,0.0,0.0,0.0,0.0,0.0,0.0,0.1,1,scholar,scholar,scholar,1
0.9,0.8,0.7,0.6,0.1,0.1,0.1,0.0,0.0,0.0,0.0,0.0,0.0,0.0,0.0,0.1,1,scholar,scholar,scholar,1
0.85,0.75,0.7,0.5,0.1,0.1,0.0,0.0,0.0,0.0,0.0,0.0,0.0,0.0,0.0,0.1,1,scholar,scholar,scholar,1
0.95,0.9,0.85,0.6,0.1,0.05,0.0,0.0,0.0,0.0,0.0,0.0,0.0,0.0,0.0,0.05,1,scholar,scholar,scholar,1
0.95,0.85,0.8,0.7,0.05,0.05,0.0,0.0,0.0,0.0,0.0,0.0,0.0,0.0,0.0,0.1,1,scholar,scholar,scholar,1
0.95,0.9,0.85,0.7,0.2,0.1,0.1,0.05,0.05,0.0,0.0,0.0,0.0,0.0,0.0,0.05,1,scholar,scholar,scholar,1
0.95,0.92,0.9,0.85,0.05,0.01,0.0,0.0,0.0,0.0,0.0,0.0,0.0,0.0,0.0,0.03,1,scholar,academic,academic,0
0.95,0.9,0.85,0.8,0.05,0.05,0.05,0.0,0.0,0.0,0.0,0.0,0.0,0.0,0.0,0.05,1,scholar,scholar,scholar,1
0.98,0.97,0.95,0.01,0.0,0.0,0.0,0.0,0.0,0.0,0.0,0.0,0.0,0.0,0.0,0.01,1,scholar,academic,scholar,0
0.9,0.85,0.75,0.1,0.1,0.05,0.01,0.01,0.01,0.0,0.0,0.0,0.0,0.0,0.0,0.05,1,scholar,academic,book_2,0
0.95,0.9,0.85,0.75,0.05,0.05,0.05,0.0,0.0,0.0,0.0,0.0,0.0,0.0,0.0,0.05,1,scholar,scholar,scholar,1
0.95,0.9,0.85,0.5,0.1,0.05,0.05,0.0,0.0,0.0,0.0,0.0,0.0,0.0,0.0,0.05,1,scholar,scholar,scholar,1
0.95,0.9,0.9,0.7,0.1,0.05,0.05,0.05,0.0,0.0,0.0,0.0,0.0,0.0,0.0,0.05,1,scholar,academic,scholar,0
0.95,0.85,0.75,0.65,0.05,0.05,0.05,0.0,0.0,0.0,0.0,0.0,0.0,0.0,0.0,0.1,1,scholar,scholar,scholar,1
0.95,0.85,0.75,0.65,0.1,0.05,0.05,0.0,0.0,0.0,0.0,0.0,0.0,0.0,0.0,0.1,1,scholar,scholar,scholar,1
0.95,0.85,0.75,0.65,0.05,0.05,0.05,0.0,0.0,0.0,0.0,0.0,0.0,0.0,0.0,0.1,1,scholar,scholar,scholar,1
0.95,0.9,0.85,0.15,0.1,0.05,0.05,0.0,0.0,0.0,0.0,0.0,0.0,0.0,0.0,0.05,1,scholar,scholar,scholar,1
0.95,0.85,0.75,0.15,0.1,0.05,0.05,0.0,0.0,0.0,0.0,0.0,0.0,0.0,0.0,0.1,1,scholar,scholar,scholar,1
0.95,0.85,0.75,0.15,0.1,0.05,0.05,0.0,0.0,0.0,0.0,0.0,0.0,0.0,0.0,0.1,1,scholar,scholar,scholar,1
0.95,0.85,0.75,0.5,0.1,0.05,0.01,0.01,0.0,0.0,0.0,0.0,0.0,0.0,0.0,0.1,1,scholar,scholar,scholar,1
0.95,0.9,0.85,0.1,0.05,0.05,0.05,0.0,0.0,0.0,0.0,0.0,0.0,0.0,0.0,0.05,1,scholar,scholar,scholar,1
0.95,0.9,0.85,0.2,0.05,0.05,0.0,0.0,0.0,0.0,0.0,0.0,0.0,0.0,0.0,0.05,1,scholar,scholar,scholar,1
0.95,0.9,0.85,0.6,0.05,0.05,0.0,0.0,0.0,0.0,0.0,0.0,0.0,0.0,0.0,0.05,1,scholar,scholar,scholar,1
0.95,0.9,0.85,0.6,0.0,0.0,0.0,0.0,0.0,0.0,0.0,0.0,0.0,0.0,0.0,0.05,1,scholar,scholar,scholar,1
0.95,0.9,0.85,0.7,0.05,0.05,0.0,0.0,0.0,0.0,0.0,0.0,0.0,0.0,0.0,0.05,1,scholar,scholar,scholar,1
0.95,0.9,0.85,0.7,0.6,0.1,0.05,0.0,0.0,0.0,0.0,0.0,0.0,0.0,0.0,0.05,1,scholar,scholar,scholar,1
0.95,0.85,0.75,0.65,0.3,0.2,0.05,0.0,0.0,0.0,0.0,0.0,0.0,0.0,0.0,0.1,1,scholar,scholar,scholar,1
0.95,0.9,0.85,0.7,0.05,0.05,0.0,0.0,0.0,0.0,0.0,0.0,0.0,0.0,0.0,0.05,1,scholar,scholar,scholar,1
0.95,0.9,0.85,0.2,0.05,0.0,0.0,0.0,0.0,0.0,0.0,0.0,0.0,0.0,0.0,0.05,1,scholar,scholar,scholar,1
0.95,0.9,0.85,0.1,0.05,0.0,0.0,0.0,0.0,0.0,0.0,0.0,0.0,0.0,0.0,0.05,1,scholar,scholar,scholar,1
0.95,0.9,0.85,0.7,0.05,0.05,0.05,0.0,0.0,0.0,0.0,0.0,0.0,0.0,0.0,0.05,1,scholar,scholar,scholar,1
0.95,0.92,0.9,0.1,0.05,0.01,0.01,0.0,0.0,0.0,0.0,0.0,0.0,0.0,0.0,0.03,1,scholar,scholar,scholar,1
0.95,0.9,0.85,0.1,0.05,0.05,0.0,0.0,0.0,0.0,0.0,0.0,0.0,0.0,0.0,0.05,1,scholar,scholar,scholar,1
0.95,0.9,0.85,0.7,0.05,0.0,0.0,0.0,0.0,0.0,0.0,0.0,0.0,0.0,0.0,0.05,1,scholar,scholar,scholar,1
0.95,0.85,0.0,0.0,0.0,0.0,0.0,0.0,0.0,0.0,0.0,0.0,0.0,0.0,0.0,0.1,1,scholar,codebase_community,journal_committee,0
0.98,0.95,0.9,0.85,0.1,0.05,0.05,0.05,0.0,0.0,0.0,0.0,0.0,0.0,0.0,0.03,1,scholar,academic,conference,0
0.95,0.9,0.85,0.6,0.05,0.05,0.0,0.0,0.0,0.0,0.0,0.0,0.0,0.0,0.0,0.05,1,scholar,scholar,scholar,1
0.95,0.9,0.85,0.6,0.1,0.05,0.0,0.0,0.0,0.0,0.0,0.0,0.0,0.0,0.0,0.05,1,scholar,scholar,scholar,1
0.95,0.85,0.75,0.65,0.1,0.1,0.0,0.0,0.0,0.0,0.0,0.0,0.0,0.0,0.0,0.1,1,scholar,scholar,journal_committee,1
0.95,0.95,0.85,0.7,0.1,0.05,0.05,0.05,0.0,0.0,0.0,0.0,0.0,0.0,0.0,0.0,1,scholar,academic,academic,0
0.85,0.75,0.7,0.65,0.6,0.1,0.0,0.0,0.0,0.0,0.0,0.0,0.0,0.0,0.0,0.1,1,scholar,authors,scholar,0
0.95,0.95,0.9,0.85,0.1,0.1,0.05,0.05,0.0,0.0,0.0,0.0,0.0,0.0,0.0,0.0,1,scholar,academic,academic,0
0.7,0.0,0.0,0.0,0.0,0.0,0.0,0.0,0.0,0.0,0.0,0.0,0.0,0.0,0.0,0.7,0,scholar,talkingdata,company_1,0
0.95,0.9,0.0,0.0,0.0,0.0,0.0,0.0,0.0,0.0,0.0,0.0,0.0,0.0,0.0,0.05,1,scholar,talkingdata,academic,0
0.9,0.85,0.75,0.6,0.3,0.1,0.1,0.1,0.1,0.0,0.0,0.0,0.0,0.0,0.0,0.05,1,scholar,academic,academic,0
0.95,0.92,0.9,0.1,0.05,0.05,0.01,0.01,0.0,0.0,0.0,0.0,0.0,0.0,0.0,0.03,1,scholar,scholar,scholar,1
0.95,0.92,0.9,0.85,0.15,0.1,0.08,0.07,0.05,0.0,0.0,0.0,0.0,0.0,0.0,0.03,1,scholar,academic,academic,0
0.95,0.92,0.9,0.75,0.05,0.02,0.01,0.01,0.0,0.0,0.0,0.0,0.0,0.0,0.0,0.03,1,scholar,scholar,scholar,1
0.95,0.9,0.85,0.75,0.05,0.02,0.01,0.0,0.0,0.0,0.0,0.0,0.0,0.0,0.0,0.05,1,scholar,scholar,scholar,1
0.85,0.75,0.6,0.5,0.1,0.05,0.05,0.05,0.0,0.0,0.0,0.0,0.0,0.0,0.0,0.1,1,scholar,scholar,scholar,1
0.95,0.95,0.85,0.1,0.1,0.05,0.0,0.0,0.0,0.0,0.0,0.0,0.0,0.0,0.0,0.0,1,scholar,academic,academic,0
0.95,0.9,0.1,0.0,0.0,0.0,0.0,0.0,0.0,0.0,0.0,0.0,0.0,0.0,0.0,0.05,1,scholar,authors,academic,0
0.95,0.9,0.3,0.2,0.1,0.1,0.05,0.05,0.05,0.05,0.0,0.0,0.0,0.0,0.0,0.05,1,scholar,academic,academic,0
0.95,0.9,0.85,0.75,0.7,0.3,0.2,0.0,0.0,0.0,0.0,0.0,0.0,0.0,0.0,0.05,1,scholar,scholar,scholar,1
0.9,0.85,0.8,0.6,0.1,0.05,0.05,0.05,0.0,0.0,0.0,0.0,0.0,0.0,0.0,0.05,1,scholar,academic,academic,0
0.95,0.9,0.85,0.75,0.05,0.05,0.0,0.0,0.0,0.0,0.0,0.0,0.0,0.0,0.0,0.05,1,scholar,scholar,scholar,1
0.95,0.92,0.9,0.85,0.05,0.01,0.01,0.01,0.0,0.0,0.0,0.0,0.0,0.0,0.0,0.03,1,scholar,scholar,scholar,1
0.95,0.9,0.85,0.7,0.05,0.05,0.05,0.05,0.05,0.0,0.0,0.0,0.0,0.0,0.0,0.05,1,scholar,academic,aan_1,0
0.95,0.7,0.3,0.1,0.1,0.05,0.05,0.0,0.0,0.0,0.0,0.0,0.0,0.0,0.0,0.25,0,scholar,scholar,scholar,1
0.95,0.85,0.7,0.1,0.1,0.05,0.05,0.05,0.05,0.05,0.0,0.0,0.0,0.0,0.0,0.1,1,scholar,scholar,scholar,1
0.7,0.6,0.3,0.1,0.0,0.0,0.0,0.0,0.0,0.0,0.0,0.0,0.0,0.0,0.0,0.1,1,scholar,scholar,scholar,1
0.95,0.8,0.7,0.0,0.0,0.0,0.0,0.0,0.0,0.0,0.0,0.0,0.0,0.0,0.0,0.15,1,scholar,journal_committee,scholar,0
0.85,0.8,0.75,0.3,0.1,0.1,0.1,0.1,0.1,0.1,0.1,0.1,0.1,0.1,0.1,0.05,1,scholar,citeseer,scholar,0
0.85,0.8,0.8,0.3,0.0,0.0,0.0,0.0,0.0,0.0,0.0,0.0,0.0,0.0,0.0,0.05,1,scholar,citeseer,scholar,0
0.95,0.9,0.85,0.3,0.05,0.05,0.0,0.0,0.0,0.0,0.0,0.0,0.0,0.0,0.0,0.05,1,scholar,scholar,scholar,1
0.9,0.85,0.75,0.2,0.05,0.05,0.0,0.0,0.0,0.0,0.0,0.0,0.0,0.0,0.0,0.05,1,scholar,scholar,aan_1,1
0.95,0.9,0.3,0.2,0.1,0.1,0.05,0.0,0.0,0.0,0.0,0.0,0.0,0.0,0.0,0.05,1,scholar,authors,scholar,0
0.95,0.9,0.7,0.2,0.1,0.05,0.05,0.05,0.0,0.0,0.0,0.0,0.0,0.0,0.0,0.05,1,scholar,academic,academic,0
0.9,0.9,0.9,0.9,0.85,0.8,0.6,0.6,0.6,0.6,0.6,0.1,0.05,0.05,0.05,0.0,1,scholar,authors,academic,0
0.95,0.05,0.0,0.0,0.0,0.0,0.0,0.0,0.0,0.0,0.0,0.0,0.0,0.0,0.0,0.9,0,imdb,movie_3,imdb,0
0.85,0.8,0.75,0.75,0.7,0.7,0.65,0.3,0.2,0.1,0.05,0.0,0.0,0.0,0.0,0.05,1,solvency_ii,products_gen_characteristics,products_gen_characteristics,0
0.95,0.7,0.1,0.05,0.05,0.0,0.0,0.0,0.0,0.0,0.0,0.0,0.0,0.0,0.0,0.25,0,imdb,imdb,imdb,1
0.98,0.98,0.95,0.92,0.9,0.85,0.8,0.75,0.7,0.1,0.05,0.05,0.01,0.0,0.0,0.0,1,solvency_ii,products_gen_characteristics,customers_and_orders,0
0.95,0.7,0.2,0.1,0.0,0.0,0.0,0.0,0.0,0.0,0.0,0.0,0.0,0.0,0.0,0.25,0,imdb,imdb,imdb,1
0.95,0.7,0.2,0.1,0.1,0.05,0.05,0.05,0.05,0.0,0.0,0.0,0.0,0.0,0.0,0.25,0,imdb,imdb,imdb,1
0.85,0.8,0.8,0.75,0.75,0.75,0.7,0.7,0.3,0.2,0.1,0.1,0.0,0.0,0.0,0.05,1,solvency_ii,solvency_ii,solvency_ii,1
0.95,0.7,0.6,0.5,0.4,0.4,0.3,0.2,0.2,0.1,0.1,0.05,0.0,0.0,0.0,0.25,0,solvency_ii,solvency_ii,solvency_ii,1
0.95,0.85,0.75,0.7,0.6,0.5,0.1,0.0,0.0,0.0,0.0,0.0,0.0,0.0,0.0,0.1,1,imdb,imdb,imdb,1
0.95,0.2,0.15,0.15,0.15,0.15,0.15,0.1,0.05,0.05,0.05,0.05,0.0,0.0,0.0,0.75,0,solvency_ii,solvency_ii,solvency_ii,1
0.95,0.6,0.1,0.1,0.05,0.05,0.05,0.0,0.0,0.0,0.0,0.0,0.0,0.0,0.0,0.35,0,imdb,imdb,imdb,1
0.95,0.05,0.0,0.0,0.0,0.0,0.0,0.0,0.0,0.0,0.0,0.0,0.0,0.0,0.0,0.9,0,imdb,imdb,imdb,1
0.95,0.35,0.3,0.3,0.3,0.25,0.2,0.2,0.15,0.1,0.1,0.05,0.0,0.0,0.0,0.6,0,solvency_ii,solvency_ii,solvency_ii,1
0.95,0.85,0.75,0.65,0.55,0.45,0.0,0.0,0.0,0.0,0.0,0.0,0.0,0.0,0.0,0.1,1,imdb,imdb,imdb,1
0.95,0.05,0.05,0.05,0.05,0.05,0.05,0.0,0.0,0.0,0.0,0.0,0.0,0.0,0.0,0.9,0,solvency_ii,solvency_ii,solvency_ii,1
0.9,0.85,0.85,0.8,0.7,0.1,0.05,0.0,0.0,0.0,0.0,0.0,0.0,0.0,0.0,0.05,1,imdb,imdb,imdb,1
0.95,0.95,0.95,0.95,0.9,0.9,0.9,0.7,0.05,0.05,0.05,0.05,0.0,0.0,0.0,0.0,1,solvency_ii,products_gen_characteristics,products_gen_characteristics,0
0.95,0.85,0.7,0.65,0.6,0.1,0.05,0.05,0.05,0.05,0.05,0.05,0.05,0.05,0.05,0.1,1,sports_competition,professional_basketball,professional_basketball,0
0.95,0.7,0.6,0.3,0.2,0.1,0.0,0.0,0.0,0.0,0.0,0.0,0.0,0.0,0.0,0.25,0,imdb,imdb,imdb,1
0.95,0.9,0.85,0.85,0.75,0.05,0.05,0.05,0.05,0.05,0.05,0.05,0.05,0.05,0.05,0.05,1,sports_competition,professional_basketball,professional_basketball,0
0.7,0.1,0.1,0.05,0.05,0.0,0.0,0.0,0.0,0.0,0.0,0.0,0.0,0.0,0.0,0.6,0,imdb,disney,imdb,0
0.95,0.2,0.1,0.05,0.05,0.05,0.05,0.05,0.05,0.05,0.0,0.0,0.0,0.0,0.0,0.75,0,sports_competition,sports_competition,sports_competition,1
0.9,0.4,0.3,0.3,0.3,0.2,0.2,0.2,0.2,0.1,0.1,0.1,0.1,0.1,0.1,0.5,0,sports_competition,sports_competition,sports_competition,1
0.85,0.75,0.4,0.35,0.3,0.25,0.15,0.1,0.0,0.0,0.0,0.0,0.0,0.0,0.0,0.1,1,imdb,imdb,imdb,1
0.95,0.7,0.3,0.2,0.1,0.0,0.0,0.0,0.0,0.0,0.0,0.0,0.0,0.0,0.0,0.25,0,imdb,imdb,imdb,1
0.95,0.7,0.2,0.1,0.1,0.05,0.05,0.0,0.0,0.0,0.0,0.0,0.0,0.0,0.0,0.25,0,imdb,imdb,imdb,1
0.95,0.7,0.6,0.2,0.2,0.1,0.1,0.1,0.1,0.1,0.0,0.0,0.0,0.0,0.0,0.25,0,sports_competition,sports_competition,sports_competition,1
0.95,0.1,0.05,0.05,0.05,0.05,0.05,0.05,0.05,0.05,0.05,0.0,0.0,0.0,0.0,0.85,0,sports_competition,sports_competition,sports_competition,1
0.95,0.7,0.6,0.2,0.15,0.1,0.05,0.05,0.0,0.0,0.0,0.0,0.0,0.0,0.0,0.25,0,imdb,imdb,imdb,1
0.95,0.2,0.1,0.1,0.05,0.05,0.05,0.05,0.05,0.05,0.0,0.0,0.0,0.0,0.0,0.75,0,sports_competition,sports_competition,sports_competition,1
0.9,0.7,0.3,0.2,0.1,0.1,0.0,0.0,0.0,0.0,0.0,0.0,0.0,0.0,0.0,0.2,0,imdb,imdb,imdb,1
0.9,0.3,0.2,0.2,0.2,0.2,0.2,0.1,0.1,0.1,0.1,0.1,0.1,0.1,0.1,0.6,0,sports_competition,sports_competition,sports_competition,1
0.95,0.75,0.1,0.1,0.05,0.05,0.0,0.0,0.0,0.0,0.0,0.0,0.0,0.0,0.0,0.2,1,imdb,imdb,imdb,1
0.95,0.9,0.9,0.85,0.8,0.7,0.6,0.5,0.0,0.0,0.0,0.0,0.0,0.0,0.0,0.05,1,imdb,imdb,imdb,1
0.95,0.85,0.75,0.65,0.15,0.1,0.1,0.05,0.0,0.0,0.0,0.0,0.0,0.0,0.0,0.1,1,imdb,imdb,imdb,1
0.95,0.9,0.85,0.8,0.7,0.65,0.6,0.1,0.1,0.1,0.05,0.05,0.05,0.0,0.0,0.05,1,sports_competition,soccer_3,soccer_3,0
0.6,0.1,0.1,0.1,0.01,0.01,0.01,0.01,0.01,0.01,0.01,0.01,0.01,0.01,0.01,0.5,0,sports_competition,wta_1,baseball_1,0
0.95,0.85,0.75,0.7,0.65,0.6,0.5,0.1,0.0,0.0,0.0,0.0,0.0,0.0,0.0,0.1,1,imdb,imdb,imdb,1
0.8,0.7,0.6,0.1,0.1,0.0,0.0,0.0,0.0,0.0,0.0,0.0,0.0,0.0,0.0,0.1,1,sports_competition,ice_hockey_draft,match_season,0
0.95,0.8,0.1,0.0,0.0,0.0,0.0,0.0,0.0,0.0,0.0,0.0,0.0,0.0,0.0,0.15,1,sports_competition,professional_basketball,gymnast,0
0.95,0.9,0.9,0.85,0.8,0.1,0.1,0.05,0.05,0.05,0.05,0.05,0.05,0.0,0.0,0.05,1,sports_competition,soccer_3,soccer_3,0
0.95,0.9,0.0,0.0,0.0,0.0,0.0,0.0,0.0,0.0,0.0,0.0,0.0,0.0,0.0,0.05,1,sports_competition,professional_basketball,sports_competition,0
0.95,0.7,0.6,0.2,0.1,0.1,0.0,0.0,0.0,0.0,0.0,0.0,0.0,0.0,0.0,0.25,0,imdb,imdb,imdb,1
0.95,0.7,0.6,0.2,0.0,0.0,0.0,0.0,0.0,0.0,0.0,0.0,0.0,0.0,0.0,0.25,0,sports_competition,trains,school_player,0
0.95,0.85,0.2,0.15,0.1,0.05,0.01,0.0,0.0,0.0,0.0,0.0,0.0,0.0,0.0,0.1,1,imdb,imdb,imdb,1
0.95,0.85,0.75,0.65,0.1,0.1,0.1,0.05,0.0,0.0,0.0,0.0,0.0,0.0,0.0,0.1,1,imdb,imdb,imdb,1
0.9,0.7,0.6,0.5,0.3,0.2,0.2,0.0,0.0,0.0,0.0,0.0,0.0,0.0,0.0,0.2,0,imdb,imdb,imdb,1
0.95,0.95,0.95,0.9,0.7,0.6,0.1,0.1,0.1,0.1,0.0,0.0,0.0,0.0,0.0,0.0,1,sports_competition,baseball_1,school_player,0
0.95,0.7,0.1,0.1,0.05,0.05,0.0,0.0,0.0,0.0,0.0,0.0,0.0,0.0,0.0,0.25,0,imdb,imdb,imdb,1
0.95,0.05,0.02,0.0,0.0,0.0,0.0,0.0,0.0,0.0,0.0,0.0,0.0,0.0,0.0,0.9,0,imdb,imdb,imdb,1
0.8,0.7,0.6,0.6,0.4,0.4,0.3,0.3,0.3,0.2,0.0,0.0,0.0,0.0,0.0,0.1,1,sports_competition,professional_basketball,sports_competition,0
0.95,0.8,0.7,0.7,0.0,0.0,0.0,0.0,0.0,0.0,0.0,0.0,0.0,0.0,0.0,0.15,1,sports_competition,ice_hockey_draft,sports_competition,0
0.95,0.7,0.65,0.6,0.4,0.1,0.1,0.05,0.0,0.0,0.0,0.0,0.0,0.0,0.0,0.25,0,imdb,imdb,imdb,1
0.95,0.85,0.75,0.7,0.3,0.2,0.15,0.1,0.0,0.0,0.0,0.0,0.0,0.0,0.0,0.1,1,imdb,imdb,imdb,1
0.8,0.7,0.6,0.5,0.4,0.4,0.4,0.3,0.3,0.1,0.0,0.0,0.0,0.0,0.0,0.1,1,sports_competition,professional_basketball,sports_competition,0
0.75,0.5,0.5,0.25,0.25,0.25,0.25,0.25,0.0,0.0,0.0,0.0,0.0,0.0,0.0,0.25,0,imdb,imdb,imdb,1
0.85,0.75,0.7,0.65,0.6,0.55,0.5,0.5,0.4,0.3,0.2,0.0,0.0,0.0,0.0,0.1,1,sports_competition,sports_competition,sports_competition,1
0.85,0.7,0.7,0.1,0.05,0.05,0.05,0.05,0.05,0.0,0.0,0.0,0.0,0.0,0.0,0.15,1,sports_competition,ice_hockey_draft,sports_competition,0
0.85,0.6,0.5,0.4,0.3,0.3,0.3,0.2,0.2,0.2,0.0,0.0,0.0,0.0,0.0,0.25,0,sports_competition,sports_competition,sports_competition,1
0.95,0.85,0.75,0.6,0.4,0.3,0.2,0.1,0.0,0.0,0.0,0.0,0.0,0.0,0.0,0.1,1,imdb,imdb,imdb,1
0.85,0.75,0.3,0.2,0.15,0.1,0.1,0.05,0.0,0.0,0.0,0.0,0.0,0.0,0.0,0.1,1,sports_competition,sports_competition,sports_competition,1
0.85,0.3,0.2,0.15,0.1,0.1,0.1,0.05,0.0,0.0,0.0,0.0,0.0,0.0,0.0,0.55,0,sports_competition,sports_competition,sports_competition,1
0.9,0.8,0.7,0.4,0.3,0.3,0.2,0.2,0.0,0.0,0.0,0.0,0.0,0.0,0.0,0.1,1,imdb,imdb,imdb,1
0.95,0.9,0.85,0.6,0.5,0.3,0.2,0.1,0.0,0.0,0.0,0.0,0.0,0.0,0.0,0.05,1,imdb,imdb,imdb,1
0.95,0.85,0.75,0.7,0.05,0.0,0.0,0.0,0.0,0.0,0.0,0.0,0.0,0.0,0.0,0.1,1,imdb,imdb,imdb,1
0.95,0.02,0.01,0.01,0.01,0.01,0.01,0.01,0.01,0.01,0.0,0.0,0.0,0.0,0.0,0.93,0,sports_competition,country_language,sports_competition,0
0.95,0.7,0.1,0.05,0.0,0.0,0.0,0.0,0.0,0.0,0.0,0.0,0.0,0.0,0.0,0.25,0,imdb,imdb,imdb,1
0.85,0.75,0.2,0.15,0.1,0.1,0.1,0.05,0.0,0.0,0.0,0.0,0.0,0.0,0.0,0.1,1,imdb,imdb,imdb,1
0.95,0.05,0.0,0.0,0.0,0.0,0.0,0.0,0.0,0.0,0.0,0.0,0.0,0.0,0.0,0.9,0,station_weather,sales_in_weather,station_weather,0
0.7,0.4,0.3,0.2,0.2,0.15,0.1,0.05,0.0,0.0,0.0,0.0,0.0,0.0,0.0,0.3,0,sports_competition,country_language,sports_competition,0
0.95,0.6,0.1,0.05,0.05,0.05,0.05,0.05,0.0,0.0,0.0,0.0,0.0,0.0,0.0,0.35,0,imdb,imdb,imdb,1
0.9,0.85,0.0,0.0,0.0,0.0,0.0,0.0,0.0,0.0,0.0,0.0,0.0,0.0,0.0,0.05,1,station_weather,bike_1,station_weather,0
0.95,0.7,0.6,0.3,0.1,0.05,0.05,0.05,0.0,0.0,0.0,0.0,0.0,0.0,0.0,0.25,0,imdb,imdb,imdb,1
0.95,0.9,0.2,0.1,0.05,0.05,0.05,0.05,0.05,0.05,0.05,0.05,0.0,0.0,0.0,0.05,1,station_weather,station_weather,station_weather,1
0.95,0.1,0.1,0.05,0.05,0.05,0.01,0.0,0.0,0.0,0.0,0.0,0.0,0.0,0.0,0.85,0,imdb,imdb,imdb,1
0.85,0.85,0.8,0.8,0.7,0.6,0.05,0.05,0.05,0.05,0.05,0.05,0.0,0.0,0.0,0.0,1,station_weather,train_station,government_shift,0
0.95,0.85,0.75,0.7,0.65,0.6,0.5,0.0,0.0,0.0,0.0,0.0,0.0,0.0,0.0,0.1,1,imdb,imdb,imdb,1
0.95,0.1,0.05,0.0,0.0,0.0,0.0,0.0,0.0,0.0,0.0,0.0,0.0,0.0,0.0,0.85,0,station_weather,station_weather,station_weather,1
0.95,0.7,0.6,0.5,0.4,0.3,0.3,0.0,0.0,0.0,0.0,0.0,0.0,0.0,0.0,0.25,0,imdb,imdb,imdb,1
0.7,0.0,0.0,0.0,0.0,0.0,0.0,0.0,0.0,0.0,0.0,0.0,0.0,0.0,0.0,0.7,0,station_weather,bike_1,station_weather,0
0.95,0.85,0.75,0.7,0.2,0.05,0.05,0.0,0.0,0.0,0.0,0.0,0.0,0.0,0.0,0.1,1,imdb,imdb,imdb,1
0.95,0.7,0.0,0.0,0.0,0.0,0.0,0.0,0.0,0.0,0.0,0.0,0.0,0.0,0.0,0.25,0,station_weather,sales_in_weather,station_weather,0
0.95,0.9,0.85,0.85,0.8,0.7,0.3,0.1,0.1,0.0,0.0,0.0,0.0,0.0,0.0,0.05,1,imdb,imdb,imdb,1
0.95,0.05,0.0,0.0,0.0,0.0,0.0,0.0,0.0,0.0,0.0,0.0,0.0,0.0,0.0,0.9,0,imdb,movies_4,imdb,0
0.9,0.85,0.7,0.2,0.1,0.1,0.1,0.1,0.1,0.05,0.05,0.05,0.05,0.05,0.05,0.05,1,station_weather,station_weather,station_weather,1
0.7,0.7,0.4,0.3,0.3,0.3,0.2,0.2,0.1,0.0,0.0,0.0,0.0,0.0,0.0,0.0,1,store_1,store_1,store_1,1
0.7,0.5,0.3,0.3,0.0,0.0,0.0,0.0,0.0,0.0,0.0,0.0,0.0,0.0,0.0,0.2,1,store_1,human_resources,hr_1,0
0.9,0.7,0.3,0.2,0.1,0.05,0.0,0.0,0.0,0.0,0.0,0.0,0.0,0.0,0.0,0.2,0,imdb,imdb,imdb,1
0.9,0.85,0.6,0.5,0.4,0.3,0.3,0.3,0.2,0.1,0.1,0.0,0.0,0.0,0.0,0.05,1,store_1,sales,chinook_1,0
0.85,0.4,0.35,0.3,0.2,0.15,0.1,0.1,0.05,0.0,0.0,0.0,0.0,0.0,0.0,0.45,0,store_1,human_resources,hr_1,0
0.95,0.85,0.05,0.05,0.05,0.05,0.05,0.0,0.0,0.0,0.0,0.0,0.0,0.0,0.0,0.1,1,imdb,imdb,imdb,1
0.95,0.9,0.85,0.75,0.65,0.2,0.15,0.1,0.05,0.0,0.0,0.0,0.0,0.0,0.0,0.05,1,imdb,imdb,imdb,1
0.95,0.75,0.3,0.2,0.1,0.05,0.05,0.05,0.05,0.0,0.0,0.0,0.0,0.0,0.0,0.2,1,imdb,imdb,imdb,1
0.95,0.85,0.7,0.0,0.0,0.0,0.0,0.0,0.0,0.0,0.0,0.0,0.0,0.0,0.0,0.1,1,store_1,voter_1,customers_and_products_contacts,0
0.95,0.7,0.1,0.1,0.05,0.05,0.0,0.0,0.0,0.0,0.0,0.0,0.0,0.0,0.0,0.25,0,imdb,imdb,imdb,1
0.95,0.9,0.85,0.8,0.75,0.7,0.7,0.65,0.1,0.1,0.1,0.0,0.0,0.0,0.0,0.05,1,store_1,human_resources,company_1,0
0.95,0.1,0.1,0.05,0.05,0.05,0.0,0.0,0.0,0.0,0.0,0.0,0.0,0.0,0.0,0.85,0,imdb,movies_4,imdb,0
0.95,0.85,0.85,0.7,0.6,0.3,0.3,0.2,0.2,0.1,0.1,0.1,0.1,0.1,0.1,0.1,1,store_1,human_resources,hr_1,0
0.95,0.05,0.0,0.0,0.0,0.0,0.0,0.0,0.0,0.0,0.0,0.0,0.0,0.0,0.0,0.9,0,inn_1,inn_1,inn_1,1
0.9,0.85,0.85,0.8,0.75,0.7,0.65,0.6,0.55,0.5,0.4,0.3,0.0,0.0,0.0,0.05,1,store_1,human_resources,hr_1,0
0.95,0.05,0.0,0.0,0.0,0.0,0.0,0.0,0.0,0.0,0.0,0.0,0.0,0.0,0.0,0.9,0,inn_1,inn_1,inn_1,1
0.9,0.85,0.85,0.8,0.8,0.75,0.6,0.5,0.2,0.1,0.1,0.05,0.0,0.0,0.0,0.05,1,store_1,company_1,hr_1,0
0.95,0.75,0.1,0.05,0.01,0.01,0.01,0.01,0.01,0.01,0.01,0.01,0.0,0.0,0.0,0.2,1,inn_1,inn_1,inn_1,1
0.95,0.9,0.85,0.8,0.75,0.7,0.65,0.6,0.5,0.4,0.3,0.1,0.0,0.0,0.0,0.05,1,store_1,company_employee,chinook_1,0
0.95,0.85,0.0,0.0,0.0,0.0,0.0,0.0,0.0,0.0,0.0,0.0,0.0,0.0,0.0,0.1,1,store_1,human_resources,store_1,0
0.9,0.85,0.8,0.6,0.1,0.1,0.05,0.05,0.05,0.05,0.05,0.05,0.05,0.05,0.05,0.05,1,store_1,human_resources,hr_1,0
0.95,0.9,0.05,0.0,0.0,0.0,0.0,0.0,0.0,0.0,0.0,0.0,0.0,0.0,0.0,0.05,1,inn_1,inn_1,inn_1,1
0.95,0.05,0.0,0.0,0.0,0.0,0.0,0.0,0.0,0.0,0.0,0.0,0.0,0.0,0.0,0.9,0,inn_1,inn_1,inn_1,1
0.95,0.1,0.1,0.1,0.05,0.0,0.0,0.0,0.0,0.0,0.0,0.0,0.0,0.0,0.0,0.85,0,inn_1,inn_1,inn_1,1
0.9,0.88,0.85,0.8,0.75,0.7,0.6,0.3,0.2,0.1,0.05,0.0,0.0,0.0,0.0,0.02,1,store_1,company_1,hr_1,0
0.95,0.95,0.9,0.85,0.8,0.1,0.1,0.1,0.05,0.05,0.0,0.0,0.0,0.0,0.0,0.0,1,store_1,company_1,store_1,0
0.95,0.0,0.0,0.0,0.0,0.0,0.0,0.0,0.0,0.0,0.0,0.0,0.0,0.0,0.0,0.95,0,inn_1,inn_1,inn_1,1
0.95,0.0,0.0,0.0,0.0,0.0,0.0,0.0,0.0,0.0,0.0,0.0,0.0,0.0,0.0,0.95,0,inn_1,inn_1,inn_1,1
0.95,0.9,0.85,0.85,0.8,0.8,0.8,0.75,0.1,0.1,0.1,0.0,0.0,0.0,0.0,0.05,1,store_1,customers_and_products_contacts,customers_and_orders,0
0.95,0.0,0.0,0.0,0.0,0.0,0.0,0.0,0.0,0.0,0.0,0.0,0.0,0.0,0.0,0.95,0,inn_1,inn_1,inn_1,1
0.9,0.85,0.8,0.75,0.7,0.65,0.6,0.55,0.5,0.45,0.3,0.25,0.2,0.0,0.0,0.05,1,store_1,customers_and_invoices,customers_and_invoices,0
0.95,0.05,0.0,0.0,0.0,0.0,0.0,0.0,0.0,0.0,0.0,0.0,0.0,0.0,0.0,0.9,0,inn_1,inn_1,inn_1,1
0.95,0.7,0.0,0.0,0.0,0.0,0.0,0.0,0.0,0.0,0.0,0.0,0.0,0.0,0.0,0.25,0,inn_1,inn_1,inn_1,1
0.7,0.1,0.1,0.1,0.0,0.0,0.0,0.0,0.0,0.0,0.0,0.0,0.0,0.0,0.0,0.6,0,store_1,legislator,entrepreneur,0
0.99,0.99,0.0,0.0,0.0,0.0,0.0,0.0,0.0,0.0,0.0,0.0,0.0,0.0,0.0,0.0,1,store_1,store_1,store_1,1
0.9,0.1,0.1,0.05,0.05,0.05,0.0,0.0,0.0,0.0,0.0,0.0,0.0,0.0,0.0,0.8,0,inn_1,inn_1,inn_1,1
0.98,0.98,0.01,0.01,0.01,0.01,0.01,0.01,0.01,0.01,0.01,0.0,0.0,0.0,0.0,0.0,1,store_1,chinook_1,chinook_1,0
0.95,0.05,0.05,0.01,0.01,0.01,0.01,0.01,0.01,0.01,0.01,0.01,0.0,0.0,0.0,0.9,0,inn_1,inn_1,inn_1,1
0.9,0.85,0.1,0.05,0.05,0.05,0.05,0.0,0.0,0.0,0.0,0.0,0.0,0.0,0.0,0.05,1,store_1,local_govt_mdm,customers_card_transactions,0
0.95,0.75,0.6,0.5,0.3,0.2,0.1,0.1,0.0,0.0,0.0,0.0,0.0,0.0,0.0,0.2,1,inn_1,inn_1,inn_1,1
0.95,0.95,0.9,0.85,0.7,0.1,0.1,0.1,0.0,0.0,0.0,0.0,0.0,0.0,0.0,0.0,1,store_1,music_1,store_1,0
0.95,0.85,0.75,0.1,0.0,0.0,0.0,0.0,0.0,0.0,0.0,0.0,0.0,0.0,0.0,0.1,1,inn_1,inn_1,inn_1,1
0.95,0.75,0.65,0.1,0.05,0.0,0.0,0.0,0.0,0.0,0.0,0.0,0.0,0.0,0.0,0.2,1,inn_1,inn_1,inn_1,1
0.95,0.95,0.9,0.85,0.75,0.75,0.7,0.1,0.0,0.0,0.0,0.0,0.0,0.0,0.0,0.0,1,store_1,music_1,store_1,0
1.0,1.0,0.0,0.0,0.0,0.0,0.0,0.0,0.0,0.0,0.0,0.0,0.0,0.0,0.0,0.0,1,store_1,store_1,store_1,1
0.95,0.1,0.05,0.05,0.01,0.01,0.01,0.01,0.01,0.01,0.01,0.01,0.0,0.0,0.0,0.85,0,inn_1,inn_1,inn_1,1
0.95,0.1,0.05,0.05,0.0,0.0,0.0,0.0,0.0,0.0,0.0,0.0,0.0,0.0,0.0,0.85,0,inn_1,inn_1,inn_1,1
0.95,0.95,0.15,0.1,0.1,0.05,0.05,0.05,0.05,0.05,0.05,0.05,0.0,0.0,0.0,0.0,1,store_1,store_1,store_1,1
0.95,0.95,0.05,0.0,0.0,0.0,0.0,0.0,0.0,0.0,0.0,0.0,0.0,0.0,0.0,0.0,1,store_1,store_1,store_1,1
0.95,0.05,0.05,0.05,0.05,0.05,0.05,0.05,0.05,0.05,0.0,0.0,0.0,0.0,0.0,0.9,0,inn_1,inn_1,inn_1,1
0.95,0.95,0.75,0.75,0.7,0.6,0.5,0.3,0.1,0.1,0.05,0.05,0.0,0.0,0.0,0.0,1,store_1,store_1,store_1,1
0.95,0.7,0.0,0.0,0.0,0.0,0.0,0.0,0.0,0.0,0.0,0.0,0.0,0.0,0.0,0.25,0,inn_1,inn_1,inn_1,1
0.95,0.7,0.0,0.0,0.0,0.0,0.0,0.0,0.0,0.0,0.0,0.0,0.0,0.0,0.0,0.25,0,inn_1,inn_1,inn_1,1
0.95,0.95,0.85,0.1,0.05,0.01,0.01,0.01,0.01,0.01,0.01,0.01,0.0,0.0,0.0,0.0,1,store_1,store_1,store_1,1
0.95,0.95,0.9,0.1,0.05,0.0,0.0,0.0,0.0,0.0,0.0,0.0,0.0,0.0,0.0,0.0,1,store_1,music_tracker,store_1,0
0.95,0.0,0.0,0.0,0.0,0.0,0.0,0.0,0.0,0.0,0.0,0.0,0.0,0.0,0.0,0.95,0,inn_1,inn_1,inn_1,1
0.95,0.95,0.9,0.1,0.1,0.05,0.05,0.01,0.01,0.01,0.01,0.0,0.0,0.0,0.0,0.0,1,store_1,store_1,store_1,1
0.95,0.95,0.9,0.1,0.05,0.05,0.05,0.05,0.05,0.0,0.0,0.0,0.0,0.0,0.0,0.0,1,store_1,store_1,store_1,1
0.95,0.05,0.05,0.0,0.0,0.0,0.0,0.0,0.0,0.0,0.0,0.0,0.0,0.0,0.0,0.9,0,inn_1,inn_1,inn_1,1
0.95,0.15,0.1,0.05,0.05,0.01,0.01,0.01,0.01,0.01,0.01,0.0,0.0,0.0,0.0,0.8,0,inn_1,inn_1,inn_1,1
0.99,0.99,0.95,0.01,0.01,0.01,0.01,0.01,0.01,0.01,0.01,0.0,0.0,0.0,0.0,0.0,1,store_1,store_1,store_1,1
0.95,0.2,0.1,0.1,0.05,0.01,0.0,0.0,0.0,0.0,0.0,0.0,0.0,0.0,0.0,0.75,0,inn_1,inn_1,inn_1,1
0.95,0.95,0.85,0.1,0.05,0.05,0.05,0.05,0.05,0.05,0.05,0.05,0.0,0.0,0.0,0.0,1,store_1,store_1,store_1,1
0.95,0.6,0.2,0.2,0.1,0.1,0.1,0.05,0.05,0.01,0.01,0.01,0.0,0.0,0.0,0.35,0,inn_1,inn_1,inn_1,1
0.95,0.95,0.05,0.05,0.0,0.0,0.0,0.0,0.0,0.0,0.0,0.0,0.0,0.0,0.0,0.0,1,store_1,store_1,store_1,1
0.95,0.85,0.7,0.6,0.4,0.3,0.05,0.0,0.0,0.0,0.0,0.0,0.0,0.0,0.0,0.1,1,inn_1,inn_1,inn_1,1
0.85,0.85,0.75,0.15,0.1,0.05,0.05,0.05,0.0,0.0,0.0,0.0,0.0,0.0,0.0,0.0,1,store_1,store_1,store_1,1
0.95,0.95,0.85,0.1,0.05,0.05,0.05,0.05,0.05,0.05,0.05,0.0,0.0,0.0,0.0,0.0,1,store_1,store_1,store_1,1
0.95,0.95,0.9,0.1,0.05,0.05,0.05,0.05,0.05,0.05,0.05,0.0,0.0,0.0,0.0,0.0,1,store_1,store_1,store_1,1
0.95,0.2,0.1,0.05,0.05,0.01,0.01,0.01,0.01,0.01,0.01,0.01,0.01,0.0,0.0,0.75,0,inn_1,inn_1,inn_1,1
0.95,0.95,0.85,0.1,0.1,0.05,0.05,0.05,0.0,0.0,0.0,0.0,0.0,0.0,0.0,0.0,1,store_1,store_1,store_1,1
0.95,0.9,0.85,0.1,0.1,0.05,0.05,0.05,0.05,0.05,0.05,0.05,0.0,0.0,0.0,0.05,1,store_1,music_tracker,music_1,0
0.95,0.85,0.75,0.1,0.05,0.05,0.05,0.01,0.01,0.01,0.01,0.01,0.0,0.0,0.0,0.1,1,inn_1,inn_1,inn_1,1
0.95,0.1,0.05,0.0,0.0,0.0,0.0,0.0,0.0,0.0,0.0,0.0,0.0,0.0,0.0,0.85,0,inn_1,inn_1,inn_1,1
0.9,0.3,0.2,0.1,0.1,0.1,0.1,0.05,0.05,0.05,0.05,0.05,0.05,0.0,0.0,0.6,0,inn_1,inn_1,inn_1,1
0.95,0.1,0.1,0.05,0.05,0.0,0.0,0.0,0.0,0.0,0.0,0.0,0.0,0.0,0.0,0.85,0,inn_1,inn_1,inn_1,1
0.95,0.95,0.75,0.1,0.1,0.05,0.05,0.05,0.05,0.0,0.0,0.0,0.0,0.0,0.0,0.0,1,store_1,store_1,store_1,1
0.85,0.15,0.05,0.05,0.02,0.01,0.01,0.01,0.01,0.01,0.01,0.0,0.0,0.0,0.0,0.7,0,inn_1,inn_1,inn_1,1
0.95,0.9,0.85,0.1,0.05,0.0,0.0,0.0,0.0,0.0,0.0,0.0,0.0,0.0,0.0,0.05,1,store_1,music_tracker,store_1,0
0.95,0.05,0.0,0.0,0.0,0.0,0.0,0.0,0.0,0.0,0.0,0.0,0.0,0.0,0.0,0.9,0,inn_1,inn_1,inn_1,1
0.95,0.05,0.0,0.0,0.0,0.0,0.0,0.0,0.0,0.0,0.0,0.0,0.0,0.0,0.0,0.9,0,inn_1,inn_1,inn_1,1
0.95,0.95,0.9,0.1,0.1,0.1,0.05,0.05,0.05,0.05,0.0,0.0,0.0,0.0,0.0,0.0,1,store_1,store_1,store_1,1
0.98,0.95,0.95,0.75,0.1,0.1,0.05,0.05,0.0,0.0,0.0,0.0,0.0,0.0,0.0,0.03,1,store_1,store_1,music_1,1
0.95,0.1,0.1,0.05,0.05,0.05,0.01,0.01,0.01,0.01,0.01,0.01,0.01,0.0,0.0,0.85,0,inn_1,inn_1,inn_1,1
0.9,0.85,0.7,0.1,0.1,0.1,0.1,0.05,0.0,0.0,0.0,0.0,0.0,0.0,0.0,0.05,1,store_1,store_1,chinook_1,1
0.95,0.95,0.1,0.05,0.05,0.01,0.01,0.01,0.0,0.0,0.0,0.0,0.0,0.0,0.0,0.0,1,store_1,store_1,store_1,1
0.95,0.95,0.1,0.1,0.05,0.05,0.0,0.0,0.0,0.0,0.0,0.0,0.0,0.0,0.0,0.0,1,store_1,store_1,store_1,1
0.95,0.7,0.5,0.1,0.05,0.05,0.05,0.05,0.05,0.05,0.05,0.0,0.0,0.0,0.0,0.25,0,insurance_and_eClaims,insurance_and_eClaims,insurance_and_eClaims,1
0.95,0.75,0.65,0.2,0.1,0.1,0.05,0.05,0.05,0.05,0.0,0.0,0.0,0.0,0.0,0.2,1,insurance_and_eClaims,insurance_and_eClaims,insurance_and_eClaims,1
0.95,0.95,0.95,0.95,0.9,0.9,0.85,0.85,0.85,0.75,0.7,0.0,0.0,0.0,0.0,0.0,1,insurance_and_eClaims,small_bank_1,customers_card_transactions,0
0.95,0.95,0.05,0.01,0.01,0.0,0.0,0.0,0.0,0.0,0.0,0.0,0.0,0.0,0.0,0.0,1,store_1,store_1,store_1,1
0.95,0.8,0.7,0.7,0.6,0.3,0.3,0.2,0.2,0.2,0.2,0.1,0.1,0.05,0.0,0.15,1,inn_1,inn_1,inn_1,1
0.85,0.85,0.1,0.05,0.05,0.05,0.05,0.05,0.05,0.05,0.0,0.0,0.0,0.0,0.0,0.0,1,store_1,store_1,store_1,1
0.98,0.96,0.95,0.93,0.92,0.9,0.88,0.85,0.82,0.8,0.05,0.0,0.0,0.0,0.0,0.02,1,insurance_and_eClaims,customers_and_products_contacts,customers_card_transactions,0
0.95,0.95,0.85,0.7,0.6,0.1,0.05,0.05,0.05,0.05,0.05,0.05,0.0,0.0,0.0,0.0,1,store_1,store_1,store_1,1
0.95,0.95,0.2,0.1,0.1,0.05,0.05,0.05,0.05,0.0,0.0,0.0,0.0,0.0,0.0,0.0,1,store_1,store_1,store_1,1
0.95,0.95,0.75,0.1,0.1,0.1,0.05,0.05,0.05,0.05,0.05,0.05,0.0,0.0,0.0,0.0,1,insurance_and_eClaims,insurance_fnol,insurance_policies,0
0.85,0.8,0.7,0.3,0.2,0.2,0.1,0.1,0.1,0.1,0.05,0.05,0.05,0.0,0.0,0.05,1,insurance_and_eClaims,insurance_fnol,insurance_and_eClaims,0
0.95,0.9,0.7,0.6,0.1,0.05,0.05,0.05,0.05,0.01,0.0,0.0,0.0,0.0,0.0,0.05,1,store_1,store_1,chinook_1,1
0.85,0.8,0.7,0.25,0.2,0.2,0.15,0.15,0.1,0.05,0.05,0.05,0.05,0.0,0.0,0.05,1,insurance_and_eClaims,insurance_fnol,insurance_and_eClaims,0
0.95,0.95,0.1,0.1,0.1,0.1,0.1,0.1,0.1,0.05,0.05,0.0,0.0,0.0,0.0,0.0,1,store_1,store_1,store_1,1
0.95,0.9,0.1,0.05,0.05,0.02,0.01,0.01,0.01,0.01,0.0,0.0,0.0,0.0,0.0,0.05,1,store_1,store_1,chinook_1,1
0.95,0.95,0.75,0.05,0.05,0.05,0.05,0.05,0.05,0.05,0.05,0.05,0.0,0.0,0.0,0.0,1,insurance_and_eClaims,insurance_fnol,insurance_policies,0
0.95,0.85,0.85,0.85,0.75,0.75,0.75,0.1,0.1,0.1,0.1,0.05,0.0,0.0,0.0,0.1,1,insurance_and_eClaims,sakila_1,sakila_1,0
0.95,0.95,0.1,0.05,0.01,0.01,0.01,0.01,0.01,0.01,0.01,0.0,0.0,0.0,0.0,0.0,1,store_1,store_1,store_1,1
0.95,0.9,0.85,0.75,0.7,0.65,0.6,0.6,0.55,0.5,0.3,0.0,0.0,0.0,0.0,0.05,1,insurance_and_eClaims,sakila_1,sakila_1,0
0.92,0.9,0.85,0.1,0.1,0.1,0.05,0.05,0.05,0.0,0.0,0.0,0.0,0.0,0.0,0.02,1,insurance_and_eClaims,insurance_fnol,insurance_and_eClaims,0
0.95,0.95,0.1,0.05,0.05,0.05,0.05,0.05,0.05,0.05,0.0,0.0,0.0,0.0,0.0,0.0,1,store_1,store_1,store_1,1
0.95,0.9,0.7,0.0,0.0,0.0,0.0,0.0,0.0,0.0,0.0,0.0,0.0,0.0,0.0,0.05,1,insurance_and_eClaims,synthea,insurance_policies,0
0.95,0.92,0.9,0.75,0.1,0.05,0.05,0.05,0.05,0.0,0.0,0.0,0.0,0.0,0.0,0.03,1,store_1,music_1,music_1,0
0.95,0.95,0.9,0.85,0.85,0.8,0.75,0.6,0.0,0.0,0.0,0.0,0.0,0.0,0.0,0.0,1,store_product,store_product,restaurants,1
0.95,0.9,0.85,0.3,0.25,0.2,0.2,0.2,0.1,0.1,0.1,0.1,0.0,0.0,0.0,0.05,1,insurance_and_eClaims,insurance_fnol,insurance_policies,0
0.95,0.92,0.9,0.75,0.1,0.05,0.02,0.01,0.01,0.0,0.0,0.0,0.0,0.0,0.0,0.03,1,store_1,music_1,music_1,0
0.95,0.95,0.9,0.85,0.85,0.85,0.8,0.8,0.8,0.75,0.7,0.2,0.1,0.0,0.0,0.0,1,insurance_and_eClaims,insurance_fnol,insurance_policies,0
0.9,0.85,0.75,0.7,0.1,0.1,0.1,0.05,0.05,0.05,0.0,0.0,0.0,0.0,0.0,0.05,1,store_product,store_product,company_office,1
0.85,0.8,0.75,0.7,0.6,0.5,0.4,0.3,0.0,0.0,0.0,0.0,0.0,0.0,0.0,0.05,1,store_product,store_product,yelp,1
0.95,0.75,0.75,0.05,0.05,0.05,0.05,0.05,0.05,0.05,0.05,0.05,0.0,0.0,0.0,0.2,1,insurance_and_eClaims,insurance_and_eClaims,insurance_and_eClaims,1
0.7,0.1,0.1,0.05,0.05,0.05,0.05,0.05,0.05,0.05,0.0,0.0,0.0,0.0,0.0,0.6,0,store_product,store_product,store_product,1
0.95,0.9,0.05,0.05,0.01,0.01,0.01,0.01,0.01,0.01,0.0,0.0,0.0,0.0,0.0,0.05,1,insurance_and_eClaims,insurance_and_eClaims,insurance_and_eClaims,1
1.0,0.2,0.0,0.0,0.0,0.0,0.0,0.0,0.0,0.0,0.0,0.0,0.0,0.0,0.0,0.8,0,store_product,language_corpus,store_product,0
0.85,0.2,0.15,0.1,0.0,0.0,0.0,0.0,0.0,0.0,0.0,0.0,0.0,0.0,0.0,0.65,0,insurance_and_eClaims,synthea,insurance_and_eClaims,0
0.95,0.05,0.0,0.0,0.0,0.0,0.0,0.0,0.0,0.0,0.0,0.0,0.0,0.0,0.0,0.9,0,store_product,store_product,store_product,1
0.9,0.85,0.65,0.5,0.4,0.35,0.3,0.25,0.2,0.1,0.0,0.0,0.0,0.0,0.0,0.05,1,store_product,store_product,headphone_store,1
0.85,0.8,0.7,0.6,0.5,0.5,0.4,0.4,0.3,0.3,0.2,0.1,0.1,0.1,0.1,0.05,1,insurance_and_eClaims,insurance_fnol,insurance_policies,0
0.95,0.9,0.7,0.65,0.6,0.5,0.2,0.15,0.1,0.05,0.0,0.0,0.0,0.0,0.0,0.05,1,store_product,store_product,store_product,1
0.95,0.05,0.05,0.05,0.0,0.0,0.0,0.0,0.0,0.0,0.0,0.0,0.0,0.0,0.0,0.9,0,store_product,store_product,store_product,1
0.85,0.8,0.7,0.1,0.1,0.1,0.1,0.05,0.05,0.05,0.05,0.05,0.05,0.0,0.0,0.05,1,insurance_fnol,insurance_fnol,insurance_policies,1
0.95,0.05,0.05,0.05,0.01,0.0,0.0,0.0,0.0,0.0,0.0,0.0,0.0,0.0,0.0,0.9,0,store_product,store_product,store_product,1
0.9,0.85,0.8,0.3,0.25,0.2,0.15,0.1,0.1,0.1,0.1,0.05,0.0,0.0,0.0,0.05,1,insurance_and_eClaims,insurance_fnol,insurance_policies,0
0.95,0.75,0.6,0.1,0.0,0.0,0.0,0.0,0.0,0.0,0.0,0.0,0.0,0.0,0.0,0.2,1,insurance_and_eClaims,synthea,insurance_and_eClaims,0
0.95,0.9,0.85,0.75,0.65,0.5,0.4,0.35,0.3,0.25,0.2,0.15,0.1,0.0,0.0,0.05,1,insurance_fnol,insurance_fnol,insurance_and_eClaims,1
0.85,0.8,0.7,0.6,0.5,0.4,0.4,0.3,0.2,0.2,0.1,0.1,0.0,0.0,0.0,0.05,1,insurance_fnol,insurance_fnol,insurance_policies,1
0.95,0.85,0.8,0.1,0.1,0.05,0.05,0.05,0.05,0.05,0.0,0.0,0.0,0.0,0.0,0.1,1,insurance_fnol,e_government,e_government,0
0.95,0.2,0.15,0.1,0.05,0.01,0.01,0.0,0.0,0.0,0.0,0.0,0.0,0.0,0.0,0.75,0,store_product,store_product,store_product,1
0.95,0.0,0.0,0.0,0.0,0.0,0.0,0.0,0.0,0.0,0.0,0.0,0.0,0.0,0.0,0.95,0,store_product,store_product,store_product,1
0.95,0.8,0.7,0.6,0.05,0.05,0.05,0.05,0.05,0.05,0.05,0.05,0.05,0.0,0.0,0.15,1,insurance_fnol,e_government,e_government,0
0.95,0.9,0.85,0.75,0.05,0.05,0.05,0.05,0.05,0.05,0.0,0.0,0.0,0.0,0.0,0.05,1,insurance_fnol,e_government,e_government,0
0.95,0.95,0.95,0.9,0.9,0.85,0.8,0.7,0.3,0.1,0.1,0.1,0.05,0.0,0.0,0.0,1,store_product,store_product,customer_complaints,1
0.95,0.93,0.92,0.91,0.9,0.9,0.88,0.85,0.8,0.1,0.05,0.05,0.0,0.0,0.0,0.02,1,store_product,store_product,store_product,1
0.95,0.15,0.1,0.1,0.1,0.1,0.05,0.05,0.05,0.0,0.0,0.0,0.0,0.0,0.0,0.8,0,store_product,store_product,store_product,1
0.9,0.0,0.0,0.0,0.0,0.0,0.0,0.0,0.0,0.0,0.0,0.0,0.0,0.0,0.0,0.9,0,store_product,language_corpus,store_product,0
0.95,0.9,0.85,0.75,0.05,0.05,0.0,0.0,0.0,0.0,0.0,0.0,0.0,0.0,0.0,0.05,1,insurance_fnol,e_government,e_government,0
1.0,0.8,0.75,0.7,0.7,0.7,0.6,0.6,0.5,0.4,0.4,0.4,0.4,0.3,0.0,0.2,1,insurance_fnol,insurance_fnol,insurance_fnol,1
0.9,0.1,0.1,0.1,0.1,0.1,0.1,0.1,0.1,0.1,0.0,0.0,0.0,0.0,0.0,0.8,0,insurance_fnol,insurance_fnol,insurance_fnol,1
0.85,0.75,0.65,0.6,0.55,0.5,0.3,0.2,0.1,0.05,0.0,0.0,0.0,0.0,0.0,0.1,1,store_product,store_product,store_product,1
0.9,0.85,0.8,0.75,0.7,0.65,0.6,0.45,0.4,0.3,0.3,0.25,0.2,0.1,0.05,0.05,1,insurance_fnol,insurance_fnol,government_shift,1
0.85,0.8,0.75,0.7,0.65,0.6,0.3,0.25,0.2,0.2,0.15,0.1,0.1,0.05,0.05,0.05,1,insurance_fnol,insurance_fnol,insurance_fnol,1
0.95,0.9,0.85,0.75,0.65,0.5,0.1,0.05,0.0,0.0,0.0,0.0,0.0,0.0,0.0,0.05,1,store_product,district_spokesman,geo,0
0.85,0.8,0.75,0.7,0.7,0.65,0.5,0.3,0.2,0.15,0.1,0.0,0.0,0.0,0.0,0.05,1,store_product,store_product,e_commerce,1
0.9,0.85,0.8,0.75,0.15,0.1,0.1,0.05,0.05,0.05,0.05,0.05,0.01,0.01,0.01,0.05,1,insurance_fnol,insurance_fnol,government_shift,1
0.85,0.8,0.75,0.7,0.65,0.6,0.2,0.1,0.0,0.0,0.0,0.0,0.0,0.0,0.0,0.05,1,store_product,district_spokesman,district_spokesman,0
0.85,0.2,0.15,0.1,0.1,0.05,0.05,0.05,0.05,0.0,0.0,0.0,0.0,0.0,0.0,0.65,0,store_product,store_product,store_product,1
0.95,0.95,0.9,0.9,0.85,0.85,0.8,0.8,0.75,0.7,0.0,0.0,0.0,0.0,0.0,0.0,1,insurance_fnol,small_bank_1,customers_card_transactions,0
0.85,0.2,0.2,0.1,0.1,0.05,0.05,0.05,0.0,0.0,0.0,0.0,0.0,0.0,0.0,0.65,0,store_product,store_product,store_product,1
0.9,0.85,0.85,0.8,0.25,0.2,0.15,0.1,0.1,0.1,0.1,0.05,0.05,0.05,0.05,0.05,1,insurance_fnol,insurance_fnol,e_government,1
0.95,0.95,0.05,0.0,0.0,0.0,0.0,0.0,0.0,0.0,0.0,0.0,0.0,0.0,0.0,0.0,1,insurance_fnol,financial,insurance_fnol,0
0.95,0.1,0.1,0.05,0.05,0.05,0.0,0.0,0.0,0.0,0.0,0.0,0.0,0.0,0.0,0.85,0,storm_record,storm_record,storm_record,1
0.95,0.9,0.85,0.8,0.8,0.75,0.75,0.7,0.7,0.1,0.0,0.0,0.0,0.0,0.0,0.05,1,insurance_fnol,small_bank_1,customers_card_transactions,0
0.95,0.05,0.05,0.05,0.01,0.01,0.0,0.0,0.0,0.0,0.0,0.0,0.0,0.0,0.0,0.9,0,storm_record,storm_record,storm_record,1
0.95,0.6,0.3,0.05,0.0,0.0,0.0,0.0,0.0,0.0,0.0,0.0,0.0,0.0,0.0,0.35,0,insurance_fnol,financial,insurance_fnol,0
0.95,0.0,0.0,0.0,0.0,0.0,0.0,0.0,0.0,0.0,0.0,0.0,0.0,0.0,0.0,0.95,0,storm_record,storm_record,storm_record,1
0.95,0.1,0.05,0.0,0.0,0.0,0.0,0.0,0.0,0.0,0.0,0.0,0.0,0.0,0.0,0.85,0,storm_record,storm_record,storm_record,1
0.95,0.95,0.95,0.95,0.95,0.95,0.95,0.95,0.95,0.85,0.85,0.85,0.85,0.85,0.0,0.0,1,insurance_fnol,customers_and_addresses,customers_and_addresses,0
0.95,0.92,0.91,0.9,0.89,0.88,0.85,0.8,0.78,0.75,0.7,0.68,0.65,0.6,0.0,0.03,1,insurance_fnol,customers_and_products_contacts,customers_and_products_contacts,0
1.0,0.0,0.0,0.0,0.0,0.0,0.0,0.0,0.0,0.0,0.0,0.0,0.0,0.0,0.0,1.0,0,storm_record,storm_record,storm_record,1
1.0,0.0,0.0,0.0,0.0,0.0,0.0,0.0,0.0,0.0,0.0,0.0,0.0,0.0,0.0,1.0,0,storm_record,storm_record,storm_record,1
0.95,0.95,0.9,0.1,0.1,0.1,0.05,0.05,0.05,0.05,0.05,0.05,0.0,0.0,0.0,0.0,1,insurance_fnol,insurance_fnol,insurance_policies,1
0.95,0.95,0.95,0.1,0.1,0.1,0.05,0.05,0.05,0.05,0.05,0.01,0.01,0.0,0.0,0.0,1,insurance_fnol,insurance_fnol,insurance_fnol,1
0.95,0.0,0.0,0.0,0.0,0.0,0.0,0.0,0.0,0.0,0.0,0.0,0.0,0.0,0.0,0.95,0,storm_record,storm_record,storm_record,1
0.95,0.9,0.85,0.15,0.15,0.1,0.1,0.1,0.1,0.1,0.05,0.05,0.05,0.0,0.0,0.05,1,insurance_policies,insurance_fnol,insurance_policies,0
0.95,0.0,0.0,0.0,0.0,0.0,0.0,0.0,0.0,0.0,0.0,0.0,0.0,0.0,0.0,0.95,0,storm_record,storm_record,storm_record,1
0.95,0.9,0.85,0.1,0.1,0.1,0.1,0.1,0.1,0.1,0.05,0.05,0.05,0.05,0.0,0.05,1,insurance_policies,insurance_fnol,insurance_policies,0
0.95,0.9,0.85,0.1,0.05,0.05,0.05,0.05,0.05,0.05,0.0,0.0,0.0,0.0,0.0,0.05,1,insurance_policies,insurance_fnol,insurance_policies,0
0.85,0.05,0.05,0.05,0.02,0.01,0.01,0.01,0.01,0.01,0.0,0.0,0.0,0.0,0.0,0.8,0,storm_record,storm_record,storm_record,1
0.95,0.9,0.85,0.1,0.1,0.05,0.05,0.05,0.05,0.05,0.0,0.0,0.0,0.0,0.0,0.05,1,insurance_policies,insurance_fnol,insurance_policies,0
0.95,0.0,0.0,0.0,0.0,0.0,0.0,0.0,0.0,0.0,0.0,0.0,0.0,0.0,0.0,0.95,0,storm_record,storm_record,storm_record,1
0.95,0.0,0.0,0.0,0.0,0.0,0.0,0.0,0.0,0.0,0.0,0.0,0.0,0.0,0.0,0.95,0,storm_record,storm_record,storm_record,1
0.85,0.8,0.75,0.7,0.7,0.7,0.65,0.6,0.6,0.1,0.1,0.0,0.0,0.0,0.0,0.05,1,insurance_policies,financial,e_commerce,0
0.85,0.8,0.75,0.75,0.75,0.7,0.7,0.7,0.65,0.65,0.6,0.0,0.0,0.0,0.0,0.05,1,insurance_policies,financial,e_commerce,0
0.95,0.05,0.05,0.05,0.0,0.0,0.0,0.0,0.0,0.0,0.0,0.0,0.0,0.0,0.0,0.9,0,storm_record,storm_record,storm_record,1
0.9,0.8,0.7,0.7,0.6,0.6,0.6,0.5,0.5,0.4,0.3,0.2,0.0,0.0,0.0,0.1,1,insurance_policies,financial,cre_Drama_Workshop_Groups,0
0.95,0.9,0.85,0.8,0.75,0.75,0.7,0.7,0.7,0.3,0.3,0.0,0.0,0.0,0.0,0.05,1,insurance_policies,financial,cre_Drama_Workshop_Groups,0
0.95,0.05,0.03,0.02,0.02,0.01,0.01,0.01,0.01,0.01,0.01,0.0,0.0,0.0,0.0,0.9,0,storm_record,storm_record,storm_record,1
0.95,0.85,0.0,0.0,0.0,0.0,0.0,0.0,0.0,0.0,0.0,0.0,0.0,0.0,0.0,0.1,1,storm_record,storm_record,storm_record,1
0.95,0.0,0.0,0.0,0.0,0.0,0.0,0.0,0.0,0.0,0.0,0.0,0.0,0.0,0.0,0.95,0,storm_record,storm_record,storm_record,1
0.95,0.92,0.9,0.88,0.85,0.82,0.8,0.75,0.15,0.1,0.05,0.02,0.0,0.0,0.0,0.03,1,insurance_policies,financial,insurance_policies,0
0.95,0.0,0.0,0.0,0.0,0.0,0.0,0.0,0.0,0.0,0.0,0.0,0.0,0.0,0.0,0.95,0,storm_record,storm_record,storm_record,1
0.85,0.8,0.75,0.75,0.7,0.7,0.65,0.5,0.05,0.0,0.0,0.0,0.0,0.0,0.0,0.05,1,insurance_policies,financial,insurance_policies,0
0.95,0.85,0.05,0.05,0.01,0.01,0.01,0.01,0.0,0.0,0.0,0.0,0.0,0.0,0.0,0.1,1,storm_record,storm_record,storm_record,1
0.95,0.95,0.95,0.95,0.95,0.9,0.9,0.9,0.9,0.85,0.85,0.8,0.75,0.75,0.1,0.0,1,insurance_policies,customers_and_addresses,customers_and_addresses,0
0.95,0.1,0.05,0.05,0.05,0.05,0.0,0.0,0.0,0.0,0.0,0.0,0.0,0.0,0.0,0.85,0,storm_record,storm_record,storm_record,1
0.95,0.02,0.01,0.01,0.01,0.01,0.01,0.01,0.01,0.01,0.0,0.0,0.0,0.0,0.0,0.93,0,storm_record,storm_record,storm_record,1
0.95,0.95,0.95,0.95,0.95,0.95,0.95,0.95,0.9,0.9,0.1,0.0,0.0,0.0,0.0,0.0,1,insurance_policies,customers_and_products_contacts,customers_and_products_contacts,0
0.9,0.85,0.8,0.1,0.1,0.1,0.1,0.05,0.05,0.05,0.0,0.0,0.0,0.0,0.0,0.05,1,insurance_policies,insurance_fnol,insurance_policies,0
0.95,0.05,0.02,0.02,0.02,0.01,0.01,0.01,0.01,0.01,0.0,0.0,0.0,0.0,0.0,0.9,0,storm_record,storm_record,storm_record,1
0.95,0.9,0.1,0.1,0.1,0.05,0.05,0.05,0.05,0.0,0.0,0.0,0.0,0.0,0.0,0.05,1,insurance_policies,insurance_fnol,insurance_policies,0
0.95,0.0,0.0,0.0,0.0,0.0,0.0,0.0,0.0,0.0,0.0,0.0,0.0,0.0,0.0,0.95,0,storm_record,storm_record,storm_record,1
0.95,0.0,0.0,0.0,0.0,0.0,0.0,0.0,0.0,0.0,0.0,0.0,0.0,0.0,0.0,0.95,0,storm_record,storm_record,storm_record,1
0.8,0.6,0.4,0.3,0.2,0.2,0.1,0.1,0.1,0.1,0.1,0.1,0.1,0.1,0.1,0.2,0,insurance_policies,world_1,world_1,0
0.95,0.9,0.0,0.0,0.0,0.0,0.0,0.0,0.0,0.0,0.0,0.0,0.0,0.0,0.0,0.05,1,insurance_policies,financial,insurance_fnol,0
0.9,0.7,0.7,0.7,0.6,0.1,0.1,0.0,0.0,0.0,0.0,0.0,0.0,0.0,0.0,0.2,0,student_1,student_1,behavior_monitoring,1
0.85,0.75,0.6,0.55,0.4,0.35,0.3,0.3,0.25,0.2,0.2,0.2,0.0,0.0,0.0,0.1,1,insurance_policies,customers_card_transactions,customers_card_transactions,0
0.85,0.85,0.8,0.75,0.7,0.65,0.5,0.4,0.3,0.3,0.2,0.2,0.0,0.0,0.0,0.0,1,insurance_policies,customers_card_transactions,customers_card_transactions,0
0.85,0.8,0.75,0.2,0.15,0.1,0.05,0.05,0.05,0.05,0.05,0.0,0.0,0.0,0.0,0.05,1,student_1,student_1,student_1,1
0.85,0.75,0.7,0.65,0.6,0.6,0.55,0.5,0.5,0.4,0.1,0.0,0.0,0.0,0.0,0.1,1,student_1,student_1,behavior_monitoring,1
0.85,0.8,0.75,0.7,0.5,0.3,0.3,0.3,0.3,0.2,0.1,0.05,0.0,0.0,0.0,0.05,1,student_1,student_1,student_1,1
0.9,0.85,0.75,0.7,0.65,0.6,0.3,0.2,0.15,0.1,0.05,0.0,0.0,0.0,0.0,0.05,1,student_1,student_1,behavior_monitoring,1
0.9,0.85,0.8,0.75,0.7,0.65,0.1,0.1,0.05,0.05,0.0,0.0,0.0,0.0,0.0,0.05,1,student_1,student_1,behavior_monitoring,1
0.85,0.75,0.2,0.2,0.1,0.1,0.05,0.05,0.05,0.05,0.05,0.05,0.0,0.0,0.0,0.1,1,student_1,student_1,student_1,1
0.85,0.7,0.6,0.5,0.3,0.2,0.1,0.05,0.05,0.0,0.0,0.0,0.0,0.0,0.0,0.15,1,student_1,student_1,course_teach,1
0.85,0.8,0.75,0.7,0.65,0.6,0.0,0.0,0.0,0.0,0.0,0.0,0.0,0.0,0.0,0.05,1,student_1,student_1,student_1,1
0.8,0.7,0.6,0.6,0.5,0.4,0.3,0.3,0.0,0.0,0.0,0.0,0.0,0.0,0.0,0.1,1,student_1,student_1,behavior_monitoring,1
0.9,0.85,0.8,0.7,0.6,0.3,0.25,0.2,0.15,0.1,0.05,0.05,0.0,0.0,0.0,0.05,1,student_1,student_1,behavior_monitoring,1
0.9,0.85,0.8,0.75,0.6,0.1,0.1,0.1,0.1,0.1,0.01,0.0,0.0,0.0,0.0,0.05,1,student_1,student_1,behavior_monitoring,1
0.9,0.9,0.8,0.7,0.7,0.7,0.6,0.6,0.6,0.0,0.0,0.0,0.0,0.0,0.0,0.0,1,student_1,student_1,behavior_monitoring,1
0.95,0.8,0.7,0.0,0.0,0.0,0.0,0.0,0.0,0.0,0.0,0.0,0.0,0.0,0.0,0.15,1,student_1,student_1,student_1,1
0.7,0.6,0.5,0.4,0.3,0.3,0.3,0.3,0.3,0.3,0.2,0.1,0.0,0.0,0.0,0.1,1,student_1,student_1,student_1,1
0.85,0.75,0.25,0.2,0.15,0.1,0.1,0.1,0.1,0.0,0.0,0.0,0.0,0.0,0.0,0.1,1,student_1,student_1,student_1,1
0.9,0.3,0.3,0.2,0.2,0.2,0.2,0.1,0.1,0.1,0.05,0.0,0.0,0.0,0.0,0.6,0,student_1,student_1,student_1,1
0.95,0.9,0.85,0.6,0.15,0.1,0.05,0.05,0.05,0.05,0.05,0.0,0.0,0.0,0.0,0.05,1,student_1,student_1,student_1,1
0.85,0.75,0.6,0.3,0.2,0.15,0.1,0.1,0.05,0.05,0.05,0.05,0.0,0.0,0.0,0.1,1,student_1,student_1,student_1,1
0.95,0.8,0.7,0.1,0.1,0.05,0.05,0.05,0.0,0.0,0.0,0.0,0.0,0.0,0.0,0.15,1,student_1,student_1,student_1,1
0.95,0.85,0.15,0.1,0.1,0.1,0.05,0.05,0.05,0.05,0.05,0.0,0.0,0.0,0.0,0.1,1,student_1,student_1,college_2,1
0.9,0.85,0.75,0.7,0.6,0.3,0.2,0.15,0.1,0.1,0.05,0.05,0.0,0.0,0.0,0.05,1,student_1,student_1,student_1,1
0.9,0.7,0.6,0.4,0.3,0.2,0.2,0.1,0.1,0.1,0.1,0.05,0.0,0.0,0.0,0.2,0,student_1,student_1,college_2,1
0.95,0.75,0.65,0.3,0.25,0.2,0.15,0.1,0.05,0.05,0.05,0.05,0.0,0.0,0.0,0.2,1,student_1,student_1,student_1,1
0.95,0.85,0.7,0.2,0.2,0.15,0.15,0.1,0.1,0.1,0.1,0.05,0.05,0.05,0.0,0.1,1,student_1,student_1,student_1,1
0.95,0.0,0.0,0.0,0.0,0.0,0.0,0.0,0.0,0.0,0.0,0.0,0.0,0.0,0.0,0.95,0,student_1,student_1,student_1,1
0.95,0.85,0.7,0.3,0.3,0.25,0.2,0.2,0.15,0.1,0.1,0.1,0.05,0.05,0.0,0.1,1,student_1,student_1,college_2,1
0.95,0.1,0.05,0.05,0.05,0.01,0.01,0.01,0.01,0.01,0.01,0.0,0.0,0.0,0.0,0.85,0,student_1,student_1,student_1,1
0.95,0.15,0.15,0.1,0.1,0.1,0.1,0.1,0.05,0.05,0.05,0.05,0.0,0.0,0.0,0.8,0,student_1,student_1,student_1,1
0.95,0.0,0.0,0.0,0.0,0.0,0.0,0.0,0.0,0.0,0.0,0.0,0.0,0.0,0.0,0.95,0,student_1,student_1,student_1,1
0.9,0.85,0.7,0.6,0.5,0.5,0.4,0.4,0.3,0.3,0.2,0.1,0.1,0.0,0.0,0.05,1,student_1,student_1,college_2,1
0.9,0.8,0.8,0.7,0.6,0.5,0.4,0.3,0.3,0.2,0.2,0.1,0.1,0.0,0.0,0.1,1,student_1,student_1,behavior_monitoring,1
0.9,0.85,0.8,0.8,0.75,0.7,0.65,0.6,0.2,0.15,0.1,0.05,0.0,0.0,0.0,0.05,1,student_1,student_1,behavior_monitoring,1
0.85,0.7,0.6,0.3,0.2,0.2,0.1,0.1,0.1,0.1,0.1,0.1,0.1,0.0,0.0,0.15,1,student_1,student_1,college_2,1
0.95,0.9,0.85,0.8,0.75,0.7,0.15,0.1,0.1,0.05,0.05,0.01,0.01,0.0,0.0,0.05,1,student_assessment,student_assessment,student_assessment,1
0.95,0.6,0.1,0.1,0.1,0.05,0.05,0.05,0.0,0.0,0.0,0.0,0.0,0.0,0.0,0.35,0,student_assessment,student_assessment,student_assessment,1
0.95,0.7,0.1,0.05,0.05,0.05,0.05,0.05,0.0,0.0,0.0,0.0,0.0,0.0,0.0,0.25,0,student_assessment,candidate_poll,student_assessment,0
0.95,0.85,0.0,0.0,0.0,0.0,0.0,0.0,0.0,0.0,0.0,0.0,0.0,0.0,0.0,0.1,1,student_assessment,student_assessment,student_assessment,1
0.9,0.85,0.0,0.0,0.0,0.0,0.0,0.0,0.0,0.0,0.0,0.0,0.0,0.0,0.0,0.05,1,student_assessment,voter_1,online_exams,0
0.95,0.9,0.9,0.9,0.85,0.8,0.7,0.3,0.3,0.3,0.2,0.2,0.1,0.0,0.0,0.05,1,student_assessment,student_assessment,student_assessment,1
0.95,0.9,0.85,0.8,0.75,0.6,0.35,0.3,0.25,0.2,0.15,0.1,0.1,0.0,0.0,0.05,1,student_assessment,student_assessment,student_assessment,1
0.95,0.9,0.85,0.8,0.75,0.25,0.2,0.15,0.1,0.1,0.1,0.1,0.05,0.0,0.0,0.05,1,student_assessment,student_assessment,student_assessment,1
0.95,0.9,0.85,0.75,0.65,0.55,0.35,0.3,0.25,0.2,0.15,0.1,0.05,0.0,0.0,0.05,1,student_assessment,student_assessment,student_assessment,1
0.95,0.95,0.9,0.9,0.9,0.85,0.8,0.7,0.3,0.1,0.0,0.0,0.0,0.0,0.0,0.0,1,student_assessment,world_1,address_1,0
0.9,0.85,0.85,0.85,0.8,0.75,0.7,0.6,0.5,0.1,0.0,0.0,0.0,0.0,0.0,0.05,1,student_assessment,address_1,network_2,0
0.95,0.95,0.9,0.85,0.8,0.75,0.7,0.7,0.65,0.6,0.6,0.55,0.1,0.0,0.0,0.0,1,student_assessment,address_1,address_1,0
0.95,0.95,0.95,0.95,0.9,0.9,0.7,0.0,0.0,0.0,0.0,0.0,0.0,0.0,0.0,0.0,1,student_assessment,student_1,college_3,0
0.95,0.85,0.8,0.75,0.7,0.05,0.05,0.05,0.05,0.05,0.05,0.05,0.0,0.0,0.0,0.1,1,student_assessment,address_1,address_1,0
0.9,0.85,0.85,0.8,0.8,0.75,0.7,0.0,0.0,0.0,0.0,0.0,0.0,0.0,0.0,0.05,1,student_assessment,course_teach,college_2,0
0.95,0.85,0.75,0.75,0.7,0.65,0.5,0.5,0.3,0.3,0.2,0.1,0.0,0.0,0.0,0.1,1,student_assessment,student_assessment,student_assessment,1
0.85,0.85,0.8,0.8,0.75,0.75,0.7,0.7,0.6,0.5,0.5,0.4,0.0,0.0,0.0,0.0,1,student_assessment,student_1,student_1,0
0.95,0.9,0.85,0.8,0.75,0.75,0.7,0.1,0.05,0.05,0.05,0.0,0.0,0.0,0.0,0.05,1,student_assessment,student_1,student_1,0
0.95,0.9,0.85,0.8,0.75,0.7,0.65,0.55,0.45,0.4,0.3,0.2,0.1,0.0,0.0,0.05,1,student_assessment,student_assessment,student_assessment,1
0.95,0.85,0.75,0.7,0.65,0.6,0.6,0.55,0.45,0.4,0.3,0.2,0.0,0.0,0.0,0.1,1,student_assessment,student_assessment,student_assessment,1
0.95,0.9,0.85,0.8,0.75,0.7,0.65,0.6,0.55,0.5,0.4,0.3,0.2,0.0,0.0,0.05,1,student_assessment,student_assessment,student_assessment,1
0.95,0.75,0.65,0.55,0.35,0.3,0.25,0.2,0.15,0.15,0.1,0.1,0.0,0.0,0.0,0.2,1,student_assessment,student_assessment,student_assessment,1
0.95,0.9,0.85,0.75,0.6,0.35,0.3,0.2,0.15,0.1,0.05,0.05,0.0,0.0,0.0,0.05,1,student_assessment,student_assessment,student_assessment,1
0.9,0.85,0.7,0.3,0.25,0.2,0.15,0.1,0.1,0.1,0.1,0.1,0.05,0.0,0.0,0.05,1,student_assessment,student_assessment,student_assessment,1
0.95,0.85,0.8,0.75,0.7,0.6,0.5,0.4,0.3,0.2,0.15,0.1,0.05,0.0,0.0,0.1,1,student_assessment,student_assessment,student_assessment,1
0.9,0.85,0.85,0.8,0.75,0.7,0.6,0.3,0.2,0.2,0.2,0.1,0.05,0.0,0.0,0.05,1,student_assessment,student_transcripts_tracking,student_assessment,0
0.9,0.8,0.7,0.7,0.6,0.2,0.1,0.1,0.1,0.1,0.1,0.1,0.1,0.1,0.1,0.1,1,student_club,donor,customers_card_transactions,0
0.95,0.9,0.85,0.85,0.85,0.85,0.85,0.85,0.1,0.0,0.0,0.0,0.0,0.0,0.0,0.05,1,student_club,college_3,college_3,0
0.95,0.85,0.75,0.7,0.65,0.55,0.3,0.1,0.05,0.05,0.05,0.05,0.01,0.0,0.0,0.1,1,student_assessment,student_assessment,student_assessment,1
0.95,0.85,0.1,0.1,0.05,0.05,0.05,0.05,0.0,0.0,0.0,0.0,0.0,0.0,0.0,0.1,1,student_club,club_1,club_1,0
0.95,0.1,0.1,0.1,0.1,0.1,0.1,0.1,0.05,0.0,0.0,0.0,0.0,0.0,0.0,0.85,0,student_club,club_1,club_1,0
0.85,0.45,0.35,0.3,0.3,0.25,0.2,0.15,0.15,0.1,0.0,0.0,0.0,0.0,0.0,0.4,0,student_club,performance_attendance,performance_attendance,0
0.7,0.6,0.5,0.4,0.4,0.3,0.2,0.2,0.1,0.1,0.1,0.1,0.1,0.1,0.1,0.1,1,student_club,student_club,solvency_ii,1
0.85,0.8,0.8,0.75,0.7,0.1,0.1,0.05,0.05,0.0,0.0,0.0,0.0,0.0,0.0,0.05,1,student_club,activity_1,college_3,0
0.85,0.75,0.05,0.05,0.0,0.0,0.0,0.0,0.0,0.0,0.0,0.0,0.0,0.0,0.0,0.1,1,student_club,solvency_ii,solvency_ii,0
0.6,0.1,0.1,0.0,0.0,0.0,0.0,0.0,0.0,0.0,0.0,0.0,0.0,0.0,0.0,0.5,0,student_club,menu,solvency_ii,0
0.6,0.4,0.3,0.3,0.2,0.2,0.1,0.0,0.0,0.0,0.0,0.0,0.0,0.0,0.0,0.2,1,student_club,student_club,student_club,1
0.7,0.6,0.5,0.1,0.1,0.1,0.1,0.1,0.1,0.1,0.1,0.1,0.1,0.1,0.05,0.1,1,student_club,olympics,activity_1,0
0.85,0.8,0.75,0.1,0.1,0.1,0.1,0.1,0.1,0.1,0.1,0.0,0.0,0.0,0.0,0.05,1,student_club,e_commerce,e_commerce,0
0.8,0.7,0.6,0.5,0.3,0.1,0.1,0.1,0.0,0.0,0.0,0.0,0.0,0.0,0.0,0.1,1,student_club,student_club,advertising_agencies,1
0.9,0.85,0.05,0.05,0.05,0.05,0.05,0.0,0.0,0.0,0.0,0.0,0.0,0.0,0.0,0.05,1,student_club,solvency_ii,cre_Docs_and_Epenses,0
0.9,0.85,0.75,0.15,0.1,0.05,0.0,0.0,0.0,0.0,0.0,0.0,0.0,0.0,0.0,0.05,1,student_club,solvency_ii,cre_Docs_and_Epenses,0
0.8,0.1,0.1,0.0,0.0,0.0,0.0,0.0,0.0,0.0,0.0,0.0,0.0,0.0,0.0,0.7,0,student_club,menu,school_finance,0
0.95,0.9,0.7,0.1,0.0,0.0,0.0,0.0,0.0,0.0,0.0,0.0,0.0,0.0,0.0,0.05,1,student_club,advertising_agencies,advertising_agencies,0
0.95,0.0,0.0,0.0,0.0,0.0,0.0,0.0,0.0,0.0,0.0,0.0,0.0,0.0,0.0,0.95,0,student_club,vehicle_rent,local_govt_mdm,0
0.9,0.85,0.75,0.7,0.65,0.0,0.0,0.0,0.0,0.0,0.0,0.0,0.0,0.0,0.0,0.05,1,student_club,cre_Docs_and_Epenses,customers_and_invoices,0
0.9,0.05,0.05,0.0,0.0,0.0,0.0,0.0,0.0,0.0,0.0,0.0,0.0,0.0,0.0,0.85,0,student_club,cre_Docs_and_Epenses,cre_Docs_and_Epenses,0
0.6,0.4,0.2,0.0,0.0,0.0,0.0,0.0,0.0,0.0,0.0,0.0,0.0,0.0,0.0,0.2,1,student_club,student_club,customers_and_invoices,1
0.85,0.75,0.3,0.2,0.2,0.1,0.1,0.1,0.1,0.1,0.05,0.05,0.0,0.0,0.0,0.1,1,student_club,shop_membership,shop_membership,0
0.95,0.9,0.9,0.85,0.7,0.6,0.2,0.1,0.05,0.05,0.0,0.0,0.0,0.0,0.0,0.05,1,student_club,college_3,college_3,0
0.8,0.7,0.6,0.5,0.1,0.1,0.05,0.0,0.0,0.0,0.0,0.0,0.0,0.0,0.0,0.1,1,student_club,student_club,driving_school,1
0.6,0.2,0.05,0.01,0.01,0.01,0.01,0.01,0.0,0.0,0.0,0.0,0.0,0.0,0.0,0.4,0,student_club,yelp,products_gen_characteristics,0
0.85,0.8,0.75,0.65,0.3,0.25,0.2,0.15,0.1,0.1,0.0,0.0,0.0,0.0,0.0,0.05,1,student_club,club_1,club_1,0
0.85,0.75,0.7,0.6,0.1,0.05,0.05,0.0,0.0,0.0,0.0,0.0,0.0,0.0,0.0,0.1,1,student_club,solvency_ii,solvency_ii,0
0.6,0.5,0.4,0.3,0.3,0.1,0.1,0.0,0.0,0.0,0.0,0.0,0.0,0.0,0.0,0.1,1,student_club,party_people,solvency_ii,0
0.85,0.75,0.7,0.6,0.5,0.3,0.2,0.1,0.0,0.0,0.0,0.0,0.0,0.0,0.0,0.1,1,student_club,talkingdata,solvency_ii,0
0.85,0.8,0.75,0.7,0.7,0.65,0.6,0.2,0.1,0.1,0.0,0.0,0.0,0.0,0.0,0.05,1,student_club,university_rank,club_1,0
0.85,0.75,0.6,0.5,0.2,0.1,0.05,0.0,0.0,0.0,0.0,0.0,0.0,0.0,0.0,0.1,1,student_club,yelp,shop_membership,0
0.7,0.6,0.4,0.3,0.2,0.1,0.1,0.05,0.0,0.0,0.0,0.0,0.0,0.0,0.0,0.1,1,student_club,party_people,solvency_ii,0
0.9,0.85,0.8,0.1,0.1,0.0,0.0,0.0,0.0,0.0,0.0,0.0,0.0,0.0,0.0,0.05,1,student_club,software_company,customers_and_invoices,0
0.7,0.2,0.2,0.2,0.15,0.1,0.1,0.05,0.05,0.05,0.0,0.0,0.0,0.0,0.0,0.5,0,student_club,shop_membership,e_commerce,0
0.7,0.6,0.5,0.5,0.4,0.4,0.4,0.3,0.3,0.3,0.3,0.1,0.0,0.0,0.0,0.1,1,student_club,university_rank,student_transcripts_tracking,0
0.7,0.3,0.2,0.0,0.0,0.0,0.0,0.0,0.0,0.0,0.0,0.0,0.0,0.0,0.0,0.4,0,student_club,student_club,solvency_ii,1
0.95,0.35,0.3,0.25,0.2,0.15,0.15,0.1,0.05,0.05,0.05,0.05,0.05,0.0,0.0,0.6,0,student_club,college_3,college_3,0
0.85,0.8,0.75,0.1,0.05,0.05,0.05,0.05,0.05,0.05,0.05,0.0,0.0,0.0,0.0,0.05,1,student_club,address_1,college_3,0
0.7,0.4,0.4,0.3,0.3,0.3,0.2,0.2,0.1,0.1,0.1,0.1,0.1,0.1,0.1,0.3,0,student_club,student_club,club_1,1
0.8,0.8,0.8,0.8,0.8,0.7,0.0,0.0,0.0,0.0,0.0,0.0,0.0,0.0,0.0,0.0,1,student_club,student_1,restaurant_1,0
0.7,0.7,0.6,0.6,0.6,0.6,0.6,0.6,0.3,0.2,0.1,0.1,0.1,0.1,0.1,0.0,1,student_club,student_club,club_1,1
0.75,0.6,0.4,0.3,0.25,0.2,0.2,0.15,0.1,0.1,0.05,0.05,0.0,0.0,0.0,0.15,1,student_club,soccer_3,club_1,0
0.8,0.7,0.1,0.1,0.0,0.0,0.0,0.0,0.0,0.0,0.0,0.0,0.0,0.0,0.0,0.1,1,student_club,address,e_government,0
0.85,0.8,0.75,0.1,0.05,0.05,0.05,0.05,0.05,0.05,0.05,0.05,0.05,0.05,0.05,0.05,1,student_club,address,e_government,0
0.85,0.75,0.4,0.35,0.3,0.25,0.2,0.15,0.1,0.0,0.0,0.0,0.0,0.0,0.0,0.1,1,student_club,solvency_ii,game_injury,0
0.6,0.5,0.4,0.4,0.4,0.3,0.3,0.3,0.2,0.0,0.0,0.0,0.0,0.0,0.0,0.1,1,student_club,party_people,party_people,0
0.85,0.75,0.7,0.65,0.55,0.45,0.35,0.25,0.2,0.15,0.1,0.0,0.0,0.0,0.0,0.1,1,student_club,student_club,shop_membership,1
0.85,0.4,0.35,0.3,0.25,0.15,0.1,0.05,0.05,0.05,0.0,0.0,0.0,0.0,0.0,0.45,0,student_club,college_3,college_3,0
0.7,0.65,0.6,0.6,0.6,0.6,0.2,0.15,0.1,0.05,0.05,0.0,0.0,0.0,0.0,0.05,1,student_club,university_rank,college_3,0
0.85,0.75,0.6,0.3,0.2,0.1,0.1,0.0,0.0,0.0,0.0,0.0,0.0,0.0,0.0,0.1,1,student_club,solvency_ii,solvency_ii,0
0.95,0.9,0.85,0.8,0.75,0.7,0.7,0.4,0.3,0.3,0.0,0.0,0.0,0.0,0.0,0.05,1,student_club,customers_campaigns_ecommerce,customers_and_invoices,0
0.85,0.75,0.05,0.05,0.05,0.05,0.05,0.0,0.0,0.0,0.0,0.0,0.0,0.0,0.0,0.1,1,student_club,cre_Docs_and_Epenses,cre_Docs_and_Epenses,0
0.95,0.85,0.75,0.15,0.1,0.1,0.1,0.05,0.05,0.05,0.0,0.0,0.0,0.0,0.0,0.1,1,student_club,solvency_ii,solvency_ii,0
0.5,0.4,0.3,0.3,0.2,0.1,0.1,0.1,0.1,0.1,0.1,0.1,0.1,0.1,0.1,0.1,1,student_club,student_club,club_1,1
0.85,0.8,0.75,0.65,0.2,0.1,0.05,0.0,0.0,0.0,0.0,0.0,0.0,0.0,0.0,0.05,1,student_club,solvency_ii,solvency_ii,0
0.6,0.0,0.0,0.0,0.0,0.0,0.0,0.0,0.0,0.0,0.0,0.0,0.0,0.0,0.0,0.6,0,student_club,address,election,0
0.5,0.3,0.2,0.1,0.05,0.05,0.0,0.0,0.0,0.0,0.0,0.0,0.0,0.0,0.0,0.2,0,student_club,menu,cre_Docs_and_Epenses,0
0.85,0.75,0.6,0.5,0.4,0.3,0.15,0.1,0.05,0.05,0.0,0.0,0.0,0.0,0.0,0.1,1,student_club,student_club,cre_Docs_and_Epenses,1
0.6,0.3,0.25,0.2,0.15,0.1,0.1,0.05,0.05,0.05,0.0,0.0,0.0,0.0,0.0,0.3,0,student_club,student_club,solvency_ii,1
0.7,0.7,0.7,0.6,0.5,0.0,0.0,0.0,0.0,0.0,0.0,0.0,0.0,0.0,0.0,0.0,1,student_club,csu_1,college_3,0
0.85,0.05,0.05,0.05,0.05,0.0,0.0,0.0,0.0,0.0,0.0,0.0,0.0,0.0,0.0,0.8,0,student_club,world_1,solvency_ii,0
0.85,0.8,0.75,0.7,0.7,0.05,0.05,0.05,0.0,0.0,0.0,0.0,0.0,0.0,0.0,0.05,1,student_club,club_1,club_1,0
0.7,0.1,0.1,0.1,0.0,0.0,0.0,0.0,0.0,0.0,0.0,0.0,0.0,0.0,0.0,0.6,0,student_club,menu,solvency_ii,0
0.7,0.1,0.1,0.0,0.0,0.0,0.0,0.0,0.0,0.0,0.0,0.0,0.0,0.0,0.0,0.6,0,student_club,cookbook,school_finance,0
0.9,0.85,0.3,0.2,0.1,0.1,0.0,0.0,0.0,0.0,0.0,0.0,0.0,0.0,0.0,0.05,1,student_club,solvency_ii,advertising_agencies,0
0.95,0.9,0.85,0.75,0.65,0.3,0.2,0.1,0.1,0.05,0.0,0.0,0.0,0.0,0.0,0.05,1,student_club,shop_membership,shop_membership,0
0.8,0.7,0.4,0.3,0.2,0.0,0.0,0.0,0.0,0.0,0.0,0.0,0.0,0.0,0.0,0.1,1,student_club,student_club,customers_and_products_contacts,1
0.7,0.3,0.2,0.1,0.1,0.1,0.0,0.0,0.0,0.0,0.0,0.0,0.0,0.0,0.0,0.4,0,student_club,address,geo,0
0.95,0.85,0.85,0.75,0.75,0.75,0.75,0.75,0.75,0.65,0.55,0.1,0.1,0.0,0.0,0.1,1,student_club,college_3,college_3,0
0.4,0.3,0.3,0.3,0.2,0.2,0.2,0.1,0.0,0.0,0.0,0.0,0.0,0.0,0.0,0.1,1,student_club,menu,customers_and_invoices,0
0.9,0.85,0.8,0.8,0.75,0.75,0.75,0.75,0.75,0.75,0.0,0.0,0.0,0.0,0.0,0.05,1,student_club,student_1,student_transcripts_tracking,0
0.85,0.7,0.3,0.3,0.2,0.2,0.1,0.1,0.1,0.1,0.1,0.1,0.1,0.1,0.1,0.15,1,student_club,student_club,cre_Docs_and_Epenses,1
0.7,0.3,0.3,0.0,0.0,0.0,0.0,0.0,0.0,0.0,0.0,0.0,0.0,0.0,0.0,0.4,0,student_club,menu,solvency_ii,0
0.85,0.1,0.05,0.05,0.05,0.05,0.0,0.0,0.0,0.0,0.0,0.0,0.0,0.0,0.0,0.75,0,student_club,cre_Docs_and_Epenses,cre_Docs_and_Epenses,0
0.8,0.6,0.4,0.3,0.3,0.2,0.2,0.2,0.2,0.2,0.1,0.1,0.1,0.1,0.1,0.2,0,student_club,student_loan,cre_Students_Information_Systems,0
0.95,0.9,0.15,0.1,0.1,0.05,0.05,0.05,0.05,0.05,0.05,0.0,0.0,0.0,0.0,0.05,1,student_club,club_1,club_1,0
0.9,0.1,0.1,0.05,0.0,0.0,0.0,0.0,0.0,0.0,0.0,0.0,0.0,0.0,0.0,0.8,0,student_club,imdb,imdb,0
0.85,0.15,0.1,0.1,0.1,0.05,0.05,0.05,0.0,0.0,0.0,0.0,0.0,0.0,0.0,0.7,0,student_club,solvency_ii,solvency_ii,0
0.2,0.2,0.1,0.1,0.0,0.0,0.0,0.0,0.0,0.0,0.0,0.0,0.0,0.0,0.0,0.0,1,superhero,superhero,products_gen_characteristics,1
0.8,0.7,0.2,0.2,0.2,0.1,0.1,0.1,0.1,0.1,0.1,0.1,0.1,0.1,0.1,0.1,1,superhero,superhero,imdb,1
0.2,0.0,0.0,0.0,0.0,0.0,0.0,0.0,0.0,0.0,0.0,0.0,0.0,0.0,0.0,0.2,0,superhero,superhero,school_player,1
0.9,0.88,0.85,0.75,0.7,0.65,0.6,0.55,0.05,0.02,0.01,0.0,0.0,0.0,0.0,0.02,1,student_club,address_1,student_transcripts_tracking,0
0.7,0.2,0.1,0.05,0.05,0.05,0.05,0.05,0.05,0.05,0.05,0.05,0.05,0.05,0.05,0.5,0,superhero,superhero,imdb,1
0.95,0.05,0.05,0.05,0.05,0.05,0.05,0.05,0.05,0.05,0.05,0.03,0.02,0.01,0.01,0.9,0,superhero,superhero,superhero,1
0.0,0.0,0.0,0.0,0.0,0.0,0.0,0.0,0.0,0.0,0.0,0.0,0.0,0.0,0.0,0.0,1,superhero,superhero,superhero,1
0.85,0.75,0.6,0.0,0.0,0.0,0.0,0.0,0.0,0.0,0.0,0.0,0.0,0.0,0.0,0.1,1,superhero,superhero,superhero,1
0.3,0.2,0.2,0.0,0.0,0.0,0.0,0.0,0.0,0.0,0.0,0.0,0.0,0.0,0.0,0.1,1,codebase_community,codebase_community,yelp,1
0.7,0.2,0.2,0.1,0.05,0.05,0.05,0.05,0.05,0.05,0.05,0.05,0.05,0.05,0.05,0.5,0,superhero,superhero,superhero,1
0.9,0.9,0.9,0.85,0.85,0.6,0.6,0.2,0.1,0.1,0.1,0.1,0.1,0.1,0.1,0.0,1,scholar,authors,academic,0
0.95,0.0,0.0,0.0,0.0,0.0,0.0,0.0,0.0,0.0,0.0,0.0,0.0,0.0,0.0,0.95,0,codebase_community,codebase_community,university_rank,1
0.95,0.9,0.85,0.8,0.75,0.2,0.2,0.2,0.1,0.1,0.1,0.1,0.1,0.05,0.05,0.05,1,scholar,authors,scholar,0
0.7,0.3,0.2,0.2,0.1,0.1,0.1,0.0,0.0,0.0,0.0,0.0,0.0,0.0,0.0,0.4,0,codebase_community,codebase_community,epinions_1,1
0.85,0.8,0.75,0.6,0.2,0.1,0.05,0.05,0.0,0.0,0.0,0.0,0.0,0.0,0.0,0.05,1,scholar,academic,academic,0
0.4,0.3,0.3,0.2,0.1,0.0,0.0,0.0,0.0,0.0,0.0,0.0,0.0,0.0,0.0,0.1,1,codebase_community,codebase_community,twitter_1,1
0.95,0.9,0.85,0.7,0.1,0.0,0.0,0.0,0.0,0.0,0.0,0.0,0.0,0.0,0.0,0.05,1,scholar,authors,scholar,0
0.85,0.8,0.75,0.75,0.7,0.65,0.6,0.6,0.55,0.5,0.2,0.0,0.0,0.0,0.0,0.05,1,codebase_community,real_estate_rentals,real_estate_rentals,0
0.95,0.9,0.7,0.3,0.05,0.05,0.05,0.05,0.0,0.0,0.0,0.0,0.0,0.0,0.0,0.05,1,scholar,scholar,scholar,1
0.95,0.3,0.2,0.05,0.0,0.0,0.0,0.0,0.0,0.0,0.0,0.0,0.0,0.0,0.0,0.65,0,codebase_community,codebase_community,twitter_1,1
0.95,0.9,0.85,0.7,0.3,0.15,0.1,0.05,0.01,0.0,0.0,0.0,0.0,0.0,0.0,0.05,1,scholar,scholar,scholar,1
0.7,0.6,0.4,0.1,0.0,0.0,0.0,0.0,0.0,0.0,0.0,0.0,0.0,0.0,0.0,0.1,1,codebase_community,codebase_community,scholar,1
0.95,0.9,0.7,0.2,0.1,0.1,0.1,0.1,0.1,0.05,0.0,0.0,0.0,0.0,0.0,0.05,1,scholar,scholar,scholar,1
0.7,0.6,0.5,0.4,0.3,0.2,0.1,0.0,0.0,0.0,0.0,0.0,0.0,0.0,0.0,0.1,1,codebase_community,codebase_community,scholar,1
0.95,0.9,0.85,0.8,0.8,0.75,0.7,0.1,0.05,0.0,0.0,0.0,0.0,0.0,0.0,0.05,1,scholar,academic,academic,0
0.8,0.7,0.6,0.3,0.2,0.1,0.0,0.0,0.0,0.0,0.0,0.0,0.0,0.0,0.0,0.1,1,codebase_community,codebase_community,yelp,1
0.85,0.7,0.6,0.5,0.4,0.05,0.05,0.0,0.0,0.0,0.0,0.0,0.0,0.0,0.0,0.15,1,codebase_community,codebase_community,twitter_1,1
0.95,0.92,0.9,0.7,0.05,0.05,0.02,0.01,0.0,0.0,0.0,0.0,0.0,0.0,0.0,0.03,1,scholar,scholar,scholar,1
0.95,0.92,0.9,0.1,0.05,0.02,0.01,0.01,0.0,0.0,0.0,0.0,0.0,0.0,0.0,0.03,1,scholar,scholar,scholar,1
0.7,0.1,0.1,0.0,0.0,0.0,0.0,0.0,0.0,0.0,0.0,0.0,0.0,0.0,0.0,0.6,0,codebase_community,codebase_community,scholar,1
0.6,0.1,0.0,0.0,0.0,0.0,0.0,0.0,0.0,0.0,0.0,0.0,0.0,0.0,0.0,0.5,0,codebase_community,codebase_community,twitter_1,1
0.7,0.7,0.6,0.1,0.0,0.0,0.0,0.0,0.0,0.0,0.0,0.0,0.0,0.0,0.0,0.0,1,scholar,citeseer,scholar,0
0.95,0.9,0.85,0.1,0.1,0.05,0.05,0.0,0.0,0.0,0.0,0.0,0.0,0.0,0.0,0.05,1,scholar,scholar,scholar,1
0.85,0.7,0.0,0.0,0.0,0.0,0.0,0.0,0.0,0.0,0.0,0.0,0.0,0.0,0.0,0.15,1,codebase_community,talkingdata,real_estate_rentals,0
0.95,0.9,0.85,0.5,0.05,0.01,0.01,0.0,0.0,0.0,0.0,0.0,0.0,0.0,0.0,0.05,1,scholar,scholar,scholar,1
0.7,0.2,0.1,0.1,0.1,0.0,0.0,0.0,0.0,0.0,0.0,0.0,0.0,0.0,0.0,0.5,0,codebase_community,codebase_community,twitter_1,1
0.95,0.9,0.85,0.7,0.05,0.05,0.05,0.05,0.0,0.0,0.0,0.0,0.0,0.0,0.0,0.05,1,scholar,scholar,scholar,1
0.8,0.1,0.1,0.0,0.0,0.0,0.0,0.0,0.0,0.0,0.0,0.0,0.0,0.0,0.0,0.7,0,codebase_community,codebase_community,twitter_1,1
0.7,0.6,0.5,0.3,0.1,0.0,0.0,0.0,0.0,0.0,0.0,0.0,0.0,0.0,0.0,0.1,1,scholar,chicago_crime,academic,0
0.7,0.6,0.0,0.0,0.0,0.0,0.0,0.0,0.0,0.0,0.0,0.0,0.0,0.0,0.0,0.1,1,codebase_community,codebase_community,yelp,1
0.9,0.8,0.7,0.3,0.1,0.1,0.05,0.05,0.0,0.0,0.0,0.0,0.0,0.0,0.0,0.1,1,scholar,academic,academic,0
0.6,0.2,0.1,0.1,0.0,0.0,0.0,0.0,0.0,0.0,0.0,0.0,0.0,0.0,0.0,0.4,0,codebase_community,codebase_community,twitter_1,1
0.95,0.9,0.85,0.75,0.05,0.01,0.01,0.0,0.0,0.0,0.0,0.0,0.0,0.0,0.0,0.05,1,scholar,scholar,scholar,1
0.4,0.3,0.2,0.1,0.1,0.1,0.0,0.0,0.0,0.0,0.0,0.0,0.0,0.0,0.0,0.1,1,codebase_community,codebase_community,epinions_1,1
0.95,0.9,0.85,0.75,0.1,0.05,0.05,0.0,0.0,0.0,0.0,0.0,0.0,0.0,0.0,0.05,1,scholar,scholar,scholar,1
0.6,0.3,0.2,0.2,0.1,0.1,0.1,0.0,0.0,0.0,0.0,0.0,0.0,0.0,0.0,0.3,0,codebase_community,codebase_community,real_estate_rentals,1
0.2,0.1,0.1,0.0,0.0,0.0,0.0,0.0,0.0,0.0,0.0,0.0,0.0,0.0,0.0,0.1,1,codebase_community,codebase_community,epinions_1,1
0.9,0.85,0.75,0.7,0.5,0.3,0.2,0.1,0.0,0.0,0.0,0.0,0.0,0.0,0.0,0.05,1,scholar,academic,academic,0
0.4,0.3,0.1,0.1,0.1,0.0,0.0,0.0,0.0,0.0,0.0,0.0,0.0,0.0,0.0,0.1,1,codebase_community,codebase_community,twitter_1,1
0.85,0.8,0.75,0.6,0.0,0.0,0.0,0.0,0.0,0.0,0.0,0.0,0.0,0.0,0.0,0.05,1,scholar,citeseer,scholar,0
0.7,0.3,0.1,0.1,0.0,0.0,0.0,0.0,0.0,0.0,0.0,0.0,0.0,0.0,0.0,0.4,0,codebase_community,codebase_community,twitter_1,1
0.9,0.85,0.8,0.6,0.1,0.05,0.0,0.0,0.0,0.0,0.0,0.0,0.0,0.0,0.0,0.05,1,scholar,scholar,scholar,1
0.75,0.7,0.7,0.7,0.05,0.0,0.0,0.0,0.0,0.0,0.0,0.0,0.0,0.0,0.0,0.05,1,scholar,citeseer,academic,0
0.1,0.0,0.0,0.0,0.0,0.0,0.0,0.0,0.0,0.0,0.0,0.0,0.0,0.0,0.0,0.1,1,codebase_community,codebase_community,scholar,1
0.0,0.0,0.0,0.0,0.0,0.0,0.0,0.0,0.0,0.0,0.0,0.0,0.0,0.0,0.0,0.0,1,codebase_community,codebase_community,codebase_community,1
0.7,0.6,0.3,0.2,0.0,0.0,0.0,0.0,0.0,0.0,0.0,0.0,0.0,0.0,0.0,0.1,1,codebase_community,codebase_community,academic,1
0.95,0.9,0.85,0.75,0.05,0.05,0.0,0.0,0.0,0.0,0.0,0.0,0.0,0.0,0.0,0.05,1,scholar,scholar,scholar,1
0.95,0.9,0.7,0.1,0.1,0.1,0.1,0.05,0.05,0.0,0.0,0.0,0.0,0.0,0.0,0.05,1,scholar,scholar,scholar,1
0.7,0.6,0.4,0.0,0.0,0.0,0.0,0.0,0.0,0.0,0.0,0.0,0.0,0.0,0.0,0.1,1,codebase_community,codebase_community,yelp,1
0.95,0.9,0.85,0.7,0.6,0.6,0.6,0.6,0.6,0.6,0.6,0.6,0.1,0.1,0.1,0.05,1,scholar,citeseer,scholar,0
0.75,0.7,0.6,0.3,0.2,0.2,0.15,0.1,0.1,0.1,0.1,0.1,0.1,0.1,0.1,0.05,1,codebase_community,codebase_community,scholar,1
0.95,0.9,0.85,0.2,0.1,0.1,0.1,0.1,0.1,0.05,0.05,0.05,0.05,0.05,0.05,0.05,1,scholar,citeseer,scholar,0
0.8,0.1,0.1,0.0,0.0,0.0,0.0,0.0,0.0,0.0,0.0,0.0,0.0,0.0,0.0,0.7,0,scholar,epinions_1,scholar,0
0.9,0.85,0.75,0.2,0.1,0.05,0.05,0.0,0.0,0.0,0.0,0.0,0.0,0.0,0.0,0.05,1,codebase_community,codebase_community,e_learning,1
0.7,0.0,0.0,0.0,0.0,0.0,0.0,0.0,0.0,0.0,0.0,0.0,0.0,0.0,0.0,0.7,0,codebase_community,codebase_community,products_for_hire,1
0.85,0.75,0.7,0.7,0.1,0.05,0.05,0.05,0.0,0.0,0.0,0.0,0.0,0.0,0.0,0.1,1,scholar,academic,academic,0
0.7,0.2,0.1,0.1,0.1,0.0,0.0,0.0,0.0,0.0,0.0,0.0,0.0,0.0,0.0,0.5,0,codebase_community,codebase_community,twitter_1,1
0.85,0.75,0.7,0.6,0.2,0.1,0.1,0.1,0.0,0.0,0.0,0.0,0.0,0.0,0.0,0.1,1,scholar,academic,academic,0
0.95,0.85,0.75,0.7,0.6,0.3,0.1,0.1,0.05,0.05,0.0,0.0,0.0,0.0,0.0,0.1,1,scholar,academic,academic,0
0.7,0.7,0.7,0.7,0.7,0.7,0.7,0.7,0.7,0.7,0.7,0.3,0.2,0.1,0.1,0.0,1,codebase_community,codebase_community,codebase_community,1
0.0,0.0,0.0,0.0,0.0,0.0,0.0,0.0,0.0,0.0,0.0,0.0,0.0,0.0,0.0,0.0,1,codebase_community,codebase_community,codebase_community,1
0.95,0.85,0.75,0.65,0.05,0.05,0.05,0.05,0.0,0.0,0.0,0.0,0.0,0.0,0.0,0.1,1,scholar,scholar,scholar,1
0.95,0.9,0.9,0.85,0.75,0.05,0.05,0.05,0.0,0.0,0.0,0.0,0.0,0.0,0.0,0.05,1,scholar,academic,academic,0
0.3,0.2,0.0,0.0,0.0,0.0,0.0,0.0,0.0,0.0,0.0,0.0,0.0,0.0,0.0,0.1,1,codebase_community,codebase_community,yelp,1
0.95,0.85,0.7,0.1,0.05,0.05,0.05,0.05,0.0,0.0,0.0,0.0,0.0,0.0,0.0,0.1,1,scholar,scholar,scholar,1
0.95,0.92,0.9,0.88,0.85,0.75,0.2,0.15,0.1,0.1,0.1,0.1,0.1,0.1,0.05,0.03,1,scholar,authors,scholar,0
0.25,0.2,0.1,0.05,0.0,0.0,0.0,0.0,0.0,0.0,0.0,0.0,0.0,0.0,0.0,0.05,1,codebase_community,codebase_community,yelp,1
1.0,0.95,0.95,0.8,0.7,0.2,0.1,0.1,0.1,0.1,0.1,0.05,0.01,0.01,0.01,0.05,1,scholar,authors,scholar,0
0.6,0.2,0.1,0.05,0.0,0.0,0.0,0.0,0.0,0.0,0.0,0.0,0.0,0.0,0.0,0.4,0,codebase_community,codebase_community,codebase_comments,1
0.95,0.9,0.85,0.75,0.1,0.05,0.05,0.05,0.05,0.0,0.0,0.0,0.0,0.0,0.0,0.05,1,scholar,scholar,scholar,1
0.7,0.6,0.5,0.4,0.4,0.3,0.1,0.1,0.0,0.0,0.0,0.0,0.0,0.0,0.0,0.1,1,codebase_community,codebase_community,real_estate_rentals,1
0.95,0.85,0.5,0.1,0.05,0.0,0.0,0.0,0.0,0.0,0.0,0.0,0.0,0.0,0.0,0.1,1,scholar,scholar,scholar,1
0.0,0.0,0.0,0.0,0.0,0.0,0.0,0.0,0.0,0.0,0.0,0.0,0.0,0.0,0.0,0.0,1,codebase_community,codebase_community,codebase_community,1
0.95,0.85,0.02,0.01,0.01,0.01,0.01,0.01,0.0,0.0,0.0,0.0,0.0,0.0,0.0,0.1,1,scholar,donor,academic,0
0.2,0.1,0.0,0.0,0.0,0.0,0.0,0.0,0.0,0.0,0.0,0.0,0.0,0.0,0.0,0.1,1,codebase_community,codebase_community,online_exams,1
0.0,0.0,0.0,0.0,0.0,0.0,0.0,0.0,0.0,0.0,0.0,0.0,0.0,0.0,0.0,0.0,1,codebase_community,codebase_community,codebase_community,1
0.95,0.85,0.75,0.75,0.7,0.6,0.1,0.05,0.05,0.0,0.0,0.0,0.0,0.0,0.0,0.1,1,scholar,scholar,scholar,1
0.95,0.9,0.85,0.75,0.15,0.1,0.05,0.0,0.0,0.0,0.0,0.0,0.0,0.0,0.0,0.05,1,scholar,scholar,scholar,1
0.4,0.3,0.2,0.1,0.0,0.0,0.0,0.0,0.0,0.0,0.0,0.0,0.0,0.0,0.0,0.1,1,codebase_community,codebase_community,scholar,1
0.7,0.6,0.6,0.5,0.3,0.3,0.2,0.2,0.1,0.0,0.0,0.0,0.0,0.0,0.0,0.1,1,scholar,academic,scholar,0
0.3,0.2,0.0,0.0,0.0,0.0,0.0,0.0,0.0,0.0,0.0,0.0,0.0,0.0,0.0,0.1,1,codebase_community,codebase_community,online_exams,1
0.7,0.6,0.6,0.2,0.1,0.0,0.0,0.0,0.0,0.0,0.0,0.0,0.0,0.0,0.0,0.1,1,codebase_community,codebase_community,epinions_1,1
0.7,0.6,0.4,0.3,0.2,0.1,0.1,0.1,0.0,0.0,0.0,0.0,0.0,0.0,0.0,0.1,1,codebase_community,codebase_community,epinions_1,1
0.9,0.85,0.8,0.7,0.1,0.1,0.05,0.05,0.0,0.0,0.0,0.0,0.0,0.0,0.0,0.05,1,scholar,aan_1,scholar,0
0.95,0.85,0.75,0.6,0.1,0.1,0.1,0.05,0.05,0.0,0.0,0.0,0.0,0.0,0.0,0.1,1,scholar,scholar,scholar,1
0.8,0.7,0.6,0.0,0.0,0.0,0.0,0.0,0.0,0.0,0.0,0.0,0.0,0.0,0.0,0.1,1,codebase_community,codebase_community,codebase_comments,1
0.85,0.7,0.3,0.1,0.05,0.05,0.0,0.0,0.0,0.0,0.0,0.0,0.0,0.0,0.0,0.15,1,codebase_community,epinions_1,real_estate_rentals,0
0.95,0.85,0.75,0.65,0.05,0.05,0.0,0.0,0.0,0.0,0.0,0.0,0.0,0.0,0.0,0.1,1,scholar,scholar,scholar,1
0.95,0.85,0.75,0.65,0.05,0.05,0.05,0.0,0.0,0.0,0.0,0.0,0.0,0.0,0.0,0.1,1,scholar,scholar,scholar,1
0.8,0.7,0.6,0.5,0.5,0.4,0.4,0.3,0.3,0.3,0.3,0.2,0.1,0.1,0.0,0.1,1,coffee_shop,shop_membership,customers_card_transactions,0
0.95,0.9,0.85,0.75,0.05,0.05,0.05,0.05,0.05,0.0,0.0,0.0,0.0,0.0,0.0,0.05,1,scholar,aan_1,scholar,0
0.85,0.85,0.85,0.8,0.75,0.05,0.05,0.05,0.05,0.05,0.05,0.0,0.0,0.0,0.0,0.0,1,scholar,icfp_1,icfp_1,0
0.9,0.85,0.85,0.8,0.1,0.05,0.05,0.05,0.05,0.05,0.05,0.05,0.0,0.0,0.0,0.05,1,coffee_shop,customers_and_products_contacts,coffee_shop,0
0.95,0.85,0.75,0.1,0.1,0.1,0.1,0.1,0.05,0.05,0.0,0.0,0.0,0.0,0.0,0.1,1,coffee_shop,public_review_platform,coffee_shop,0
0.95,0.9,0.9,0.85,0.6,0.6,0.6,0.6,0.6,0.6,0.1,0.05,0.05,0.05,0.05,0.05,1,scholar,citeseer,scholar,0
0.95,0.85,0.75,0.7,0.15,0.1,0.1,0.0,0.0,0.0,0.0,0.0,0.0,0.0,0.0,0.1,1,coffee_shop,yelp,coffee_shop,0
0.85,0.8,0.75,0.6,0.1,0.05,0.05,0.05,0.0,0.0,0.0,0.0,0.0,0.0,0.0,0.05,1,scholar,scholar,scholar,1
0.85,0.15,0.15,0.1,0.1,0.1,0.1,0.05,0.0,0.0,0.0,0.0,0.0,0.0,0.0,0.7,0,coffee_shop,coffee_shop,coffee_shop,1
0.95,0.9,0.85,0.6,0.1,0.05,0.05,0.0,0.0,0.0,0.0,0.0,0.0,0.0,0.0,0.05,1,scholar,scholar,scholar,1
0.95,0.6,0.05,0.05,0.05,0.05,0.0,0.0,0.0,0.0,0.0,0.0,0.0,0.0,0.0,0.35,0,coffee_shop,coffee_shop,coffee_shop,1
0.95,0.7,0.6,0.4,0.05,0.05,0.0,0.0,0.0,0.0,0.0,0.0,0.0,0.0,0.0,0.25,0,scholar,scholar,scholar,1
0.9,0.85,0.75,0.2,0.1,0.05,0.05,0.05,0.0,0.0,0.0,0.0,0.0,0.0,0.0,0.05,1,scholar,academic,academic,0
0.95,0.1,0.1,0.1,0.1,0.05,0.05,0.05,0.05,0.05,0.0,0.0,0.0,0.0,0.0,0.85,0,coffee_shop,coffee_shop,coffee_shop,1
0.95,0.05,0.0,0.0,0.0,0.0,0.0,0.0,0.0,0.0,0.0,0.0,0.0,0.0,0.0,0.9,0,coffee_shop,coffee_shop,coffee_shop,1
0.95,0.85,0.7,0.05,0.05,0.05,0.05,0.05,0.05,0.05,0.05,0.05,0.05,0.05,0.05,0.1,1,scholar,scholar,scholar,1
0.95,0.9,0.85,0.2,0.1,0.1,0.1,0.1,0.1,0.1,0.1,0.05,0.05,0.05,0.05,0.05,1,scholar,citeseer,scholar,0
0.9,0.9,0.85,0.2,0.1,0.1,0.1,0.1,0.1,0.1,0.1,0.1,0.05,0.05,0.05,0.0,1,scholar,citeseer,academic,0
0.95,0.85,0.7,0.05,0.0,0.0,0.0,0.0,0.0,0.0,0.0,0.0,0.0,0.0,0.0,0.1,1,scholar,scholar,scholar,1
0.98,0.98,0.98,0.95,0.95,0.95,0.7,0.1,0.1,0.1,0.1,0.05,0.05,0.0,0.0,0.0,1,college_1,department_management,department_store,0
0.85,0.75,0.75,0.7,0.05,0.05,0.05,0.05,0.0,0.0,0.0,0.0,0.0,0.0,0.0,0.1,1,scholar,icfp_1,scholar,0
0.95,0.85,0.2,0.15,0.15,0.1,0.05,0.05,0.05,0.05,0.05,0.05,0.05,0.0,0.0,0.1,1,college_1,college_1,college_1,1
0.98,0.95,0.9,0.7,0.1,0.0,0.0,0.0,0.0,0.0,0.0,0.0,0.0,0.0,0.0,0.03,1,scholar,scholar,scholar,1
0.95,0.1,0.0,0.0,0.0,0.0,0.0,0.0,0.0,0.0,0.0,0.0,0.0,0.0,0.0,0.85,0,coffee_shop,coffee_shop,coffee_shop,1
0.95,0.85,0.15,0.1,0.05,0.0,0.0,0.0,0.0,0.0,0.0,0.0,0.0,0.0,0.0,0.1,1,college_1,student_1,college_2,0
0.95,0.9,0.9,0.85,0.8,0.75,0.05,0.01,0.01,0.01,0.01,0.01,0.01,0.0,0.0,0.05,1,college_1,department_management,department_management,0
0.95,0.85,0.75,0.5,0.3,0.1,0.05,0.0,0.0,0.0,0.0,0.0,0.0,0.0,0.0,0.1,1,scholar,scholar,scholar,1
0.95,0.9,0.85,0.75,0.05,0.05,0.05,0.0,0.0,0.0,0.0,0.0,0.0,0.0,0.0,0.05,1,scholar,scholar,scholar,1
0.95,0.85,0.7,0.6,0.5,0.4,0.0,0.0,0.0,0.0,0.0,0.0,0.0,0.0,0.0,0.1,1,college_1,college_1,college_1,1
0.95,0.9,0.85,0.75,0.7,0.1,0.1,0.1,0.05,0.05,0.05,0.0,0.0,0.0,0.0,0.05,1,college_1,college_1,college_1,1
0.95,0.95,0.7,0.7,0.1,0.1,0.1,0.1,0.1,0.1,0.05,0.0,0.0,0.0,0.0,0.0,1,college_1,student_1,college_1,0
0.95,0.85,0.7,0.3,0.05,0.05,0.05,0.0,0.0,0.0,0.0,0.0,0.0,0.0,0.0,0.1,1,scholar,scholar,scholar,1
0.95,0.9,0.85,0.7,0.1,0.05,0.0,0.0,0.0,0.0,0.0,0.0,0.0,0.0,0.0,0.05,1,scholar,scholar,scholar,1
0.85,0.8,0.75,0.2,0.1,0.1,0.1,0.05,0.05,0.05,0.05,0.05,0.0,0.0,0.0,0.05,1,college_1,student_1,college_1,0
0.98,0.97,0.95,0.9,0.9,0.1,0.1,0.1,0.05,0.05,0.01,0.01,0.0,0.0,0.0,0.01,1,college_1,human_resources,hr_1,0
0.95,0.15,0.1,0.05,0.0,0.0,0.0,0.0,0.0,0.0,0.0,0.0,0.0,0.0,0.0,0.8,0,scholar,scholar,scholar,1
0.8,0.7,0.6,0.0,0.0,0.0,0.0,0.0,0.0,0.0,0.0,0.0,0.0,0.0,0.0,0.1,1,scholar,yelp,academic,0
0.95,0.9,0.05,0.0,0.0,0.0,0.0,0.0,0.0,0.0,0.0,0.0,0.0,0.0,0.0,0.05,1,college_1,college_3,college_3,0
0.95,0.95,0.9,0.85,0.05,0.0,0.0,0.0,0.0,0.0,0.0,0.0,0.0,0.0,0.0,0.0,1,scholar,academic,academic,0
0.95,0.9,0.1,0.05,0.05,0.05,0.05,0.05,0.05,0.05,0.05,0.05,0.0,0.0,0.0,0.05,1,college_1,college_3,college_3,0
0.95,0.9,0.9,0.85,0.1,0.05,0.05,0.01,0.01,0.01,0.01,0.01,0.01,0.0,0.0,0.05,1,college_1,human_resources,company_1,0
0.95,0.9,0.85,0.75,0.7,0.6,0.2,0.1,0.1,0.1,0.1,0.05,0.05,0.05,0.05,0.05,1,scholar,authors,scholar,0
0.95,0.9,0.7,0.65,0.6,0.5,0.4,0.25,0.2,0.2,0.2,0.15,0.1,0.05,0.0,0.05,1,college_1,student_1,college_3,0
0.95,0.95,0.7,0.6,0.5,0.4,0.4,0.3,0.3,0.3,0.3,0.3,0.2,0.1,0.0,0.0,1,college_1,student_1,college_3,0
0.95,0.85,0.75,0.5,0.1,0.05,0.05,0.05,0.05,0.0,0.0,0.0,0.0,0.0,0.0,0.1,1,scholar,scholar,scholar,1
0.95,0.85,0.8,0.75,0.7,0.6,0.4,0.3,0.3,0.2,0.1,0.1,0.0,0.0,0.0,0.1,1,college_1,college_1,college_1,1
0.95,0.9,0.7,0.2,0.1,0.1,0.05,0.05,0.0,0.0,0.0,0.0,0.0,0.0,0.0,0.05,1,scholar,academic,academic,0
0.95,0.9,0.85,0.7,0.3,0.2,0.1,0.1,0.05,0.0,0.0,0.0,0.0,0.0,0.0,0.05,1,scholar,scholar,scholar,1
0.7,0.1,0.05,0.05,0.01,0.01,0.01,0.01,0.01,0.01,0.01,0.01,0.01,0.01,0.01,0.6,0,scholar,solvency_ii,scholar,0
0.95,0.9,0.85,0.8,0.75,0.7,0.2,0.15,0.1,0.1,0.05,0.05,0.0,0.0,0.0,0.05,1,college_1,college_1,college_1,1
0.95,0.85,0.75,0.65,0.1,0.05,0.01,0.01,0.01,0.01,0.01,0.01,0.0,0.0,0.0,0.1,1,college_1,college_1,college_1,1
0.95,0.9,0.85,0.8,0.75,0.7,0.2,0.2,0.1,0.1,0.1,0.0,0.0,0.0,0.0,0.05,1,scholar,scholar,scholar,1
0.95,0.85,0.1,0.05,0.05,0.0,0.0,0.0,0.0,0.0,0.0,0.0,0.0,0.0,0.0,0.1,1,college_1,college_1,college_1,1
0.7,0.6,0.5,0.2,0.1,0.0,0.0,0.0,0.0,0.0,0.0,0.0,0.0,0.0,0.0,0.1,1,scholar,authors,scholar,0
0.9,0.85,0.8,0.7,0.6,0.5,0.4,0.3,0.3,0.2,0.1,0.0,0.0,0.0,0.0,0.05,1,college_1,student_1,college_2,0
0.95,0.9,0.85,0.75,0.1,0.05,0.05,0.05,0.0,0.0,0.0,0.0,0.0,0.0,0.0,0.05,1,scholar,scholar,scholar,1
0.95,0.9,0.85,0.1,0.1,0.05,0.05,0.05,0.0,0.0,0.0,0.0,0.0,0.0,0.0,0.05,1,scholar,scholar,scholar,1
0.85,0.8,0.7,0.3,0.2,0.15,0.1,0.1,0.05,0.05,0.05,0.0,0.0,0.0,0.0,0.05,1,college_1,student_1,college_3,0
0.95,0.9,0.85,0.7,0.05,0.05,0.05,0.05,0.0,0.0,0.0,0.0,0.0,0.0,0.0,0.05,1,scholar,scholar,scholar,1
0.9,0.85,0.65,0.15,0.1,0.05,0.05,0.0,0.0,0.0,0.0,0.0,0.0,0.0,0.0,0.05,1,college_1,student_1,college_2,0
0.95,0.9,0.85,0.1,0.05,0.05,0.05,0.0,0.0,0.0,0.0,0.0,0.0,0.0,0.0,0.05,1,scholar,scholar,scholar,1
0.85,0.85,0.8,0.75,0.1,0.1,0.1,0.05,0.05,0.05,0.05,0.0,0.0,0.0,0.0,0.0,1,college_1,student_1,college_1,0
0.95,0.9,0.85,0.75,0.0,0.0,0.0,0.0,0.0,0.0,0.0,0.0,0.0,0.0,0.0,0.05,1,college_1,college_1,college_1,1
0.95,0.7,0.6,0.1,0.05,0.05,0.05,0.0,0.0,0.0,0.0,0.0,0.0,0.0,0.0,0.25,0,scholar,scholar,scholar,1
0.85,0.75,0.65,0.05,0.0,0.0,0.0,0.0,0.0,0.0,0.0,0.0,0.0,0.0,0.0,0.1,1,college_1,student_1,college_1,0
0.95,0.92,0.9,0.85,0.15,0.1,0.05,0.0,0.0,0.0,0.0,0.0,0.0,0.0,0.0,0.03,1,scholar,icfp_1,icfp_1,0
0.95,0.1,0.05,0.05,0.01,0.01,0.01,0.01,0.01,0.01,0.01,0.01,0.0,0.0,0.0,0.85,0,college_1,college_1,college_1,1
0.95,0.05,0.0,0.0,0.0,0.0,0.0,0.0,0.0,0.0,0.0,0.0,0.0,0.0,0.0,0.9,0,school_bus,school_bus,school_bus,1
0.85,0.6,0.1,0.05,0.05,0.0,0.0,0.0,0.0,0.0,0.0,0.0,0.0,0.0,0.0,0.25,0,school_bus,california_schools,school_bus,0
0.95,0.85,0.7,0.1,0.05,0.0,0.0,0.0,0.0,0.0,0.0,0.0,0.0,0.0,0.0,0.1,1,college_1,college_1,college_1,1
0.85,0.8,0.7,0.6,0.2,0.1,0.1,0.05,0.05,0.05,0.05,0.05,0.0,0.0,0.0,0.05,1,college_1,human_resources,college_1,0
0.95,0.9,0.85,0.75,0.15,0.1,0.05,0.0,0.0,0.0,0.0,0.0,0.0,0.0,0.0,0.05,1,college_1,college_1,college_1,1
0.95,0.1,0.05,0.05,0.05,0.05,0.0,0.0,0.0,0.0,0.0,0.0,0.0,0.0,0.0,0.85,0,school_bus,school_bus,school_bus,1
0.95,0.92,0.9,0.85,0.8,0.75,0.65,0.2,0.18,0.15,0.12,0.1,0.05,0.0,0.0,0.03,1,college_1,college_1,college_1,1
0.95,0.2,0.1,0.05,0.05,0.01,0.01,0.01,0.01,0.01,0.0,0.0,0.0,0.0,0.0,0.75,0,school_bus,school_bus,school_bus,1
0.95,0.1,0.05,0.0,0.0,0.0,0.0,0.0,0.0,0.0,0.0,0.0,0.0,0.0,0.0,0.85,0,school_bus,school_bus,school_bus,1
0.9,0.85,0.8,0.8,0.75,0.7,0.6,0.1,0.05,0.05,0.05,0.05,0.0,0.0,0.0,0.05,1,college_1,cs_semester,student_transcripts_tracking,0
0.95,0.85,0.8,0.75,0.6,0.3,0.2,0.15,0.1,0.05,0.05,0.0,0.0,0.0,0.0,0.1,1,school_bus,school_bus,school_bus,1
0.95,0.9,0.9,0.85,0.75,0.7,0.1,0.1,0.1,0.1,0.1,0.05,0.05,0.0,0.0,0.05,1,college_1,college_1,college_1,1
0.9,0.85,0.8,0.75,0.7,0.65,0.3,0.25,0.2,0.1,0.1,0.05,0.0,0.0,0.0,0.05,1,college_1,cs_semester,college_2,0
0.98,0.01,0.01,0.01,0.01,0.01,0.01,0.01,0.01,0.0,0.0,0.0,0.0,0.0,0.0,0.97,0,school_bus,school_bus,school_bus,1
0.95,0.0,0.0,0.0,0.0,0.0,0.0,0.0,0.0,0.0,0.0,0.0,0.0,0.0,0.0,0.95,0,college_1,computer_student,college_1,0
0.95,0.85,0.8,0.75,0.7,0.65,0.15,0.1,0.05,0.05,0.05,0.05,0.0,0.0,0.0,0.1,1,school_bus,school_bus,school_bus,1
0.95,0.1,0.05,0.05,0.05,0.0,0.0,0.0,0.0,0.0,0.0,0.0,0.0,0.0,0.0,0.85,0,school_bus,school_bus,school_bus,1
0.7,0.1,0.1,0.05,0.05,0.0,0.0,0.0,0.0,0.0,0.0,0.0,0.0,0.0,0.0,0.6,0,college_1,computer_student,college_1,0
0.95,0.95,0.9,0.7,0.0,0.0,0.0,0.0,0.0,0.0,0.0,0.0,0.0,0.0,0.0,0.0,1,college_1,college_1,college_1,1
0.95,0.2,0.1,0.05,0.05,0.05,0.05,0.05,0.01,0.01,0.01,0.01,0.01,0.01,0.01,0.75,0,school_finance,school_finance,school_finance,1
0.85,0.75,0.1,0.1,0.1,0.1,0.1,0.1,0.1,0.1,0.1,0.05,0.05,0.05,0.05,0.1,1,school_finance,donor,donor,0
0.85,0.2,0.15,0.1,0.1,0.1,0.1,0.1,0.1,0.1,0.1,0.1,0.1,0.1,0.1,0.65,0,school_finance,donor,school_finance,0
0.95,0.9,0.85,0.75,0.0,0.0,0.0,0.0,0.0,0.0,0.0,0.0,0.0,0.0,0.0,0.05,1,college_1,college_1,college_1,1
0.85,0.75,0.6,0.3,0.2,0.2,0.1,0.1,0.0,0.0,0.0,0.0,0.0,0.0,0.0,0.1,1,college_1,computer_student,college_1,0
0.9,0.2,0.1,0.05,0.01,0.01,0.0,0.0,0.0,0.0,0.0,0.0,0.0,0.0,0.0,0.7,0,school_finance,school_finance,school_finance,1
0.9,0.1,0.1,0.05,0.05,0.05,0.05,0.0,0.0,0.0,0.0,0.0,0.0,0.0,0.0,0.8,0,school_finance,csu_1,school_finance,0
0.85,0.75,0.7,0.5,0.4,0.3,0.3,0.2,0.2,0.1,0.1,0.1,0.1,0.1,0.1,0.1,1,college_1,cs_semester,college_1,0
0.95,0.9,0.9,0.85,0.8,0.1,0.1,0.1,0.1,0.1,0.05,0.05,0.0,0.0,0.0,0.05,1,college_1,college_1,college_1,1
0.95,0.1,0.1,0.05,0.05,0.05,0.05,0.0,0.0,0.0,0.0,0.0,0.0,0.0,0.0,0.85,0,school_finance,school_finance,school_finance,1
0.85,0.1,0.05,0.0,0.0,0.0,0.0,0.0,0.0,0.0,0.0,0.0,0.0,0.0,0.0,0.75,0,school_finance,donor,donor,0
0.9,0.85,0.85,0.8,0.8,0.75,0.7,0.6,0.6,0.6,0.6,0.1,0.0,0.0,0.0,0.05,1,college_1,student_1,college_1,0
0.95,0.9,0.7,0.6,0.0,0.0,0.0,0.0,0.0,0.0,0.0,0.0,0.0,0.0,0.0,0.05,1,college_1,cs_semester,college_1,0
0.95,0.05,0.01,0.01,0.01,0.01,0.01,0.0,0.0,0.0,0.0,0.0,0.0,0.0,0.0,0.9,0,school_finance,school_finance,school_finance,1
0.95,0.85,0.1,0.1,0.05,0.05,0.05,0.05,0.05,0.05,0.0,0.0,0.0,0.0,0.0,0.1,1,school_finance,school_finance,school_finance,1
0.95,0.85,0.75,0.65,0.5,0.4,0.35,0.3,0.25,0.2,0.2,0.15,0.1,0.05,0.0,0.1,1,college_1,cs_semester,college_1,0
0.95,0.1,0.05,0.05,0.01,0.01,0.01,0.01,0.01,0.0,0.0,0.0,0.0,0.0,0.0,0.85,0,school_finance,school_finance,school_finance,1
0.95,0.9,0.85,0.7,0.3,0.2,0.1,0.1,0.1,0.05,0.05,0.05,0.05,0.0,0.0,0.05,1,college_1,cs_semester,college_1,0
0.9,0.85,0.3,0.2,0.15,0.1,0.1,0.1,0.1,0.1,0.1,0.1,0.05,0.05,0.0,0.05,1,college_1,cs_semester,college_1,0
0.95,0.05,0.0,0.0,0.0,0.0,0.0,0.0,0.0,0.0,0.0,0.0,0.0,0.0,0.0,0.9,0,school_finance,school_finance,school_finance,1
0.95,0.05,0.0,0.0,0.0,0.0,0.0,0.0,0.0,0.0,0.0,0.0,0.0,0.0,0.0,0.9,0,school_finance,school_finance,school_finance,1
0.95,0.9,0.85,0.7,0.3,0.2,0.2,0.2,0.2,0.1,0.1,0.05,0.0,0.0,0.0,0.05,1,college_1,college_3,college_3,0
0.98,0.95,0.9,0.85,0.2,0.2,0.15,0.15,0.15,0.1,0.1,0.05,0.0,0.0,0.0,0.03,1,college_1,college_3,college_1,0
0.95,0.6,0.3,0.2,0.2,0.2,0.1,0.1,0.05,0.05,0.0,0.0,0.0,0.0,0.0,0.35,0,school_finance,school_finance,school_finance,1
0.95,0.85,0.3,0.1,0.1,0.1,0.1,0.1,0.1,0.1,0.1,0.05,0.05,0.0,0.0,0.1,1,college_1,student_1,college_1,0
0.9,0.85,0.1,0.05,0.05,0.05,0.05,0.05,0.05,0.05,0.05,0.0,0.0,0.0,0.0,0.05,1,college_1,cs_semester,college_1,0
0.95,0.2,0.2,0.15,0.15,0.1,0.1,0.1,0.05,0.05,0.05,0.05,0.05,0.05,0.0,0.75,0,school_player,school_player,school_player,1
0.95,0.7,0.2,0.1,0.05,0.05,0.01,0.01,0.01,0.01,0.01,0.01,0.01,0.0,0.0,0.25,0,school_player,school_player,school_player,1
0.9,0.9,0.85,0.75,0.6,0.3,0.2,0.1,0.05,0.05,0.05,0.05,0.01,0.01,0.0,0.0,1,college_1,student_transcripts_tracking,college_1,0
0.95,0.05,0.0,0.0,0.0,0.0,0.0,0.0,0.0,0.0,0.0,0.0,0.0,0.0,0.0,0.9,0,school_player,school_player,school_player,1
0.9,0.85,0.8,0.3,0.2,0.2,0.1,0.05,0.05,0.05,0.05,0.05,0.01,0.01,0.0,0.05,1,college_1,student_transcripts_tracking,college_1,0
0.95,0.05,0.03,0.02,0.02,0.01,0.01,0.01,0.01,0.01,0.01,0.01,0.0,0.0,0.0,0.9,0,school_player,school_player,school_player,1
0.98,0.95,0.9,0.85,0.7,0.1,0.1,0.05,0.05,0.05,0.05,0.0,0.0,0.0,0.0,0.03,1,school_player,school_player,university_basketball,1
0.9,0.85,0.8,0.8,0.75,0.6,0.3,0.2,0.2,0.1,0.1,0.1,0.1,0.05,0.0,0.05,1,college_1,department_management,college_2,0
0.95,0.2,0.1,0.1,0.1,0.1,0.0,0.0,0.0,0.0,0.0,0.0,0.0,0.0,0.0,0.75,0,school_player,school_finance,school_player,0
0.95,0.95,0.9,0.9,0.85,0.8,0.2,0.1,0.1,0.1,0.1,0.1,0.1,0.05,0.0,0.0,1,college_1,student_transcripts_tracking,college_1,0
0.95,0.9,0.85,0.75,0.7,0.6,0.1,0.05,0.05,0.05,0.05,0.05,0.0,0.0,0.0,0.05,1,school_player,school_player,school_player,1
0.95,0.1,0.05,0.05,0.05,0.05,0.0,0.0,0.0,0.0,0.0,0.0,0.0,0.0,0.0,0.85,0,school_player,school_finance,school_player,0
0.95,0.15,0.1,0.05,0.01,0.01,0.01,0.01,0.01,0.01,0.01,0.0,0.0,0.0,0.0,0.8,0,college_1,college_1,college_1,1
0.95,0.01,0.01,0.01,0.01,0.01,0.01,0.01,0.01,0.01,0.01,0.01,0.01,0.01,0.01,0.94,0,school_player,school_finance,school_player,0
0.95,0.85,0.7,0.6,0.5,0.4,0.3,0.2,0.2,0.1,0.1,0.1,0.05,0.0,0.0,0.1,1,college_1,course_teach,college_2,0
0.92,0.9,0.88,0.85,0.8,0.75,0.65,0.2,0.1,0.1,0.1,0.1,0.05,0.0,0.0,0.02,1,college_1,course_teach,college_2,0
0.95,0.1,0.1,0.1,0.1,0.05,0.05,0.05,0.0,0.0,0.0,0.0,0.0,0.0,0.0,0.85,0,school_player,school_finance,school_player,0
0.95,0.9,0.85,0.8,0.8,0.75,0.7,0.2,0.1,0.1,0.1,0.1,0.1,0.0,0.0,0.05,1,college_1,course_teach,college_2,0
0.95,0.85,0.85,0.8,0.75,0.7,0.3,0.2,0.2,0.1,0.1,0.0,0.0,0.0,0.0,0.1,1,school_player,school_player,school_player,1
0.95,0.75,0.1,0.05,0.05,0.01,0.01,0.01,0.01,0.01,0.01,0.0,0.0,0.0,0.0,0.2,1,college_1,college_1,college_1,1
0.95,0.85,0.8,0.75,0.65,0.6,0.3,0.2,0.15,0.1,0.05,0.0,0.0,0.0,0.0,0.1,1,school_player,school_player,school_player,1
0.95,0.93,0.92,0.9,0.88,0.85,0.75,0.65,0.3,0.2,0.15,0.1,0.1,0.0,0.0,0.02,1,college_1,college_1,college_1,1
0.95,0.9,0.85,0.85,0.8,0.75,0.7,0.65,0.2,0.2,0.1,0.1,0.0,0.0,0.0,0.05,1,college_1,course_teach,behavior_monitoring,0
0.95,0.05,0.05,0.05,0.01,0.01,0.01,0.01,0.01,0.01,0.01,0.01,0.0,0.0,0.0,0.9,0,school_player,school_player,school_player,1
0.95,0.85,0.8,0.75,0.7,0.7,0.6,0.2,0.2,0.1,0.1,0.1,0.0,0.0,0.0,0.1,1,college_1,student_1,college_2,0
0.95,0.75,0.7,0.6,0.3,0.2,0.1,0.1,0.1,0.1,0.05,0.05,0.0,0.0,0.0,0.2,1,school_player,school_player,school_player,1
0.95,0.1,0.1,0.05,0.01,0.01,0.01,0.01,0.01,0.01,0.0,0.0,0.0,0.0,0.0,0.85,0,school_player,school_finance,school_player,0
0.9,0.15,0.1,0.1,0.05,0.05,0.05,0.05,0.05,0.0,0.0,0.0,0.0,0.0,0.0,0.75,0,school_player,school_finance,school_player,0
0.95,0.9,0.85,0.75,0.7,0.3,0.2,0.15,0.1,0.05,0.05,0.05,0.0,0.0,0.0,0.05,1,college_1,college_1,college_1,1
0.95,0.85,0.7,0.1,0.05,0.05,0.05,0.0,0.0,0.0,0.0,0.0,0.0,0.0,0.0,0.1,1,school_player,school_player,school_player,1
0.95,0.85,0.15,0.1,0.05,0.05,0.05,0.0,0.0,0.0,0.0,0.0,0.0,0.0,0.0,0.1,1,school_player,school_player,school_player,1
0.95,0.85,0.75,0.65,0.55,0.45,0.2,0.15,0.1,0.1,0.1,0.05,0.0,0.0,0.0,0.1,1,college_1,college_1,college_1,1
0.95,0.9,0.9,0.85,0.8,0.2,0.15,0.1,0.1,0.1,0.05,0.05,0.05,0.0,0.0,0.05,1,college_1,e_learning,e_learning,0
0.95,0.9,0.85,0.8,0.8,0.75,0.6,0.25,0.2,0.15,0.1,0.1,0.05,0.0,0.0,0.05,1,college_1,student_transcripts_tracking,student_transcripts_tracking,0
0.95,0.95,0.9,0.85,0.4,0.3,0.2,0.2,0.1,0.1,0.1,0.05,0.0,0.0,0.0,0.0,1,college_1,cs_semester,college_3,0
0.9,0.05,0.05,0.05,0.05,0.05,0.05,0.05,0.05,0.0,0.0,0.0,0.0,0.0,0.0,0.85,0,school_player,school_finance,school_player,0
0.9,0.05,0.05,0.0,0.0,0.0,0.0,0.0,0.0,0.0,0.0,0.0,0.0,0.0,0.0,0.85,0,school_player,school_finance,school_player,0
0.95,0.95,0.85,0.2,0.1,0.1,0.1,0.05,0.05,0.05,0.05,0.05,0.05,0.0,0.0,0.0,1,college_1,student_1,college_1,0
0.95,0.85,0.75,0.0,0.0,0.0,0.0,0.0,0.0,0.0,0.0,0.0,0.0,0.0,0.0,0.1,1,scientist_1,scientist_1,scientist_1,1
0.9,0.7,0.7,0.6,0.6,0.5,0.1,0.0,0.0,0.0,0.0,0.0,0.0,0.0,0.0,0.2,0,college_1,college_1,college_1,1
0.9,0.85,0.8,0.01,0.01,0.01,0.01,0.01,0.01,0.01,0.01,0.01,0.01,0.0,0.0,0.05,1,college_1,student_1,college_2,0
0.95,0.7,0.4,0.3,0.3,0.3,0.2,0.1,0.1,0.0,0.0,0.0,0.0,0.0,0.0,0.25,0,scientist_1,scientist_1,scientist_1,1
0.95,0.95,0.9,0.5,0.3,0.2,0.1,0.1,0.1,0.1,0.05,0.05,0.05,0.0,0.0,0.0,1,college_1,cs_semester,college_3,0
0.95,0.1,0.1,0.05,0.01,0.01,0.01,0.01,0.01,0.01,0.01,0.0,0.0,0.0,0.0,0.85,0,scientist_1,scientist_1,scientist_1,1
0.95,0.85,0.75,0.1,0.05,0.05,0.05,0.0,0.0,0.0,0.0,0.0,0.0,0.0,0.0,0.1,1,college_1,cs_semester,college_1,0
0.95,0.7,0.15,0.1,0.1,0.1,0.05,0.05,0.05,0.05,0.0,0.0,0.0,0.0,0.0,0.25,0,scientist_1,scientist_1,scientist_1,1
0.95,0.1,0.05,0.0,0.0,0.0,0.0,0.0,0.0,0.0,0.0,0.0,0.0,0.0,0.0,0.85,0,scientist_1,scientist_1,scientist_1,1
0.95,0.95,0.85,0.75,0.7,0.1,0.1,0.1,0.1,0.1,0.1,0.1,0.05,0.0,0.0,0.0,1,college_1,student_1,college_1,0
0.95,0.92,0.9,0.85,0.75,0.6,0.5,0.1,0.1,0.1,0.1,0.1,0.05,0.0,0.0,0.03,1,college_1,student_1,student_1,0
0.95,0.1,0.05,0.05,0.05,0.01,0.01,0.01,0.01,0.01,0.0,0.0,0.0,0.0,0.0,0.85,0,scientist_1,scientist_1,scientist_1,1
1.0,0.0,0.0,0.0,0.0,0.0,0.0,0.0,0.0,0.0,0.0,0.0,0.0,0.0,0.0,1.0,0,scientist_1,scientist_1,scientist_1,1
0.95,0.75,0.65,0.0,0.0,0.0,0.0,0.0,0.0,0.0,0.0,0.0,0.0,0.0,0.0,0.2,1,college_1,student_1,college_1,0
0.95,0.1,0.05,0.05,0.05,0.05,0.05,0.05,0.0,0.0,0.0,0.0,0.0,0.0,0.0,0.85,0,scientist_1,scientist_1,scientist_1,1
0.7,0.1,0.1,0.0,0.0,0.0,0.0,0.0,0.0,0.0,0.0,0.0,0.0,0.0,0.0,0.6,0,college_1,student_1,college_1,0
0.9,0.85,0.8,0.15,0.1,0.05,0.05,0.05,0.01,0.01,0.01,0.0,0.0,0.0,0.0,0.05,1,college_1,student_1,college_2,0
0.95,0.1,0.1,0.05,0.05,0.05,0.05,0.05,0.05,0.0,0.0,0.0,0.0,0.0,0.0,0.85,0,scientist_1,scientist_1,scientist_1,1
0.95,0.7,0.1,0.1,0.05,0.05,0.05,0.05,0.05,0.0,0.0,0.0,0.0,0.0,0.0,0.25,0,scientist_1,scientist_1,scientist_1,1
0.95,0.9,0.85,0.7,0.05,0.05,0.05,0.0,0.0,0.0,0.0,0.0,0.0,0.0,0.0,0.05,1,college_1,student_1,college_2,0
0.95,0.7,0.6,0.2,0.1,0.1,0.05,0.05,0.05,0.0,0.0,0.0,0.0,0.0,0.0,0.25,0,scientist_1,scientist_1,scientist_1,1
0.95,0.9,0.9,0.85,0.8,0.75,0.7,0.7,0.65,0.6,0.6,0.1,0.0,0.0,0.0,0.05,1,college_1,student_transcripts_tracking,college_3,0
0.85,0.6,0.5,0.4,0.4,0.3,0.3,0.2,0.2,0.1,0.1,0.1,0.1,0.1,0.1,0.25,0,scientist_1,donor,scientist_1,0
0.95,0.95,0.9,0.85,0.8,0.8,0.75,0.7,0.7,0.7,0.7,0.1,0.0,0.0,0.0,0.0,1,college_1,student_1,activity_1,0
0.95,0.85,0.75,0.5,0.05,0.0,0.0,0.0,0.0,0.0,0.0,0.0,0.0,0.0,0.0,0.1,1,college_1,college_1,college_1,1
0.95,0.7,0.2,0.2,0.1,0.1,0.1,0.05,0.0,0.0,0.0,0.0,0.0,0.0,0.0,0.25,0,scientist_1,scientist_1,scientist_1,1
0.95,0.92,0.9,0.85,0.05,0.01,0.01,0.01,0.01,0.01,0.01,0.01,0.01,0.0,0.0,0.03,1,college_1,college_1,college_1,1
0.95,0.2,0.15,0.15,0.1,0.05,0.05,0.05,0.05,0.05,0.05,0.0,0.0,0.0,0.0,0.75,0,scientist_1,scientist_1,scientist_1,1
0.9,0.85,0.85,0.8,0.75,0.7,0.1,0.1,0.1,0.1,0.05,0.05,0.05,0.0,0.0,0.05,1,college_1,student_1,activity_1,0
0.95,0.2,0.15,0.15,0.1,0.1,0.05,0.02,0.01,0.0,0.0,0.0,0.0,0.0,0.0,0.75,0,scientist_1,scientist_1,scientist_1,1
0.95,0.0,0.0,0.0,0.0,0.0,0.0,0.0,0.0,0.0,0.0,0.0,0.0,0.0,0.0,0.95,0,scientist_1,scientist_1,scientist_1,1
0.95,0.0,0.0,0.0,0.0,0.0,0.0,0.0,0.0,0.0,0.0,0.0,0.0,0.0,0.0,0.95,0,scientist_1,scientist_1,scientist_1,1
0.85,0.8,0.75,0.65,0.65,0.65,0.65,0.65,0.6,0.01,0.01,0.01,0.01,0.0,0.0,0.05,1,college_1,student_1,student_transcripts_tracking,0
0.95,0.95,0.95,0.9,0.8,0.7,0.7,0.6,0.6,0.6,0.2,0.1,0.05,0.0,0.0,0.0,1,college_2,college_1,college_1,0
0.9,0.85,0.75,0.65,0.1,0.1,0.05,0.05,0.0,0.0,0.0,0.0,0.0,0.0,0.0,0.05,1,college_2,cs_semester,college_2,0
0.95,0.05,0.05,0.05,0.05,0.05,0.05,0.05,0.05,0.05,0.0,0.0,0.0,0.0,0.0,0.9,0,scientist_1,scientist_1,scientist_1,1
0.95,0.05,0.01,0.01,0.01,0.01,0.01,0.01,0.0,0.0,0.0,0.0,0.0,0.0,0.0,0.9,0,scientist_1,scientist_1,scientist_1,1
0.95,0.92,0.9,0.85,0.75,0.6,0.3,0.2,0.1,0.05,0.05,0.05,0.01,0.0,0.0,0.03,1,college_2,college_1,college_1,0
0.95,0.9,0.9,0.7,0.6,0.5,0.4,0.4,0.3,0.3,0.2,0.1,0.1,0.1,0.0,0.05,1,college_2,college_1,college_1,0
0.95,0.1,0.05,0.05,0.05,0.01,0.01,0.01,0.01,0.0,0.0,0.0,0.0,0.0,0.0,0.85,0,scientist_1,scientist_1,scientist_1,1
0.95,0.95,0.95,0.85,0.85,0.7,0.6,0.6,0.6,0.6,0.1,0.05,0.05,0.05,0.0,0.0,1,college_2,college_1,college_1,0
0.95,0.1,0.05,0.01,0.01,0.01,0.01,0.01,0.0,0.0,0.0,0.0,0.0,0.0,0.0,0.85,0,scientist_1,scientist_1,scientist_1,1
0.95,0.7,0.1,0.05,0.05,0.05,0.05,0.01,0.0,0.0,0.0,0.0,0.0,0.0,0.0,0.25,0,scientist_1,scientist_1,scientist_1,1
0.9,0.9,0.85,0.8,0.75,0.1,0.1,0.05,0.05,0.05,0.05,0.0,0.0,0.0,0.0,0.0,1,college_2,cs_semester,student_transcripts_tracking,0
0.85,0.8,0.7,0.65,0.6,0.4,0.3,0.2,0.2,0.1,0.1,0.0,0.0,0.0,0.0,0.05,1,college_2,cs_semester,student_transcripts_tracking,0
0.95,0.1,0.05,0.05,0.05,0.05,0.05,0.05,0.05,0.0,0.0,0.0,0.0,0.0,0.0,0.85,0,scientist_1,scientist_1,scientist_1,1
0.95,0.05,0.01,0.01,0.01,0.01,0.01,0.01,0.01,0.0,0.0,0.0,0.0,0.0,0.0,0.9,0,scientist_1,scientist_1,scientist_1,1
0.85,0.75,0.5,0.5,0.35,0.25,0.25,0.25,0.25,0.25,0.25,0.0,0.0,0.0,0.0,0.1,1,college_2,computer_student,college_2,0
0.95,0.9,0.85,0.1,0.05,0.05,0.05,0.05,0.05,0.05,0.05,0.0,0.0,0.0,0.0,0.05,1,ship_1,ship_mission,ship_mission,0
0.95,0.85,0.75,0.6,0.5,0.3,0.25,0.2,0.15,0.1,0.1,0.05,0.05,0.0,0.0,0.1,1,college_2,computer_student,college_2,0
0.9,0.85,0.75,0.6,0.5,0.3,0.2,0.2,0.15,0.1,0.1,0.0,0.0,0.0,0.0,0.05,1,candidate_poll,candidate_poll,activity_1,1
0.95,0.85,0.5,0.3,0.2,0.2,0.1,0.1,0.05,0.05,0.05,0.0,0.0,0.0,0.0,0.1,1,college_2,computer_student,college_2,0
0.85,0.8,0.75,0.7,0.7,0.65,0.6,0.6,0.55,0.5,0.5,0.45,0.0,0.0,0.0,0.05,1,candidate_poll,candidate_poll,candidate_poll,1
0.95,0.75,0.3,0.2,0.2,0.2,0.1,0.05,0.0,0.0,0.0,0.0,0.0,0.0,0.0,0.2,1,college_2,computer_student,college_2,0
0.95,0.05,0.04,0.03,0.02,0.01,0.01,0.01,0.01,0.0,0.0,0.0,0.0,0.0,0.0,0.9,0,candidate_poll,candidate_poll,candidate_poll,1
0.95,0.7,0.5,0.4,0.3,0.3,0.2,0.1,0.1,0.1,0.0,0.0,0.0,0.0,0.0,0.25,0,college_2,course_teach,college_2,0
0.95,0.05,0.03,0.02,0.02,0.01,0.01,0.01,0.01,0.0,0.0,0.0,0.0,0.0,0.0,0.9,0,candidate_poll,candidate_poll,candidate_poll,1
0.95,0.4,0.3,0.3,0.2,0.2,0.1,0.05,0.05,0.05,0.0,0.0,0.0,0.0,0.0,0.55,0,college_2,course_teach,college_2,0
0.9,0.89,0.88,0.85,0.75,0.2,0.1,0.0,0.0,0.0,0.0,0.0,0.0,0.0,0.0,0.01,1,candidate_poll,candidate_poll,body_builder,1
0.95,0.9,0.9,0.9,0.85,0.75,0.0,0.0,0.0,0.0,0.0,0.0,0.0,0.0,0.0,0.05,1,candidate_poll,candidate_poll,candidate_poll,1
1.0,0.0,0.0,0.0,0.0,0.0,0.0,0.0,0.0,0.0,0.0,0.0,0.0,0.0,0.0,1.0,0,candidate_poll,candidate_poll,candidate_poll,1
0.95,0.75,0.7,0.6,0.4,0.3,0.1,0.1,0.05,0.05,0.0,0.0,0.0,0.0,0.0,0.2,1,college_2,college_2,college_2,1
0.95,0.3,0.2,0.2,0.15,0.1,0.1,0.05,0.05,0.05,0.05,0.0,0.0,0.0,0.0,0.65,0,college_2,college_2,college_2,1
0.95,0.01,0.01,0.01,0.01,0.01,0.01,0.0,0.0,0.0,0.0,0.0,0.0,0.0,0.0,0.94,0,candidate_poll,candidate_poll,candidate_poll,1
0.95,0.3,0.25,0.2,0.15,0.15,0.1,0.05,0.05,0.05,0.0,0.0,0.0,0.0,0.0,0.65,0,college_2,college_2,college_2,1
0.95,0.3,0.25,0.2,0.15,0.15,0.1,0.05,0.05,0.0,0.0,0.0,0.0,0.0,0.0,0.65,0,college_2,college_2,college_2,1
0.95,0.9,0.9,0.9,0.7,0.7,0.0,0.0,0.0,0.0,0.0,0.0,0.0,0.0,0.0,0.05,1,candidate_poll,candidate_poll,candidate_poll,1
0.95,0.9,0.9,0.85,0.8,0.1,0.1,0.1,0.1,0.0,0.0,0.0,0.0,0.0,0.0,0.05,1,candidate_poll,candidate_poll,candidate_poll,1
0.95,0.15,0.1,0.1,0.1,0.05,0.05,0.01,0.01,0.01,0.0,0.0,0.0,0.0,0.0,0.8,0,college_2,college_2,college_2,1
0.95,0.93,0.92,0.9,0.05,0.03,0.02,0.01,0.0,0.0,0.0,0.0,0.0,0.0,0.0,0.02,1,candidate_poll,body_builder,body_builder,0
0.95,0.95,0.95,0.95,0.05,0.05,0.05,0.05,0.0,0.0,0.0,0.0,0.0,0.0,0.0,0.0,1,candidate_poll,body_builder,body_builder,0
0.95,0.95,0.9,0.9,0.0,0.0,0.0,0.0,0.0,0.0,0.0,0.0,0.0,0.0,0.0,0.0,1,candidate_poll,synthea,candidate_poll,0
0.95,0.85,0.75,0.7,0.65,0.6,0.2,0.1,0.1,0.1,0.05,0.05,0.0,0.0,0.0,0.1,1,college_2,cs_semester,college_2,0
0.85,0.8,0.75,0.7,0.65,0.6,0.6,0.4,0.3,0.2,0.2,0.2,0.1,0.1,0.1,0.05,1,college_2,cs_semester,student_transcripts_tracking,0
0.95,0.2,0.15,0.1,0.1,0.05,0.05,0.02,0.01,0.01,0.01,0.0,0.0,0.0,0.0,0.75,0,college_2,college_2,college_2,1
0.95,0.1,0.1,0.1,0.05,0.05,0.05,0.05,0.0,0.0,0.0,0.0,0.0,0.0,0.0,0.85,0,college_2,cs_semester,college_2,0
0.95,0.95,0.95,0.95,0.95,0.95,0.95,0.85,0.1,0.1,0.0,0.0,0.0,0.0,0.0,0.0,1,candidate_poll,company_employee,company_employee,0
0.8,0.7,0.3,0.2,0.2,0.1,0.1,0.0,0.0,0.0,0.0,0.0,0.0,0.0,0.0,0.1,1,college_2,cs_semester,college_2,0
0.85,0.75,0.6,0.6,0.6,0.6,0.6,0.6,0.0,0.0,0.0,0.0,0.0,0.0,0.0,0.1,1,card_games,card_games,customers_card_transactions,1
0.7,0.1,0.1,0.0,0.0,0.0,0.0,0.0,0.0,0.0,0.0,0.0,0.0,0.0,0.0,0.6,0,card_games,card_games,card_games,1
0.9,0.85,0.8,0.75,0.7,0.65,0.3,0.2,0.1,0.1,0.05,0.05,0.0,0.0,0.0,0.05,1,college_2,computer_student,college_2,0
0.85,0.85,0.85,0.05,0.05,0.05,0.05,0.05,0.05,0.05,0.05,0.05,0.05,0.05,0.05,0.0,1,card_games,card_games,card_games,1
0.9,0.85,0.8,0.75,0.7,0.0,0.0,0.0,0.0,0.0,0.0,0.0,0.0,0.0,0.0,0.05,1,college_2,computer_student,college_2,0
0.95,0.75,0.65,0.1,0.1,0.1,0.1,0.1,0.05,0.0,0.0,0.0,0.0,0.0,0.0,0.2,1,college_2,computer_student,college_2,0
0.7,0.6,0.3,0.2,0.1,0.1,0.1,0.05,0.05,0.05,0.05,0.05,0.05,0.05,0.05,0.1,1,card_games,language_corpus,sakila_1,0
0.95,0.85,0.65,0.4,0.3,0.3,0.2,0.2,0.2,0.1,0.1,0.05,0.0,0.0,0.0,0.1,1,college_2,computer_student,college_2,0
0.0,0.0,0.0,0.0,0.0,0.0,0.0,0.0,0.0,0.0,0.0,0.0,0.0,0.0,0.0,0.0,1,card_games,card_games,card_games,1
0.6,0.4,0.3,0.3,0.2,0.1,0.1,0.0,0.0,0.0,0.0,0.0,0.0,0.0,0.0,0.2,1,card_games,language_corpus,sakila_1,0
0.98,0.95,0.85,0.75,0.75,0.7,0.7,0.7,0.1,0.05,0.05,0.01,0.01,0.0,0.0,0.03,1,college_2,college_3,college_2,0
0.2,0.1,0.1,0.0,0.0,0.0,0.0,0.0,0.0,0.0,0.0,0.0,0.0,0.0,0.0,0.1,1,card_games,card_games,tv_shows,1
0.95,0.75,0.65,0.1,0.0,0.0,0.0,0.0,0.0,0.0,0.0,0.0,0.0,0.0,0.0,0.2,1,college_2,computer_student,college_2,0
0.95,0.3,0.25,0.2,0.15,0.15,0.1,0.05,0.05,0.05,0.05,0.05,0.0,0.0,0.0,0.65,0,college_2,college_2,college_2,1
0.0,0.0,0.0,0.0,0.0,0.0,0.0,0.0,0.0,0.0,0.0,0.0,0.0,0.0,0.0,0.0,1,card_games,card_games,card_games,1
0.95,0.25,0.2,0.2,0.15,0.15,0.1,0.05,0.05,0.0,0.0,0.0,0.0,0.0,0.0,0.7,0,college_2,computer_student,college_2,0
0.0,0.0,0.0,0.0,0.0,0.0,0.0,0.0,0.0,0.0,0.0,0.0,0.0,0.0,0.0,0.0,1,card_games,card_games,card_games,1
0.85,0.85,0.85,0.85,0.85,0.05,0.01,0.01,0.01,0.01,0.01,0.01,0.01,0.01,0.01,0.0,1,card_games,card_games,card_games,1
0.7,0.3,0.2,0.1,0.05,0.05,0.05,0.05,0.05,0.05,0.05,0.05,0.05,0.05,0.05,0.4,0,card_games,card_games,card_games,1
0.9,0.8,0.7,0.6,0.5,0.3,0.2,0.2,0.2,0.1,0.1,0.1,0.1,0.1,0.1,0.1,1,college_2,computer_student,college_2,0
0.95,0.85,0.75,0.3,0.15,0.1,0.1,0.1,0.1,0.1,0.05,0.0,0.0,0.0,0.0,0.1,1,college_2,computer_student,college_2,0
0.85,0.05,0.0,0.0,0.0,0.0,0.0,0.0,0.0,0.0,0.0,0.0,0.0,0.0,0.0,0.8,0,card_games,card_games,card_games,1
0.2,0.0,0.0,0.0,0.0,0.0,0.0,0.0,0.0,0.0,0.0,0.0,0.0,0.0,0.0,0.2,0,card_games,card_games,battle_death,1
0.95,0.8,0.8,0.7,0.7,0.6,0.2,0.1,0.0,0.0,0.0,0.0,0.0,0.0,0.0,0.15,1,college_2,student_1,college_2,0
0.95,0.0,0.0,0.0,0.0,0.0,0.0,0.0,0.0,0.0,0.0,0.0,0.0,0.0,0.0,0.95,0,card_games,card_games,card_games,1
0.95,0.8,0.75,0.7,0.0,0.0,0.0,0.0,0.0,0.0,0.0,0.0,0.0,0.0,0.0,0.15,1,college_2,student_1,college_2,0
0.95,0.85,0.75,0.7,0.6,0.2,0.1,0.05,0.0,0.0,0.0,0.0,0.0,0.0,0.0,0.1,1,college_2,computer_student,college_2,0
0.95,0.85,0.75,0.65,0.6,0.6,0.6,0.6,0.6,0.4,0.2,0.1,0.1,0.0,0.0,0.1,1,college_2,college_3,college_2,0
0.85,0.05,0.05,0.05,0.05,0.05,0.05,0.05,0.05,0.05,0.05,0.05,0.05,0.05,0.05,0.8,0,card_games,card_games,card_games,1
0.2,0.1,0.1,0.1,0.1,0.1,0.1,0.01,0.01,0.01,0.01,0.01,0.01,0.01,0.01,0.1,1,card_games,card_games,customers_card_transactions,1
0.95,0.6,0.4,0.3,0.2,0.1,0.1,0.1,0.1,0.05,0.05,0.05,0.0,0.0,0.0,0.35,0,college_2,student_1,college_2,0
0.7,0.6,0.2,0.0,0.0,0.0,0.0,0.0,0.0,0.0,0.0,0.0,0.0,0.0,0.0,0.1,1,card_games,card_games,scholar,1
0.95,0.6,0.2,0.15,0.1,0.1,0.05,0.05,0.05,0.0,0.0,0.0,0.0,0.0,0.0,0.35,0,college_2,cs_semester,college_2,0
0.95,0.0,0.0,0.0,0.0,0.0,0.0,0.0,0.0,0.0,0.0,0.0,0.0,0.0,0.0,0.95,0,card_games,card_games,card_games,1
0.95,0.9,0.85,0.1,0.05,0.02,0.01,0.01,0.01,0.0,0.0,0.0,0.0,0.0,0.0,0.05,1,college_2,college_1,college_1,0
0.95,0.7,0.6,0.2,0.1,0.1,0.05,0.05,0.05,0.05,0.05,0.05,0.0,0.0,0.0,0.25,0,college_2,department_management,college_2,0
0.8,0.1,0.05,0.05,0.05,0.05,0.05,0.05,0.05,0.05,0.05,0.05,0.05,0.05,0.05,0.7,0,card_games,card_games,card_games,1
0.95,0.85,0.3,0.2,0.1,0.1,0.1,0.1,0.05,0.05,0.05,0.0,0.0,0.0,0.0,0.1,1,college_2,college_1,college_2,0
0.6,0.3,0.1,0.1,0.1,0.1,0.1,0.1,0.1,0.1,0.1,0.05,0.05,0.05,0.05,0.3,0,card_games,card_games,card_games,1
0.7,0.1,0.1,0.05,0.05,0.05,0.05,0.05,0.05,0.05,0.05,0.05,0.05,0.05,0.05,0.6,0,card_games,card_games,card_games,1
0.95,0.85,0.75,0.65,0.3,0.2,0.15,0.1,0.1,0.1,0.05,0.05,0.0,0.0,0.0,0.1,1,college_2,department_management,college_2,0
0.95,0.85,0.75,0.0,0.0,0.0,0.0,0.0,0.0,0.0,0.0,0.0,0.0,0.0,0.0,0.1,1,college_2,cs_semester,college_2,0
0.95,0.75,0.65,0.0,0.0,0.0,0.0,0.0,0.0,0.0,0.0,0.0,0.0,0.0,0.0,0.2,1,college_2,cs_semester,college_2,0
0.7,0.6,0.3,0.2,0.2,0.1,0.1,0.1,0.05,0.05,0.05,0.05,0.05,0.05,0.05,0.1,1,card_games,card_games,card_games,1
0.7,0.7,0.5,0.4,0.3,0.2,0.2,0.1,0.1,0.1,0.1,0.1,0.1,0.1,0.1,0.0,1,card_games,card_games,card_games,1
0.0,0.0,0.0,0.0,0.0,0.0,0.0,0.0,0.0,0.0,0.0,0.0,0.0,0.0,0.0,0.0,1,card_games,card_games,card_games,1
0.85,0.8,0.75,0.7,0.7,0.65,0.6,0.55,0.55,0.55,0.5,0.05,0.0,0.0,0.0,0.05,1,college_2,student_transcripts_tracking,student_transcripts_tracking,0
0.8,0.8,0.8,0.7,0.7,0.7,0.6,0.6,0.6,0.6,0.5,0.1,0.0,0.0,0.0,0.0,1,college_2,student_1,student_transcripts_tracking,0
0.85,0.05,0.05,0.05,0.05,0.05,0.05,0.05,0.05,0.05,0.05,0.05,0.05,0.05,0.05,0.8,0,card_games,card_games,card_games,1
0.7,0.2,0.1,0.1,0.1,0.1,0.1,0.1,0.1,0.05,0.05,0.05,0.05,0.05,0.05,0.5,0,card_games,card_games,card_games,1
0.85,0.05,0.05,0.05,0.05,0.05,0.05,0.05,0.05,0.05,0.05,0.05,0.05,0.05,0.05,0.8,0,card_games,card_games,card_games,1
0.95,0.95,0.9,0.85,0.2,0.1,0.1,0.05,0.05,0.05,0.05,0.05,0.05,0.0,0.0,0.0,1,college_2,college_1,college_1,0
0.95,0.85,0.75,0.7,0.7,0.6,0.3,0.2,0.2,0.1,0.1,0.1,0.0,0.0,0.0,0.1,1,college_2,college_2,college_2,1
0.6,0.4,0.2,0.2,0.2,0.1,0.1,0.1,0.1,0.1,0.1,0.1,0.1,0.1,0.1,0.2,1,card_games,card_games,card_games,1
0.95,0.6,0.4,0.3,0.2,0.1,0.1,0.1,0.1,0.1,0.1,0.05,0.0,0.0,0.0,0.35,0,college_2,college_2,college_2,1
0.95,0.95,0.9,0.7,0.1,0.1,0.1,0.1,0.1,0.05,0.05,0.05,0.05,0.0,0.0,0.0,1,college_2,college_1,college_1,0
0.7,0.3,0.2,0.1,0.1,0.1,0.1,0.1,0.1,0.1,0.05,0.05,0.05,0.05,0.05,0.4,0,card_games,card_games,sing_contest,1
0.95,0.7,0.6,0.5,0.4,0.3,0.0,0.0,0.0,0.0,0.0,0.0,0.0,0.0,0.0,0.25,0,college_2,cs_semester,college_2,0
0.85,0.2,0.05,0.05,0.05,0.05,0.05,0.05,0.05,0.05,0.05,0.05,0.05,0.05,0.01,0.65,0,card_games,card_games,card_games,1
0.9,0.1,0.05,0.05,0.0,0.0,0.0,0.0,0.0,0.0,0.0,0.0,0.0,0.0,0.0,0.8,0,college_2,cs_semester,college_2,0
0.85,0.05,0.0,0.0,0.0,0.0,0.0,0.0,0.0,0.0,0.0,0.0,0.0,0.0,0.0,0.8,0,card_games,card_games,card_games,1
0.95,0.1,0.1,0.05,0.05,0.05,0.05,0.05,0.05,0.05,0.05,0.05,0.05,0.05,0.05,0.85,0,card_games,card_games,card_games,1
0.85,0.1,0.0,0.0,0.0,0.0,0.0,0.0,0.0,0.0,0.0,0.0,0.0,0.0,0.0,0.75,0,card_games,card_games,card_games,1
0.95,0.9,0.85,0.75,0.7,0.65,0.55,0.45,0.4,0.35,0.3,0.1,0.0,0.0,0.0,0.05,1,college_2,college_3,college_3,0
0.95,0.9,0.9,0.85,0.7,0.2,0.2,0.2,0.2,0.2,0.15,0.1,0.0,0.0,0.0,0.05,1,college_2,student_transcripts_tracking,college_3,0
0.8,0.1,0.0,0.0,0.0,0.0,0.0,0.0,0.0,0.0,0.0,0.0,0.0,0.0,0.0,0.7,0,card_games,card_games,language_corpus,1
0.95,0.3,0.2,0.1,0.1,0.05,0.05,0.0,0.0,0.0,0.0,0.0,0.0,0.0,0.0,0.65,0,college_2,college_2,college_2,1
0.95,0.6,0.5,0.3,0.1,0.1,0.1,0.05,0.05,0.05,0.05,0.05,0.05,0.0,0.0,0.35,0,college_2,college_2,college_2,1
0.7,0.1,0.0,0.0,0.0,0.0,0.0,0.0,0.0,0.0,0.0,0.0,0.0,0.0,0.0,0.6,0,card_games,card_games,card_games,1
0.9,0.85,0.75,0.7,0.1,0.1,0.1,0.05,0.05,0.05,0.05,0.05,0.05,0.0,0.0,0.05,1,college_2,college_1,college_2,0
0.2,0.0,0.0,0.0,0.0,0.0,0.0,0.0,0.0,0.0,0.0,0.0,0.0,0.0,0.0,0.2,0,card_games,card_games,products_gen_characteristics,1
0.9,0.85,0.75,0.6,0.5,0.3,0.1,0.1,0.1,0.05,0.05,0.05,0.05,0.0,0.0,0.05,1,college_2,cs_semester,college_2,0
0.7,0.7,0.7,0.7,0.7,0.7,0.0,0.0,0.0,0.0,0.0,0.0,0.0,0.0,0.0,0.0,1,card_games,card_games,card_games,1
0.95,0.85,0.8,0.1,0.1,0.05,0.0,0.0,0.0,0.0,0.0,0.0,0.0,0.0,0.0,0.1,1,college_2,cs_semester,college_2,0
0.95,0.75,0.7,0.6,0.5,0.3,0.2,0.1,0.1,0.05,0.05,0.05,0.0,0.0,0.0,0.2,1,college_2,cs_semester,college_2,0
0.85,0.0,0.0,0.0,0.0,0.0,0.0,0.0,0.0,0.0,0.0,0.0,0.0,0.0,0.0,0.85,0,card_games,card_games,card_games,1
0.3,0.3,0.2,0.2,0.0,0.0,0.0,0.0,0.0,0.0,0.0,0.0,0.0,0.0,0.0,0.0,1,card_games,card_games,imdb,1
0.7,0.2,0.1,0.1,0.1,0.1,0.1,0.1,0.1,0.1,0.1,0.1,0.1,0.1,0.1,0.5,0,card_games,card_games,card_games,1
0.95,0.85,0.8,0.7,0.6,0.5,0.4,0.3,0.2,0.2,0.1,0.1,0.05,0.0,0.0,0.1,1,college_2,course_teach,college_2,0
0.85,0.1,0.05,0.0,0.0,0.0,0.0,0.0,0.0,0.0,0.0,0.0,0.0,0.0,0.0,0.75,0,card_games,card_games,card_games,1
0.95,0.7,0.7,0.6,0.5,0.4,0.3,0.3,0.1,0.1,0.1,0.1,0.1,0.0,0.0,0.25,0,college_2,course_teach,college_2,0
0.2,0.1,0.1,0.0,0.0,0.0,0.0,0.0,0.0,0.0,0.0,0.0,0.0,0.0,0.0,0.1,1,card_games,card_games,art_1,1
0.95,0.7,0.7,0.7,0.7,0.0,0.0,0.0,0.0,0.0,0.0,0.0,0.0,0.0,0.0,0.25,0,college_2,computer_student,college_2,0
0.85,0.1,0.05,0.0,0.0,0.0,0.0,0.0,0.0,0.0,0.0,0.0,0.0,0.0,0.0,0.75,0,card_games,card_games,card_games,1
0.9,0.85,0.8,0.75,0.7,0.6,0.1,0.1,0.05,0.05,0.0,0.0,0.0,0.0,0.0,0.05,1,college_2,course_teach,college_2,0
0.9,0.85,0.8,0.75,0.7,0.7,0.65,0.6,0.6,0.5,0.4,0.0,0.0,0.0,0.0,0.05,1,college_2,student_1,college_2,0
0.95,0.0,0.0,0.0,0.0,0.0,0.0,0.0,0.0,0.0,0.0,0.0,0.0,0.0,0.0,0.95,0,card_games,card_games,card_games,1
0.95,0.9,0.85,0.75,0.7,0.65,0.1,0.1,0.05,0.05,0.05,0.0,0.0,0.0,0.0,0.05,1,college_2,student_1,college_2,0
0.9,0.85,0.1,0.05,0.01,0.01,0.01,0.01,0.01,0.01,0.01,0.01,0.01,0.01,0.01,0.05,1,card_games,card_games,image_and_language,1
0.9,0.85,0.8,0.75,0.2,0.1,0.0,0.0,0.0,0.0,0.0,0.0,0.0,0.0,0.0,0.05,1,college_2,icfp_1,college_2,0
0.9,0.8,0.75,0.7,0.6,0.3,0.2,0.1,0.05,0.05,0.05,0.05,0.0,0.0,0.0,0.1,1,college_2,student_1,college_2,0
0.1,0.0,0.0,0.0,0.0,0.0,0.0,0.0,0.0,0.0,0.0,0.0,0.0,0.0,0.0,0.1,1,card_games,card_games,sakila_1,1
0.95,0.85,0.7,0.4,0.3,0.2,0.1,0.0,0.0,0.0,0.0,0.0,0.0,0.0,0.0,0.1,1,college_2,cs_semester,college_2,0
0.7,0.1,0.0,0.0,0.0,0.0,0.0,0.0,0.0,0.0,0.0,0.0,0.0,0.0,0.0,0.6,0,card_games,card_games,card_games,1
0.85,0.7,0.0,0.0,0.0,0.0,0.0,0.0,0.0,0.0,0.0,0.0,0.0,0.0,0.0,0.15,1,card_games,card_games,customers_card_transactions,1
0.85,0.75,0.15,0.1,0.1,0.05,0.05,0.0,0.0,0.0,0.0,0.0,0.0,0.0,0.0,0.1,1,college_2,cs_semester,college_2,0
0.7,0.0,0.0,0.0,0.0,0.0,0.0,0.0,0.0,0.0,0.0,0.0,0.0,0.0,0.0,0.7,0,card_games,card_games,sakila_1,1
0.95,0.85,0.15,0.1,0.05,0.05,0.0,0.0,0.0,0.0,0.0,0.0,0.0,0.0,0.0,0.1,1,college_2,cs_semester,college_2,0
0.3,0.0,0.0,0.0,0.0,0.0,0.0,0.0,0.0,0.0,0.0,0.0,0.0,0.0,0.0,0.3,0,card_games,card_games,sakila_1,1
0.95,0.0,0.0,0.0,0.0,0.0,0.0,0.0,0.0,0.0,0.0,0.0,0.0,0.0,0.0,0.95,0,college_2,computer_student,college_2,0
0.7,0.1,0.1,0.1,0.1,0.1,0.1,0.1,0.1,0.05,0.05,0.05,0.05,0.05,0.05,0.6,0,card_games,card_games,card_games,1
0.85,0.75,0.2,0.2,0.1,0.05,0.05,0.0,0.0,0.0,0.0,0.0,0.0,0.0,0.0,0.1,1,college_2,cs_semester,student_transcripts_tracking,0
0.7,0.0,0.0,0.0,0.0,0.0,0.0,0.0,0.0,0.0,0.0,0.0,0.0,0.0,0.0,0.7,0,card_games,card_games,card_games,1
0.85,0.05,0.05,0.05,0.05,0.05,0.05,0.05,0.05,0.05,0.05,0.05,0.05,0.05,0.05,0.8,0,card_games,card_games,card_games,1
0.95,0.6,0.2,0.2,0.15,0.1,0.1,0.1,0.05,0.05,0.05,0.0,0.0,0.0,0.0,0.35,0,college_2,cs_semester,college_2,0
0.95,0.0,0.0,0.0,0.0,0.0,0.0,0.0,0.0,0.0,0.0,0.0,0.0,0.0,0.0,0.95,0,college_2,cs_semester,college_2,0
0.95,0.8,0.7,0.6,0.1,0.1,0.0,0.0,0.0,0.0,0.0,0.0,0.0,0.0,0.0,0.15,1,college_2,cs_semester,college_2,0
0.75,0.6,0.05,0.05,0.05,0.05,0.05,0.05,0.05,0.05,0.05,0.05,0.05,0.05,0.05,0.15,1,card_games,card_games,tv_shows,1
0.0,0.0,0.0,0.0,0.0,0.0,0.0,0.0,0.0,0.0,0.0,0.0,0.0,0.0,0.0,0.0,1,card_games,card_games,card_games,1
0.7,0.7,0.1,0.1,0.1,0.1,0.1,0.1,0.1,0.1,0.1,0.05,0.05,0.05,0.05,0.0,1,card_games,card_games,movie_2,1
0.95,0.4,0.3,0.2,0.2,0.1,0.1,0.05,0.0,0.0,0.0,0.0,0.0,0.0,0.0,0.55,0,college_2,cs_semester,college_2,0
0.95,0.3,0.2,0.1,0.1,0.0,0.0,0.0,0.0,0.0,0.0,0.0,0.0,0.0,0.0,0.65,0,college_2,cs_semester,college_2,0
0.7,0.0,0.0,0.0,0.0,0.0,0.0,0.0,0.0,0.0,0.0,0.0,0.0,0.0,0.0,0.7,0,card_games,card_games,card_games,1
0.9,0.85,0.75,0.7,0.65,0.5,0.4,0.35,0.3,0.2,0.0,0.0,0.0,0.0,0.0,0.05,1,college_2,company_1,hr_1,0
0.7,0.15,0.1,0.05,0.0,0.0,0.0,0.0,0.0,0.0,0.0,0.0,0.0,0.0,0.0,0.55,0,card_games,card_games,card_games,1
0.1,0.0,0.0,0.0,0.0,0.0,0.0,0.0,0.0,0.0,0.0,0.0,0.0,0.0,0.0,0.1,1,card_games,card_games,manufactory_1,1
0.95,0.9,0.85,0.1,0.05,0.05,0.05,0.05,0.05,0.05,0.0,0.0,0.0,0.0,0.0,0.05,1,college_2,company_1,company_1,0
0.95,0.2,0.1,0.0,0.0,0.0,0.0,0.0,0.0,0.0,0.0,0.0,0.0,0.0,0.0,0.75,0,college_2,cs_semester,college_2,0
0.2,0.1,0.1,0.1,0.1,0.1,0.1,0.05,0.05,0.05,0.05,0.05,0.05,0.05,0.05,0.1,1,card_games,card_games,customers_card_transactions,1
0.95,0.85,0.75,0.5,0.0,0.0,0.0,0.0,0.0,0.0,0.0,0.0,0.0,0.0,0.0,0.1,1,college_2,cs_semester,college_2,0
0.0,0.0,0.0,0.0,0.0,0.0,0.0,0.0,0.0,0.0,0.0,0.0,0.0,0.0,0.0,0.0,1,card_games,card_games,card_games,1
0.85,0.85,0.85,0.0,0.0,0.0,0.0,0.0,0.0,0.0,0.0,0.0,0.0,0.0,0.0,0.0,1,card_games,card_games,card_games,1
0.95,0.6,0.5,0.0,0.0,0.0,0.0,0.0,0.0,0.0,0.0,0.0,0.0,0.0,0.0,0.35,0,college_2,cs_semester,college_2,0
0.85,0.1,0.0,0.0,0.0,0.0,0.0,0.0,0.0,0.0,0.0,0.0,0.0,0.0,0.0,0.75,0,card_games,card_games,card_games,1
0.95,0.0,0.0,0.0,0.0,0.0,0.0,0.0,0.0,0.0,0.0,0.0,0.0,0.0,0.0,0.95,0,college_2,cs_semester,college_2,0
0.95,0.05,0.05,0.01,0.01,0.01,0.01,0.01,0.01,0.01,0.01,0.01,0.01,0.0,0.0,0.9,0,college_3,college_3,college_3,1
0.8,0.1,0.05,0.05,0.0,0.0,0.0,0.0,0.0,0.0,0.0,0.0,0.0,0.0,0.0,0.7,0,card_games,card_games,card_games,1
0.85,0.15,0.1,0.05,0.05,0.01,0.01,0.01,0.01,0.01,0.01,0.01,0.0,0.0,0.0,0.7,0,college_3,college_3,college_3,1
0.85,0.0,0.0,0.0,0.0,0.0,0.0,0.0,0.0,0.0,0.0,0.0,0.0,0.0,0.0,0.85,0,card_games,card_games,card_games,1
0.8,0.0,0.0,0.0,0.0,0.0,0.0,0.0,0.0,0.0,0.0,0.0,0.0,0.0,0.0,0.8,0,card_games,card_games,country_language,1
0.85,0.05,0.05,0.0,0.0,0.0,0.0,0.0,0.0,0.0,0.0,0.0,0.0,0.0,0.0,0.8,0,card_games,card_games,card_games,1
0.95,0.05,0.05,0.01,0.01,0.01,0.01,0.01,0.01,0.01,0.01,0.01,0.0,0.0,0.0,0.9,0,college_3,college_3,college_3,1
0.85,0.75,0.7,0.65,0.6,0.55,0.5,0.4,0.35,0.3,0.2,0.1,0.1,0.0,0.0,0.1,1,college_3,company_1,department_management,0
0.6,0.2,0.1,0.1,0.0,0.0,0.0,0.0,0.0,0.0,0.0,0.0,0.0,0.0,0.0,0.4,0,card_games,card_games,imdb,1
0.95,0.05,0.0,0.0,0.0,0.0,0.0,0.0,0.0,0.0,0.0,0.0,0.0,0.0,0.0,0.9,0,college_3,college_3,college_3,1
0.85,0.0,0.0,0.0,0.0,0.0,0.0,0.0,0.0,0.0,0.0,0.0,0.0,0.0,0.0,0.85,0,card_games,card_games,card_games,1
0.85,0.75,0.65,0.55,0.15,0.05,0.05,0.05,0.05,0.05,0.0,0.0,0.0,0.0,0.0,0.1,1,college_3,college_3,college_3,1
0.95,0.95,0.9,0.85,0.8,0.8,0.75,0.7,0.6,0.1,0.05,0.05,0.05,0.05,0.0,0.0,1,college_3,department_management,department_management,0
0.1,0.0,0.0,0.0,0.0,0.0,0.0,0.0,0.0,0.0,0.0,0.0,0.0,0.0,0.0,0.1,1,card_games,card_games,world_1,1
0.85,0.7,0.65,0.2,0.05,0.0,0.0,0.0,0.0,0.0,0.0,0.0,0.0,0.0,0.0,0.15,1,college_3,protein_institute,college_2,0
0.9,0.85,0.8,0.8,0.75,0.7,0.6,0.3,0.2,0.1,0.1,0.0,0.0,0.0,0.0,0.05,1,college_3,e_learning,e_learning,0
0.2,0.1,0.1,0.1,0.1,0.05,0.05,0.05,0.05,0.05,0.05,0.05,0.05,0.05,0.05,0.1,1,card_games,card_games,poker_player,1
0.2,0.1,0.1,0.05,0.05,0.05,0.05,0.05,0.05,0.05,0.05,0.05,0.05,0.05,0.05,0.1,1,card_games,card_games,country_language,1
0.85,0.05,0.0,0.0,0.0,0.0,0.0,0.0,0.0,0.0,0.0,0.0,0.0,0.0,0.0,0.8,0,card_games,card_games,card_games,1
0.9,0.85,0.85,0.85,0.8,0.8,0.1,0.1,0.1,0.1,0.05,0.0,0.0,0.0,0.0,0.05,1,college_3,cs_semester,college_3,0
0.95,0.9,0.85,0.8,0.75,0.2,0.15,0.1,0.1,0.05,0.05,0.05,0.05,0.0,0.0,0.05,1,college_3,course_teach,college_2,0
0.7,0.1,0.1,0.1,0.1,0.05,0.05,0.05,0.05,0.05,0.05,0.05,0.0,0.0,0.0,0.6,0,card_games,card_games,card_games,1
0.0,0.0,0.0,0.0,0.0,0.0,0.0,0.0,0.0,0.0,0.0,0.0,0.0,0.0,0.0,0.0,1,card_games,card_games,card_games,1
0.98,0.95,0.9,0.85,0.7,0.0,0.0,0.0,0.0,0.0,0.0,0.0,0.0,0.0,0.0,0.03,1,college_3,computer_student,college_2,0
0.85,0.0,0.0,0.0,0.0,0.0,0.0,0.0,0.0,0.0,0.0,0.0,0.0,0.0,0.0,0.85,0,card_games,card_games,card_games,1
0.0,0.0,0.0,0.0,0.0,0.0,0.0,0.0,0.0,0.0,0.0,0.0,0.0,0.0,0.0,0.0,1,card_games,card_games,card_games,1
0.95,0.85,0.7,0.6,0.3,0.2,0.15,0.1,0.1,0.1,0.05,0.05,0.0,0.0,0.0,0.1,1,college_3,college_1,college_1,0
0.9,0.85,0.75,0.7,0.2,0.15,0.1,0.1,0.1,0.1,0.05,0.05,0.05,0.0,0.0,0.05,1,college_3,college_1,college_2,0
0.95,0.9,0.85,0.8,0.8,0.75,0.7,0.1,0.1,0.05,0.05,0.05,0.05,0.0,0.0,0.05,1,college_3,student_1,college_2,0
0.9,0.85,0.8,0.7,0.65,0.6,0.5,0.4,0.25,0.2,0.15,0.15,0.1,0.0,0.0,0.05,1,college_3,college_3,college_3,1
0.2,0.15,0.15,0.15,0.1,0.1,0.1,0.05,0.0,0.0,0.0,0.0,0.0,0.0,0.0,0.05,1,card_games,card_games,sakila_1,1
0.95,0.95,0.9,0.85,0.8,0.75,0.7,0.15,0.1,0.1,0.05,0.05,0.0,0.0,0.0,0.0,1,college_3,college_3,college_3,1
0.85,0.0,0.0,0.0,0.0,0.0,0.0,0.0,0.0,0.0,0.0,0.0,0.0,0.0,0.0,0.85,0,card_games,card_games,card_games,1
0.7,0.0,0.0,0.0,0.0,0.0,0.0,0.0,0.0,0.0,0.0,0.0,0.0,0.0,0.0,0.7,0,card_games,card_games,card_games,1
0.7,0.7,0.7,0.7,0.7,0.7,0.7,0.7,0.7,0.0,0.0,0.0,0.0,0.0,0.0,0.0,1,card_games,card_games,card_games,1
0.95,0.85,0.7,0.6,0.4,0.3,0.2,0.15,0.1,0.1,0.1,0.05,0.0,0.0,0.0,0.1,1,college_3,cs_semester,college_3,0
0.05,0.0,0.0,0.0,0.0,0.0,0.0,0.0,0.0,0.0,0.0,0.0,0.0,0.0,0.0,0.05,1,card_games,card_games,formula_1,1
0.4,0.3,0.2,0.1,0.1,0.1,0.1,0.1,0.1,0.1,0.1,0.1,0.05,0.05,0.05,0.1,1,card_games,card_games,tv_shows,1
0.2,0.2,0.1,0.1,0.1,0.1,0.1,0.1,0.1,0.1,0.1,0.1,0.1,0.1,0.1,0.0,1,card_games,card_games,tvshow,1
0.95,0.75,0.6,0.2,0.05,0.05,0.01,0.01,0.01,0.01,0.01,0.01,0.0,0.0,0.0,0.2,1,college_3,college_3,college_3,1
0.9,0.85,0.75,0.65,0.55,0.45,0.3,0.2,0.15,0.1,0.1,0.05,0.05,0.0,0.0,0.05,1,college_3,course_teach,college_2,0
0.95,0.1,0.1,0.05,0.05,0.05,0.05,0.05,0.05,0.05,0.0,0.0,0.0,0.0,0.0,0.85,0,college_3,college_3,college_3,1
0.6,0.3,0.3,0.2,0.2,0.2,0.2,0.1,0.1,0.1,0.1,0.1,0.1,0.1,0.1,0.3,0,card_games,card_games,art_1,1
0.7,0.1,0.0,0.0,0.0,0.0,0.0,0.0,0.0,0.0,0.0,0.0,0.0,0.0,0.0,0.6,0,card_games,card_games,card_games,1
0.7,0.7,0.7,0.7,0.7,0.7,0.7,0.7,0.2,0.2,0.1,0.1,0.05,0.05,0.05,0.0,1,card_games,card_games,card_games,1
0.95,0.1,0.05,0.05,0.05,0.05,0.05,0.05,0.05,0.01,0.01,0.01,0.0,0.0,0.0,0.85,0,college_3,college_3,college_3,1
0.95,0.75,0.7,0.6,0.2,0.1,0.1,0.1,0.05,0.05,0.05,0.0,0.0,0.0,0.0,0.2,1,college_3,college_3,college_3,1
0.85,0.05,0.05,0.0,0.0,0.0,0.0,0.0,0.0,0.0,0.0,0.0,0.0,0.0,0.0,0.8,0,card_games,card_games,card_games,1
0.95,0.9,0.85,0.7,0.2,0.15,0.1,0.1,0.1,0.1,0.1,0.05,0.0,0.0,0.0,0.05,1,college_3,college_3,college_3,1
0.95,0.75,0.7,0.1,0.1,0.05,0.05,0.05,0.0,0.0,0.0,0.0,0.0,0.0,0.0,0.2,1,college_3,protein_institute,college_2,0
0.0,0.0,0.0,0.0,0.0,0.0,0.0,0.0,0.0,0.0,0.0,0.0,0.0,0.0,0.0,0.0,1,card_games,card_games,card_games,1
0.95,0.9,0.9,0.85,0.85,0.75,0.75,0.75,0.75,0.75,0.7,0.7,0.65,0.0,0.0,0.05,1,college_3,student_1,college_3,0
0.95,0.85,0.8,0.75,0.15,0.1,0.1,0.1,0.05,0.05,0.05,0.05,0.0,0.0,0.0,0.1,1,college_3,college_3,college_3,1
0.2,0.1,0.1,0.0,0.0,0.0,0.0,0.0,0.0,0.0,0.0,0.0,0.0,0.0,0.0,0.1,1,card_games,card_games,csu_1,1
0.7,0.1,0.0,0.0,0.0,0.0,0.0,0.0,0.0,0.0,0.0,0.0,0.0,0.0,0.0,0.6,0,card_games,card_games,card_games,1
0.9,0.85,0.8,0.75,0.7,0.65,0.6,0.6,0.6,0.6,0.6,0.5,0.4,0.0,0.0,0.05,1,college_3,student_1,online_exams,0
0.7,0.2,0.1,0.0,0.0,0.0,0.0,0.0,0.0,0.0,0.0,0.0,0.0,0.0,0.0,0.5,0,card_games,card_games,scholar,1
0.85,0.75,0.7,0.65,0.6,0.5,0.45,0.4,0.35,0.3,0.2,0.1,0.0,0.0,0.0,0.1,1,college_3,address_1,college_3,0
0.85,0.0,0.0,0.0,0.0,0.0,0.0,0.0,0.0,0.0,0.0,0.0,0.0,0.0,0.0,0.85,0,card_games,card_games,card_games,1
0.7,0.6,0.5,0.4,0.2,0.1,0.1,0.1,0.1,0.05,0.05,0.05,0.0,0.0,0.0,0.1,1,college_3,address_1,college_3,0
0.85,0.75,0.1,0.0,0.0,0.0,0.0,0.0,0.0,0.0,0.0,0.0,0.0,0.0,0.0,0.1,1,college_3,cs_semester,college_3,0
0.85,0.01,0.01,0.01,0.01,0.01,0.01,0.01,0.01,0.01,0.01,0.01,0.01,0.01,0.01,0.84,0,card_games,card_games,card_games,1
0.85,0.75,0.6,0.2,0.1,0.1,0.1,0.05,0.05,0.0,0.0,0.0,0.0,0.0,0.0,0.1,1,card_games,language_corpus,sing_contest,0
0.6,0.4,0.3,0.05,0.05,0.05,0.05,0.05,0.05,0.05,0.05,0.05,0.05,0.05,0.05,0.2,1,card_games,card_games,customers_card_transactions,1
0.9,0.85,0.2,0.0,0.0,0.0,0.0,0.0,0.0,0.0,0.0,0.0,0.0,0.0,0.0,0.05,1,college_3,cs_semester,college_2,0
0.85,0.75,0.4,0.3,0.25,0.2,0.15,0.15,0.1,0.1,0.1,0.05,0.05,0.0,0.0,0.1,1,college_3,company_1,college_3,0
0.85,0.85,0.4,0.3,0.3,0.2,0.2,0.2,0.15,0.1,0.05,0.0,0.0,0.0,0.0,0.0,1,chinook_1,chinook_1,chinook_1,1
0.95,0.9,0.85,0.8,0.75,0.7,0.65,0.6,0.55,0.5,0.4,0.2,0.1,0.0,0.0,0.05,1,college_3,company_1,college_3,0
0.85,0.8,0.8,0.75,0.75,0.7,0.7,0.7,0.7,0.7,0.7,0.1,0.0,0.0,0.0,0.05,1,college_3,student_1,student_transcripts_tracking,0
0.85,0.75,0.6,0.3,0.2,0.1,0.1,0.0,0.0,0.0,0.0,0.0,0.0,0.0,0.0,0.1,1,academic,academic,academic,1
0.9,0.8,0.7,0.6,0.5,0.5,0.4,0.2,0.1,0.1,0.0,0.0,0.0,0.0,0.0,0.1,1,chinook_1,human_resources,hr_1,0
0.85,0.85,0.75,0.75,0.7,0.65,0.65,0.65,0.1,0.05,0.0,0.0,0.0,0.0,0.0,0.0,1,chinook_1,store_1,store_1,0
0.95,0.9,0.9,0.85,0.8,0.8,0.75,0.75,0.75,0.7,0.7,0.6,0.0,0.0,0.0,0.05,1,college_3,student_loan,student_transcripts_tracking,0
0.95,0.9,0.85,0.1,0.05,0.05,0.05,0.0,0.0,0.0,0.0,0.0,0.0,0.0,0.0,0.05,1,academic,scholar,scholar,0
0.95,0.95,0.9,0.9,0.85,0.0,0.0,0.0,0.0,0.0,0.0,0.0,0.0,0.0,0.0,0.0,1,chinook_1,human_resources,store_1,0
0.85,0.75,0.65,0.5,0.2,0.1,0.05,0.0,0.0,0.0,0.0,0.0,0.0,0.0,0.0,0.1,1,academic,academic,academic,1
0.95,0.85,0.75,0.7,0.65,0.55,0.3,0.1,0.1,0.05,0.05,0.0,0.0,0.0,0.0,0.1,1,college_3,college_3,college_3,1
0.9,0.85,0.85,0.8,0.8,0.75,0.7,0.65,0.6,0.5,0.4,0.3,0.2,0.0,0.0,0.05,1,company_1,company_1,hr_1,1
0.9,0.8,0.7,0.4,0.3,0.3,0.2,0.1,0.0,0.0,0.0,0.0,0.0,0.0,0.0,0.1,1,chinook_1,human_resources,employee_hire_evaluation,0
0.98,0.95,0.85,0.75,0.7,0.6,0.5,0.3,0.2,0.0,0.0,0.0,0.0,0.0,0.0,0.03,1,company_1,human_resources,hr_1,0
0.95,0.9,0.85,0.7,0.3,0.05,0.0,0.0,0.0,0.0,0.0,0.0,0.0,0.0,0.0,0.05,1,chinook_1,human_resources,address_1,0
0.85,0.8,0.6,0.5,0.4,0.05,0.05,0.0,0.0,0.0,0.0,0.0,0.0,0.0,0.0,0.05,1,academic,academic,academic,1
0.95,0.9,0.7,0.6,0.05,0.0,0.0,0.0,0.0,0.0,0.0,0.0,0.0,0.0,0.0,0.05,1,company_1,human_resources,company_1,0
0.95,0.9,0.8,0.1,0.1,0.05,0.05,0.0,0.0,0.0,0.0,0.0,0.0,0.0,0.0,0.05,1,academic,scholar,scholar,0
0.95,0.95,0.9,0.9,0.9,0.1,0.1,0.05,0.05,0.05,0.01,0.01,0.01,0.0,0.0,0.0,1,chinook_1,customers_and_invoices,customers_and_invoices,0
0.95,0.95,0.95,0.9,0.1,0.1,0.1,0.1,0.05,0.05,0.05,0.0,0.0,0.0,0.0,0.0,1,company_1,human_resources,store_1,0
0.95,0.9,0.7,0.7,0.1,0.1,0.05,0.05,0.05,0.05,0.05,0.05,0.05,0.05,0.0,0.05,1,company_employee,company_office,company_office,0
0.9,0.85,0.7,0.6,0.5,0.3,0.2,0.0,0.0,0.0,0.0,0.0,0.0,0.0,0.0,0.05,1,academic,scholar,scholar,0
0.95,0.85,0.75,0.65,0.15,0.1,0.05,0.05,0.0,0.0,0.0,0.0,0.0,0.0,0.0,0.1,1,academic,scholar,scholar,0
0.95,0.9,0.9,0.9,0.9,0.85,0.1,0.1,0.1,0.05,0.05,0.05,0.05,0.0,0.0,0.05,1,chinook_1,customers_and_invoices,customers_and_invoices,0
0.95,0.7,0.6,0.3,0.1,0.1,0.05,0.0,0.0,0.0,0.0,0.0,0.0,0.0,0.0,0.25,0,academic,scholar,scholar,0
0.95,0.85,0.75,0.05,0.01,0.01,0.01,0.01,0.01,0.01,0.01,0.01,0.01,0.01,0.0,0.1,1,company_employee,company_office,company_office,0
0.9,0.9,0.85,0.75,0.7,0.15,0.1,0.1,0.1,0.05,0.05,0.05,0.0,0.0,0.0,0.0,1,chinook_1,customers_and_invoices,store_1,0
0.95,0.95,0.9,0.85,0.8,0.8,0.1,0.1,0.1,0.1,0.05,0.05,0.05,0.0,0.0,0.0,1,chinook_1,customers_and_invoices,store_1,0
0.95,0.95,0.9,0.85,0.8,0.8,0.75,0.7,0.6,0.0,0.0,0.0,0.0,0.0,0.0,0.0,1,company_employee,company_employee,company_employee,1
0.95,0.85,0.75,0.7,0.65,0.6,0.1,0.05,0.05,0.0,0.0,0.0,0.0,0.0,0.0,0.1,1,academic,scholar,scholar,0
0.9,0.9,0.85,0.8,0.6,0.5,0.4,0.3,0.3,0.2,0.2,0.1,0.0,0.0,0.0,0.0,1,chinook_1,customers_and_invoices,store_1,0
0.95,0.9,0.8,0.75,0.7,0.6,0.3,0.2,0.1,0.1,0.0,0.0,0.0,0.0,0.0,0.05,1,academic,authors,scholar,0
0.95,0.8,0.7,0.1,0.1,0.1,0.1,0.1,0.05,0.05,0.05,0.0,0.0,0.0,0.0,0.15,1,company_employee,company_employee,company_employee,1
0.95,0.9,0.85,0.05,0.05,0.01,0.01,0.01,0.0,0.0,0.0,0.0,0.0,0.0,0.0,0.05,1,company_employee,company_employee,company_employee,1
0.92,0.9,0.85,0.78,0.75,0.7,0.6,0.5,0.45,0.4,0.3,0.0,0.0,0.0,0.0,0.02,1,chinook_1,customers_and_invoices,chinook_1,0
0.95,0.85,0.75,0.65,0.1,0.05,0.05,0.0,0.0,0.0,0.0,0.0,0.0,0.0,0.0,0.1,1,academic,scholar,scholar,0
0.85,0.8,0.7,0.7,0.6,0.6,0.5,0.5,0.5,0.4,0.4,0.4,0.3,0.1,0.0,0.05,1,chinook_1,customers_and_products_contacts,customers_and_invoices,0
0.95,0.6,0.4,0.3,0.2,0.1,0.1,0.05,0.01,0.01,0.0,0.0,0.0,0.0,0.0,0.35,0,company_employee,company_employee,company_employee,1
0.95,0.9,0.7,0.05,0.05,0.05,0.05,0.05,0.0,0.0,0.0,0.0,0.0,0.0,0.0,0.05,1,academic,e_government,e_government,0
0.95,0.8,0.2,0.1,0.1,0.1,0.0,0.0,0.0,0.0,0.0,0.0,0.0,0.0,0.0,0.15,1,chinook_1,human_resources,hr_1,0
0.8,0.7,0.5,0.4,0.3,0.2,0.2,0.1,0.1,0.1,0.1,0.1,0.1,0.1,0.1,0.1,1,academic,mondial_geo,hr_1,0
0.95,0.9,0.85,0.05,0.05,0.05,0.0,0.0,0.0,0.0,0.0,0.0,0.0,0.0,0.0,0.05,1,company_employee,company_employee,company_employee,1
0.9,0.85,0.8,0.8,0.75,0.65,0.6,0.55,0.55,0.5,0.45,0.4,0.3,0.2,0.0,0.05,1,chinook_1,customers_and_products_contacts,e_commerce,0
0.9,0.88,0.85,0.2,0.15,0.1,0.05,0.0,0.0,0.0,0.0,0.0,0.0,0.0,0.0,0.02,1,company_employee,gas_company,company_office,0
0.6,0.4,0.3,0.0,0.0,0.0,0.0,0.0,0.0,0.0,0.0,0.0,0.0,0.0,0.0,0.2,1,academic,software_company,local_govt_and_lot,0
0.95,0.7,0.6,0.6,0.6,0.5,0.4,0.0,0.0,0.0,0.0,0.0,0.0,0.0,0.0,0.25,0,chinook_1,human_resources,hr_1,0
0.95,0.1,0.05,0.05,0.01,0.01,0.01,0.01,0.01,0.01,0.01,0.01,0.01,0.01,0.0,0.85,0,company_office,company_office,company_office,1
0.8,0.1,0.0,0.0,0.0,0.0,0.0,0.0,0.0,0.0,0.0,0.0,0.0,0.0,0.0,0.7,0,academic,mondial_geo,e_government,0
0.95,0.9,0.85,0.1,0.0,0.0,0.0,0.0,0.0,0.0,0.0,0.0,0.0,0.0,0.0,0.05,1,chinook_1,music_tracker,store_1,0
0.95,0.1,0.05,0.01,0.0,0.0,0.0,0.0,0.0,0.0,0.0,0.0,0.0,0.0,0.0,0.85,0,company_office,company_office,company_office,1
0.95,0.85,0.7,0.6,0.3,0.1,0.1,0.1,0.05,0.05,0.05,0.05,0.05,0.0,0.0,0.1,1,company_office,company_office,company_office,1
0.7,0.7,0.6,0.6,0.4,0.3,0.1,0.0,0.0,0.0,0.0,0.0,0.0,0.0,0.0,0.0,1,academic,scholar,scholar,0
0.92,0.9,0.85,0.1,0.05,0.02,0.01,0.01,0.0,0.0,0.0,0.0,0.0,0.0,0.0,0.02,1,chinook_1,music_1,chinook_1,0
0.95,0.85,0.1,0.05,0.05,0.01,0.01,0.01,0.01,0.01,0.01,0.01,0.0,0.0,0.0,0.1,1,company_office,company_office,company_office,1
0.95,0.85,0.75,0.65,0.15,0.05,0.05,0.0,0.0,0.0,0.0,0.0,0.0,0.0,0.0,0.1,1,academic,scholar,scholar,0
0.85,0.75,0.7,0.65,0.55,0.1,0.05,0.0,0.0,0.0,0.0,0.0,0.0,0.0,0.0,0.1,1,academic,scholar,scholar,0
0.95,0.95,0.7,0.2,0.1,0.1,0.0,0.0,0.0,0.0,0.0,0.0,0.0,0.0,0.0,0.0,1,chinook_1,music_1,store_1,0
0.95,0.7,0.1,0.05,0.0,0.0,0.0,0.0,0.0,0.0,0.0,0.0,0.0,0.0,0.0,0.25,0,company_office,region_building,company_office,0
0.85,0.8,0.75,0.7,0.5,0.4,0.3,0.1,0.1,0.0,0.0,0.0,0.0,0.0,0.0,0.05,1,academic,scholar,scholar,0
0.7,0.7,0.5,0.4,0.3,0.3,0.2,0.2,0.1,0.0,0.0,0.0,0.0,0.0,0.0,0.0,1,chinook_1,chinook_1,chinook_1,1
0.9,0.85,0.85,0.75,0.7,0.1,0.1,0.1,0.05,0.05,0.05,0.0,0.0,0.0,0.0,0.05,1,chinook_1,store_1,hr_1,0
0.95,0.85,0.7,0.5,0.1,0.05,0.05,0.0,0.0,0.0,0.0,0.0,0.0,0.0,0.0,0.1,1,academic,scholar,scholar,0
0.95,0.95,0.6,0.1,0.0,0.0,0.0,0.0,0.0,0.0,0.0,0.0,0.0,0.0,0.0,0.0,1,chinook_1,music_tracker,store_1,0
0.9,0.85,0.8,0.3,0.2,0.05,0.05,0.0,0.0,0.0,0.0,0.0,0.0,0.0,0.0,0.05,1,academic,scholar,scholar,0
0.95,0.95,0.9,0.1,0.1,0.1,0.1,0.1,0.05,0.05,0.05,0.05,0.05,0.0,0.0,0.0,1,company_office,company_employee,company_employee,0
0.95,0.95,0.9,0.2,0.1,0.1,0.1,0.1,0.05,0.05,0.05,0.05,0.05,0.0,0.0,0.0,1,company_office,company_employee,company_employee,0
0.85,0.85,0.8,0.15,0.15,0.1,0.1,0.05,0.05,0.05,0.0,0.0,0.0,0.0,0.0,0.0,1,chinook_1,store_1,store_1,0
0.95,0.85,0.8,0.75,0.65,0.15,0.1,0.05,0.0,0.0,0.0,0.0,0.0,0.0,0.0,0.1,1,academic,scholar,scholar,0
0.95,0.95,0.9,0.1,0.05,0.05,0.05,0.05,0.05,0.05,0.05,0.0,0.0,0.0,0.0,0.0,1,company_office,company_office,company_office,1
0.95,0.95,0.9,0.1,0.1,0.05,0.05,0.05,0.05,0.05,0.05,0.0,0.0,0.0,0.0,0.0,1,chinook_1,store_1,store_1,0
0.7,0.7,0.7,0.0,0.0,0.0,0.0,0.0,0.0,0.0,0.0,0.0,0.0,0.0,0.0,0.0,1,academic,csu_1,academic,0
0.7,0.6,0.4,0.3,0.25,0.2,0.15,0.1,0.05,0.0,0.0,0.0,0.0,0.0,0.0,0.1,1,academic,university_rank,university_rank,0
0.85,0.8,0.75,0.7,0.65,0.55,0.45,0.35,0.25,0.15,0.0,0.0,0.0,0.0,0.0,0.05,1,chinook_1,food_inspection_2,store_1,0
0.95,0.9,0.1,0.05,0.05,0.05,0.05,0.05,0.05,0.05,0.0,0.0,0.0,0.0,0.0,0.05,1,company_office,gas_company,company_employee,0
0.95,0.75,0.3,0.1,0.05,0.05,0.05,0.05,0.05,0.05,0.0,0.0,0.0,0.0,0.0,0.2,1,company_office,region_building,company_office,0
0.95,0.95,0.9,0.1,0.1,0.05,0.05,0.05,0.05,0.05,0.0,0.0,0.0,0.0,0.0,0.0,1,chinook_1,store_1,store_1,0
0.95,0.95,0.9,0.1,0.1,0.05,0.05,0.05,0.05,0.05,0.0,0.0,0.0,0.0,0.0,0.0,1,company_office,company_employee,company_employee,0
0.95,0.85,0.75,0.5,0.1,0.05,0.0,0.0,0.0,0.0,0.0,0.0,0.0,0.0,0.0,0.1,1,academic,scholar,scholar,0
0.95,0.85,0.75,0.65,0.05,0.05,0.05,0.0,0.0,0.0,0.0,0.0,0.0,0.0,0.0,0.1,1,academic,scholar,scholar,0
0.95,0.95,0.9,0.1,0.05,0.05,0.05,0.05,0.05,0.05,0.0,0.0,0.0,0.0,0.0,0.0,1,company_office,company_office,company_office,1
0.95,0.9,0.7,0.3,0.2,0.1,0.1,0.05,0.05,0.05,0.05,0.05,0.01,0.01,0.0,0.05,1,chinook_1,store_1,store_1,0
0.95,0.9,0.2,0.15,0.1,0.1,0.05,0.05,0.05,0.05,0.05,0.05,0.0,0.0,0.0,0.05,1,chinook_1,store_1,store_1,0
0.95,0.9,0.85,0.75,0.7,0.6,0.1,0.05,0.05,0.05,0.0,0.0,0.0,0.0,0.0,0.05,1,academic,scholar,scholar,0
0.95,0.9,0.75,0.7,0.7,0.65,0.6,0.5,0.1,0.1,0.1,0.1,0.1,0.0,0.0,0.05,1,chinook_1,store_1,store_1,0
0.95,0.75,0.7,0.05,0.05,0.05,0.05,0.05,0.05,0.05,0.05,0.05,0.05,0.05,0.0,0.2,1,company_office,company_office,company_office,1
0.95,0.9,0.85,0.75,0.6,0.1,0.05,0.05,0.05,0.0,0.0,0.0,0.0,0.0,0.0,0.05,1,academic,scholar,scholar,0
0.95,0.7,0.6,0.1,0.05,0.05,0.05,0.05,0.05,0.05,0.05,0.05,0.05,0.05,0.05,0.25,0,company_office,company_office,company_office,1
0.95,0.95,0.75,0.7,0.6,0.6,0.1,0.1,0.1,0.05,0.05,0.05,0.05,0.0,0.0,0.0,1,chinook_1,store_1,store_1,0
0.95,0.9,0.85,0.8,0.1,0.1,0.1,0.05,0.05,0.05,0.05,0.05,0.0,0.0,0.0,0.05,1,company_office,company_office,company_office,1
0.95,0.95,0.7,0.1,0.1,0.1,0.0,0.0,0.0,0.0,0.0,0.0,0.0,0.0,0.0,0.0,1,chinook_1,music_tracker,store_1,0
0.95,0.85,0.7,0.2,0.05,0.01,0.01,0.0,0.0,0.0,0.0,0.0,0.0,0.0,0.0,0.1,1,academic,scholar,scholar,0
0.95,0.9,0.85,0.1,0.1,0.05,0.05,0.05,0.0,0.0,0.0,0.0,0.0,0.0,0.0,0.05,1,academic,scholar,scholar,0
0.95,0.95,0.9,0.05,0.05,0.05,0.05,0.05,0.05,0.05,0.05,0.05,0.0,0.0,0.0,0.0,1,company_office,company_office,company_office,1
0.95,0.95,0.85,0.1,0.05,0.05,0.05,0.05,0.05,0.0,0.0,0.0,0.0,0.0,0.0,0.0,1,chinook_1,store_1,store_1,0
0.95,0.95,0.9,0.9,0.05,0.05,0.05,0.05,0.05,0.05,0.05,0.0,0.0,0.0,0.0,0.0,1,company_office,company_office,company_office,1
0.9,0.85,0.85,0.1,0.05,0.0,0.0,0.0,0.0,0.0,0.0,0.0,0.0,0.0,0.0,0.05,1,chinook_1,music_platform_2,music_1,0
0.95,0.85,0.7,0.1,0.05,0.05,0.05,0.05,0.0,0.0,0.0,0.0,0.0,0.0,0.0,0.1,1,academic,scholar,scholar,0
0.95,0.95,0.9,0.1,0.1,0.1,0.05,0.05,0.05,0.05,0.05,0.05,0.05,0.0,0.0,0.0,1,company_office,company_office,company_office,1
0.95,0.9,0.85,0.1,0.0,0.0,0.0,0.0,0.0,0.0,0.0,0.0,0.0,0.0,0.0,0.05,1,chinook_1,music_tracker,chinook_1,0
0.95,0.9,0.85,0.1,0.05,0.05,0.05,0.0,0.0,0.0,0.0,0.0,0.0,0.0,0.0,0.05,1,academic,scholar,scholar,0
0.95,0.9,0.85,0.05,0.02,0.01,0.01,0.01,0.01,0.01,0.01,0.01,0.01,0.01,0.0,0.05,1,company_office,company_office,company_office,1
0.95,0.85,0.7,0.1,0.05,0.05,0.05,0.05,0.0,0.0,0.0,0.0,0.0,0.0,0.0,0.1,1,academic,scholar,scholar,0
0.75,0.7,0.7,0.65,0.6,0.55,0.55,0.5,0.45,0.45,0.1,0.0,0.0,0.0,0.0,0.05,1,chinook_1,human_resources,company_1,0
0.9,0.9,0.85,0.1,0.1,0.1,0.1,0.1,0.1,0.1,0.1,0.05,0.05,0.0,0.0,0.0,1,insurance_policies,insurance_fnol,insurance_policies,0
0.95,0.9,0.85,0.01,0.01,0.01,0.01,0.01,0.01,0.01,0.01,0.01,0.01,0.0,0.0,0.05,1,company_office,company_office,company_office,1
0.7,0.6,0.5,0.4,0.4,0.3,0.2,0.1,0.1,0.1,0.1,0.1,0.1,0.1,0.1,0.1,1,thrombosis_prediction,synthea,medicine_enzyme_interaction,0
0.95,0.7,0.7,0.1,0.1,0.1,0.1,0.1,0.1,0.1,0.1,0.1,0.05,0.0,0.0,0.25,0,voter_2,college_3,college_3,0
0.9,0.85,0.75,0.7,0.65,0.65,0.6,0.6,0.6,0.55,0.5,0.5,0.4,0.35,0.3,0.05,1,insurance_policies,insurance_fnol,insurance_and_eClaims,0
0.95,0.0,0.0,0.0,0.0,0.0,0.0,0.0,0.0,0.0,0.0,0.0,0.0,0.0,0.0,0.95,0,thrombosis_prediction,synthea,hospital_1,0
0.95,0.7,0.6,0.4,0.3,0.2,0.1,0.1,0.05,0.0,0.0,0.0,0.0,0.0,0.0,0.25,0,voter_2,election_representative,voter_2,0
0.95,0.9,0.85,0.05,0.05,0.05,0.05,0.05,0.05,0.05,0.0,0.0,0.0,0.0,0.0,0.05,1,insurance_policies,insurance_fnol,insurance_policies,0
0.85,0.1,0.0,0.0,0.0,0.0,0.0,0.0,0.0,0.0,0.0,0.0,0.0,0.0,0.0,0.75,0,thrombosis_prediction,synthea,hospital_1,0
0.95,0.7,0.5,0.4,0.3,0.2,0.1,0.1,0.1,0.0,0.0,0.0,0.0,0.0,0.0,0.25,0,voter_2,election_representative,voter_2,0
0.85,0.75,0.65,0.5,0.1,0.1,0.1,0.1,0.1,0.1,0.1,0.1,0.1,0.1,0.0,0.1,1,voter_2,university_rank,college_3,0
0.7,0.1,0.1,0.1,0.1,0.1,0.1,0.1,0.1,0.1,0.1,0.1,0.1,0.1,0.1,0.6,0,thrombosis_prediction,synthea,hospital_1,0
0.95,0.92,0.85,0.05,0.02,0.01,0.01,0.0,0.0,0.0,0.0,0.0,0.0,0.0,0.0,0.03,1,insurance_policies,insurance_fnol,insurance_and_eClaims,0
0.95,0.92,0.85,0.05,0.01,0.01,0.01,0.01,0.0,0.0,0.0,0.0,0.0,0.0,0.0,0.03,1,insurance_policies,insurance_and_eClaims,insurance_and_eClaims,0
0.7,0.1,0.05,0.0,0.0,0.0,0.0,0.0,0.0,0.0,0.0,0.0,0.0,0.0,0.0,0.6,0,thrombosis_prediction,synthea,hospital_1,0
0.85,0.8,0.75,0.35,0.3,0.3,0.25,0.25,0.2,0.2,0.2,0.2,0.15,0.1,0.0,0.05,1,voter_2,university_rank,college_3,0
0.95,0.95,0.9,0.9,0.9,0.9,0.9,0.9,0.9,0.1,0.1,0.05,0.0,0.0,0.0,0.0,1,voter_2,dorm_1,dorm_1,0
0.7,0.0,0.0,0.0,0.0,0.0,0.0,0.0,0.0,0.0,0.0,0.0,0.0,0.0,0.0,0.7,0,thrombosis_prediction,synthea,hospital_1,0
0.95,0.95,0.95,0.95,0.95,0.95,0.95,0.95,0.9,0.1,0.1,0.05,0.0,0.0,0.0,0.0,1,voter_2,dorm_1,dorm_1,0
0.8,0.2,0.0,0.0,0.0,0.0,0.0,0.0,0.0,0.0,0.0,0.0,0.0,0.0,0.0,0.6,0,thrombosis_prediction,synthea,hospital_1,0
0.95,0.7,0.05,0.05,0.0,0.0,0.0,0.0,0.0,0.0,0.0,0.0,0.0,0.0,0.0,0.25,0,journal_committee,journal_committee,journal_committee,1
0.95,0.85,0.1,0.1,0.1,0.1,0.1,0.1,0.1,0.05,0.05,0.05,0.05,0.01,0.0,0.1,1,voter_2,address_1,address_1,0
0.4,0.1,0.05,0.05,0.0,0.0,0.0,0.0,0.0,0.0,0.0,0.0,0.0,0.0,0.0,0.3,0,thrombosis_prediction,synthea,protein_institute,0
0.95,0.05,0.0,0.0,0.0,0.0,0.0,0.0,0.0,0.0,0.0,0.0,0.0,0.0,0.0,0.9,0,journal_committee,journal_committee,journal_committee,1
0.95,0.9,0.0,0.0,0.0,0.0,0.0,0.0,0.0,0.0,0.0,0.0,0.0,0.0,0.0,0.05,1,journal_committee,journal_committee,journal_committee,1
0.95,0.9,0.9,0.85,0.85,0.85,0.85,0.05,0.05,0.01,0.01,0.0,0.0,0.0,0.0,0.05,1,voter_2,address_1,address_1,0
0.0,0.0,0.0,0.0,0.0,0.0,0.0,0.0,0.0,0.0,0.0,0.0,0.0,0.0,0.0,0.0,1,thrombosis_prediction,thrombosis_prediction,thrombosis_prediction,1
0.95,0.2,0.1,0.05,0.01,0.01,0.0,0.0,0.0,0.0,0.0,0.0,0.0,0.0,0.0,0.75,0,journal_committee,journal_committee,journal_committee,1
0.95,0.85,0.85,0.75,0.75,0.75,0.75,0.75,0.75,0.7,0.0,0.0,0.0,0.0,0.0,0.1,1,voter_2,computer_student,college_2,0
0.95,0.15,0.1,0.1,0.05,0.05,0.05,0.05,0.05,0.0,0.0,0.0,0.0,0.0,0.0,0.8,0,journal_committee,journal_committee,journal_committee,1
0.0,0.0,0.0,0.0,0.0,0.0,0.0,0.0,0.0,0.0,0.0,0.0,0.0,0.0,0.0,0.0,1,thrombosis_prediction,thrombosis_prediction,thrombosis_prediction,1
0.99,0.95,0.85,0.7,0.7,0.7,0.7,0.7,0.7,0.05,0.05,0.05,0.0,0.0,0.0,0.04,1,voter_2,computer_student,college_2,0
1.0,0.0,0.0,0.0,0.0,0.0,0.0,0.0,0.0,0.0,0.0,0.0,0.0,0.0,0.0,1.0,0,journal_committee,journal_committee,journal_committee,1
0.0,0.0,0.0,0.0,0.0,0.0,0.0,0.0,0.0,0.0,0.0,0.0,0.0,0.0,0.0,0.0,1,thrombosis_prediction,thrombosis_prediction,thrombosis_prediction,1
0.0,0.0,0.0,0.0,0.0,0.0,0.0,0.0,0.0,0.0,0.0,0.0,0.0,0.0,0.0,0.0,1,thrombosis_prediction,thrombosis_prediction,thrombosis_prediction,1
0.95,0.1,0.1,0.05,0.0,0.0,0.0,0.0,0.0,0.0,0.0,0.0,0.0,0.0,0.0,0.85,0,journal_committee,journal_committee,journal_committee,1
0.85,0.8,0.75,0.65,0.2,0.15,0.15,0.1,0.1,0.0,0.0,0.0,0.0,0.0,0.0,0.05,1,wedding,world_1,network_2,0
0.95,0.05,0.05,0.05,0.05,0.0,0.0,0.0,0.0,0.0,0.0,0.0,0.0,0.0,0.0,0.9,0,wedding,wedding,wedding,1
0.95,0.1,0.1,0.05,0.05,0.05,0.05,0.05,0.0,0.0,0.0,0.0,0.0,0.0,0.0,0.85,0,journal_committee,journal_committee,journal_committee,1
0.0,0.0,0.0,0.0,0.0,0.0,0.0,0.0,0.0,0.0,0.0,0.0,0.0,0.0,0.0,0.0,1,thrombosis_prediction,thrombosis_prediction,thrombosis_prediction,1
0.95,0.7,0.65,0.6,0.5,0.4,0.3,0.2,0.1,0.0,0.0,0.0,0.0,0.0,0.0,0.25,0,wedding,wedding,wedding,1
0.95,0.75,0.05,0.02,0.01,0.01,0.01,0.0,0.0,0.0,0.0,0.0,0.0,0.0,0.0,0.2,1,journal_committee,journal_committee,journal_committee,1
0.15,0.05,0.05,0.05,0.05,0.05,0.05,0.05,0.05,0.05,0.05,0.05,0.05,0.05,0.05,0.1,1,thrombosis_prediction,thrombosis_prediction,medicine_enzyme_interaction,1
0.95,0.0,0.0,0.0,0.0,0.0,0.0,0.0,0.0,0.0,0.0,0.0,0.0,0.0,0.0,0.95,0,wedding,wedding,wedding,1
0.0,0.0,0.0,0.0,0.0,0.0,0.0,0.0,0.0,0.0,0.0,0.0,0.0,0.0,0.0,0.0,1,thrombosis_prediction,thrombosis_prediction,thrombosis_prediction,1
0.95,0.05,0.05,0.01,0.01,0.01,0.01,0.01,0.01,0.01,0.01,0.0,0.0,0.0,0.0,0.9,0,loan_1,loan_1,loan_1,1
0.95,0.85,0.7,0.4,0.3,0.3,0.2,0.2,0.2,0.1,0.1,0.0,0.0,0.0,0.0,0.1,1,loan_1,loan_1,loan_1,1
0.95,0.05,0.01,0.01,0.01,0.01,0.01,0.01,0.01,0.01,0.01,0.0,0.0,0.0,0.0,0.9,0,wedding,wedding,wedding,1
0.95,0.05,0.0,0.0,0.0,0.0,0.0,0.0,0.0,0.0,0.0,0.0,0.0,0.0,0.0,0.9,0,wedding,wedding,wedding,1
0.95,0.05,0.05,0.05,0.05,0.01,0.01,0.01,0.01,0.01,0.01,0.0,0.0,0.0,0.0,0.9,0,loan_1,loan_1,loan_1,1
0.95,0.01,0.01,0.01,0.01,0.01,0.01,0.01,0.01,0.01,0.0,0.0,0.0,0.0,0.0,0.94,0,wedding,wedding,wedding,1
0.05,0.01,0.01,0.01,0.01,0.01,0.01,0.01,0.01,0.01,0.0,0.0,0.0,0.0,0.0,0.04,1,thrombosis_prediction,synthea,medicine_enzyme_interaction,0
0.95,0.7,0.6,0.5,0.4,0.3,0.3,0.2,0.2,0.1,0.1,0.0,0.0,0.0,0.0,0.25,0,loan_1,loan_1,loan_1,1
0.7,0.0,0.0,0.0,0.0,0.0,0.0,0.0,0.0,0.0,0.0,0.0,0.0,0.0,0.0,0.7,0,thrombosis_prediction,thrombosis_prediction,hospital_1,1
0.95,0.05,0.0,0.0,0.0,0.0,0.0,0.0,0.0,0.0,0.0,0.0,0.0,0.0,0.0,0.9,0,wedding,wedding,wedding,1
0.95,0.6,0.3,0.2,0.2,0.1,0.1,0.1,0.1,0.1,0.05,0.0,0.0,0.0,0.0,0.35,0,loan_1,customers_card_transactions,loan_1,0
0.1,0.1,0.1,0.1,0.1,0.1,0.1,0.1,0.05,0.05,0.05,0.05,0.05,0.05,0.05,0.0,1,thrombosis_prediction,synthea,synthea,0
0.7,0.05,0.05,0.05,0.0,0.0,0.0,0.0,0.0,0.0,0.0,0.0,0.0,0.0,0.0,0.65,0,thrombosis_prediction,thrombosis_prediction,hospital_1,1
0.95,0.7,0.6,0.4,0.3,0.3,0.3,0.2,0.2,0.1,0.1,0.0,0.0,0.0,0.0,0.25,0,loan_1,customers_card_transactions,loan_1,0
0.95,0.85,0.75,0.75,0.7,0.65,0.3,0.2,0.15,0.05,0.05,0.05,0.05,0.05,0.05,0.1,1,wedding,world_1,world_1,0
0.8,0.2,0.1,0.1,0.1,0.1,0.05,0.05,0.05,0.05,0.05,0.05,0.05,0.05,0.05,0.6,0,thrombosis_prediction,synthea,hospital_1,0
0.8,0.0,0.0,0.0,0.0,0.0,0.0,0.0,0.0,0.0,0.0,0.0,0.0,0.0,0.0,0.8,0,thrombosis_prediction,synthea,hospital_1,0
0.95,0.05,0.02,0.02,0.01,0.01,0.01,0.01,0.01,0.01,0.01,0.0,0.0,0.0,0.0,0.9,0,loan_1,loan_1,loan_1,1
0.6,0.2,0.2,0.1,0.1,0.1,0.1,0.1,0.1,0.1,0.1,0.1,0.1,0.1,0.1,0.4,0,thrombosis_prediction,thrombosis_prediction,thrombosis_prediction,1
0.95,0.01,0.01,0.01,0.01,0.01,0.01,0.01,0.0,0.0,0.0,0.0,0.0,0.0,0.0,0.94,0,wine_1,wine_1,wine_1,1
0.9,0.7,0.6,0.4,0.3,0.3,0.3,0.2,0.2,0.2,0.1,0.1,0.0,0.0,0.0,0.2,0,loan_1,loan_1,loan_1,1
0.95,0.0,0.0,0.0,0.0,0.0,0.0,0.0,0.0,0.0,0.0,0.0,0.0,0.0,0.0,0.95,0,wine_1,wine_1,wine_1,1
0.9,0.85,0.75,0.7,0.65,0.6,0.5,0.3,0.2,0.0,0.0,0.0,0.0,0.0,0.0,0.05,1,loan_1,geo,store_1,0
0.0,0.0,0.0,0.0,0.0,0.0,0.0,0.0,0.0,0.0,0.0,0.0,0.0,0.0,0.0,0.0,1,thrombosis_prediction,synthea,synthea,0
0.95,0.01,0.01,0.01,0.01,0.01,0.01,0.01,0.01,0.01,0.0,0.0,0.0,0.0,0.0,0.94,0,wine_1,wine_1,wine_1,1
0.95,0.01,0.01,0.01,0.01,0.01,0.01,0.01,0.01,0.0,0.0,0.0,0.0,0.0,0.0,0.94,0,wedding,wedding,wedding,1
0.7,0.1,0.1,0.1,0.1,0.1,0.1,0.1,0.1,0.1,0.1,0.1,0.1,0.05,0.05,0.6,0,thrombosis_prediction,thrombosis_prediction,hospital_1,1
0.95,0.9,0.85,0.05,0.05,0.05,0.05,0.05,0.05,0.0,0.0,0.0,0.0,0.0,0.0,0.05,1,insurance_policies,insurance_fnol,insurance_policies,0
0.9,0.75,0.65,0.6,0.5,0.1,0.05,0.05,0.0,0.0,0.0,0.0,0.0,0.0,0.0,0.15,1,loan_1,loan_1,loan_1,1
1.0,0.0,0.0,0.0,0.0,0.0,0.0,0.0,0.0,0.0,0.0,0.0,0.0,0.0,0.0,1.0,0,wine_1,wine_1,wine_1,1
0.9,0.0,0.0,0.0,0.0,0.0,0.0,0.0,0.0,0.0,0.0,0.0,0.0,0.0,0.0,0.9,0,thrombosis_prediction,synthea,hospital_1,0
0.85,0.1,0.1,0.1,0.1,0.1,0.1,0.1,0.05,0.05,0.05,0.05,0.05,0.05,0.05,0.75,0,thrombosis_prediction,synthea,hospital_1,0
0.95,0.05,0.0,0.0,0.0,0.0,0.0,0.0,0.0,0.0,0.0,0.0,0.0,0.0,0.0,0.9,0,wine_1,wine_1,wine_1,1
0.9,0.05,0.0,0.0,0.0,0.0,0.0,0.0,0.0,0.0,0.0,0.0,0.0,0.0,0.0,0.85,0,thrombosis_prediction,thrombosis_prediction,hospital_1,1
0.9,0.2,0.15,0.1,0.05,0.05,0.05,0.05,0.05,0.05,0.05,0.05,0.0,0.0,0.0,0.7,0,loan_1,loan_1,loan_1,1
0.95,0.0,0.0,0.0,0.0,0.0,0.0,0.0,0.0,0.0,0.0,0.0,0.0,0.0,0.0,0.95,0,wine_1,wine_1,wine_1,1
0.1,0.1,0.1,0.0,0.0,0.0,0.0,0.0,0.0,0.0,0.0,0.0,0.0,0.0,0.0,0.0,1,thrombosis_prediction,thrombosis_prediction,candidate_poll,1
0.9,0.3,0.2,0.1,0.05,0.05,0.05,0.05,0.0,0.0,0.0,0.0,0.0,0.0,0.0,0.6,0,loan_1,loan_1,loan_1,1
0.95,0.0,0.0,0.0,0.0,0.0,0.0,0.0,0.0,0.0,0.0,0.0,0.0,0.0,0.0,0.95,0,wine_1,wine_1,wine_1,1
0.9,0.8,0.7,0.6,0.3,0.2,0.1,0.0,0.0,0.0,0.0,0.0,0.0,0.0,0.0,0.1,1,loan_1,loan_1,loan_1,1
0.85,0.0,0.0,0.0,0.0,0.0,0.0,0.0,0.0,0.0,0.0,0.0,0.0,0.0,0.0,0.85,0,thrombosis_prediction,thrombosis_prediction,hospital_1,1
0.95,0.6,0.3,0.2,0.05,0.05,0.05,0.05,0.05,0.0,0.0,0.0,0.0,0.0,0.0,0.35,0,loan_1,financial,loan_1,0
0.95,0.05,0.0,0.0,0.0,0.0,0.0,0.0,0.0,0.0,0.0,0.0,0.0,0.0,0.0,0.9,0,loan_1,loan_1,loan_1,1
0.95,0.15,0.15,0.1,0.05,0.05,0.05,0.05,0.0,0.0,0.0,0.0,0.0,0.0,0.0,0.8,0,wine_1,wine_1,wine_1,1
0.6,0.0,0.0,0.0,0.0,0.0,0.0,0.0,0.0,0.0,0.0,0.0,0.0,0.0,0.0,0.6,0,toxicology,toxicology,medicine_enzyme_interaction,1
0.0,0.0,0.0,0.0,0.0,0.0,0.0,0.0,0.0,0.0,0.0,0.0,0.0,0.0,0.0,0.0,1,toxicology,toxicology,toxicology,1
0.95,0.6,0.3,0.2,0.1,0.1,0.1,0.05,0.05,0.05,0.05,0.05,0.0,0.0,0.0,0.35,0,loan_1,loan_1,loan_1,1
0.95,0.05,0.05,0.05,0.0,0.0,0.0,0.0,0.0,0.0,0.0,0.0,0.0,0.0,0.0,0.9,0,wine_1,wine_1,wine_1,1
0.95,0.05,0.0,0.0,0.0,0.0,0.0,0.0,0.0,0.0,0.0,0.0,0.0,0.0,0.0,0.9,0,wine_1,wine_1,wine_1,1
0.0,0.0,0.0,0.0,0.0,0.0,0.0,0.0,0.0,0.0,0.0,0.0,0.0,0.0,0.0,0.0,1,toxicology,toxicology,toxicology,1
0.95,0.0,0.0,0.0,0.0,0.0,0.0,0.0,0.0,0.0,0.0,0.0,0.0,0.0,0.0,0.95,0,wine_1,wine_1,wine_1,1
0.0,0.0,0.0,0.0,0.0,0.0,0.0,0.0,0.0,0.0,0.0,0.0,0.0,0.0,0.0,0.0,1,toxicology,toxicology,toxicology,1
0.95,0.1,0.05,0.05,0.05,0.05,0.05,0.05,0.05,0.05,0.05,0.05,0.0,0.0,0.0,0.85,0,loan_1,loan_1,loan_1,1
0.95,0.05,0.05,0.0,0.0,0.0,0.0,0.0,0.0,0.0,0.0,0.0,0.0,0.0,0.0,0.9,0,loan_1,loan_1,loan_1,1
0.95,0.1,0.05,0.05,0.05,0.05,0.05,0.05,0.05,0.0,0.0,0.0,0.0,0.0,0.0,0.85,0,wine_1,wine_1,wine_1,1
0.95,0.1,0.05,0.05,0.01,0.01,0.01,0.01,0.01,0.01,0.01,0.0,0.0,0.0,0.0,0.85,0,loan_1,loan_1,loan_1,1
0.95,0.1,0.05,0.05,0.01,0.01,0.01,0.01,0.01,0.0,0.0,0.0,0.0,0.0,0.0,0.85,0,wine_1,wine_1,wine_1,1
0.95,0.2,0.1,0.05,0.03,0.02,0.02,0.01,0.01,0.01,0.01,0.01,0.0,0.0,0.0,0.75,0,loan_1,loan_1,loan_1,1
0.0,0.0,0.0,0.0,0.0,0.0,0.0,0.0,0.0,0.0,0.0,0.0,0.0,0.0,0.0,0.0,1,toxicology,toxicology,toxicology,1
0.95,0.05,0.0,0.0,0.0,0.0,0.0,0.0,0.0,0.0,0.0,0.0,0.0,0.0,0.0,0.9,0,wine_1,wine_1,wine_1,1
0.7,0.3,0.0,0.0,0.0,0.0,0.0,0.0,0.0,0.0,0.0,0.0,0.0,0.0,0.0,0.4,0,toxicology,toxicology,toxicology,1
0.95,0.05,0.0,0.0,0.0,0.0,0.0,0.0,0.0,0.0,0.0,0.0,0.0,0.0,0.0,0.9,0,wine_1,wine_1,wine_1,1
0.95,0.05,0.0,0.0,0.0,0.0,0.0,0.0,0.0,0.0,0.0,0.0,0.0,0.0,0.0,0.9,0,loan_1,loan_1,loan_1,1
0.0,0.0,0.0,0.0,0.0,0.0,0.0,0.0,0.0,0.0,0.0,0.0,0.0,0.0,0.0,0.0,1,toxicology,toxicology,toxicology,1
0.95,0.0,0.0,0.0,0.0,0.0,0.0,0.0,0.0,0.0,0.0,0.0,0.0,0.0,0.0,0.95,0,wine_1,wine_1,wine_1,1
0.95,0.05,0.05,0.05,0.05,0.05,0.05,0.05,0.05,0.05,0.05,0.05,0.05,0.05,0.05,0.9,0,toxicology,toxicology,toxicology,1
0.95,0.1,0.0,0.0,0.0,0.0,0.0,0.0,0.0,0.0,0.0,0.0,0.0,0.0,0.0,0.85,0,loan_1,loan_1,loan_1,1
0.1,0.05,0.0,0.0,0.0,0.0,0.0,0.0,0.0,0.0,0.0,0.0,0.0,0.0,0.0,0.05,1,toxicology,toxicology,products_gen_characteristics,1
0.95,0.0,0.0,0.0,0.0,0.0,0.0,0.0,0.0,0.0,0.0,0.0,0.0,0.0,0.0,0.95,0,wine_1,wine_1,wine_1,1
0.0,0.0,0.0,0.0,0.0,0.0,0.0,0.0,0.0,0.0,0.0,0.0,0.0,0.0,0.0,0.0,1,toxicology,toxicology,toxicology,1
0.95,0.05,0.0,0.0,0.0,0.0,0.0,0.0,0.0,0.0,0.0,0.0,0.0,0.0,0.0,0.9,0,loan_1,loan_1,loan_1,1
0.95,0.05,0.03,0.02,0.01,0.01,0.01,0.01,0.01,0.0,0.0,0.0,0.0,0.0,0.0,0.9,0,loan_1,loan_1,loan_1,1
0.95,0.05,0.0,0.0,0.0,0.0,0.0,0.0,0.0,0.0,0.0,0.0,0.0,0.0,0.0,0.9,0,wine_1,wine_1,wine_1,1
0.95,0.01,0.0,0.0,0.0,0.0,0.0,0.0,0.0,0.0,0.0,0.0,0.0,0.0,0.0,0.94,0,toxicology,toxicology,toxicology,1
0.95,0.0,0.0,0.0,0.0,0.0,0.0,0.0,0.0,0.0,0.0,0.0,0.0,0.0,0.0,0.95,0,wine_1,wine_1,wine_1,1
0.95,0.7,0.6,0.0,0.0,0.0,0.0,0.0,0.0,0.0,0.0,0.0,0.0,0.0,0.0,0.25,0,loan_1,loan_1,loan_1,1
0.7,0.1,0.1,0.0,0.0,0.0,0.0,0.0,0.0,0.0,0.0,0.0,0.0,0.0,0.0,0.6,0,toxicology,toxicology,toxicology,1
0.95,0.1,0.05,0.01,0.01,0.01,0.01,0.01,0.01,0.01,0.01,0.01,0.01,0.0,0.0,0.85,0,loan_1,loan_1,loan_1,1
0.95,0.05,0.0,0.0,0.0,0.0,0.0,0.0,0.0,0.0,0.0,0.0,0.0,0.0,0.0,0.9,0,wine_1,wine_1,wine_1,1
0.95,0.05,0.0,0.0,0.0,0.0,0.0,0.0,0.0,0.0,0.0,0.0,0.0,0.0,0.0,0.9,0,wine_1,wine_1,wine_1,1
0.95,0.15,0.1,0.1,0.1,0.05,0.05,0.05,0.05,0.05,0.05,0.05,0.0,0.0,0.0,0.8,0,loan_1,loan_1,loan_1,1
0.7,0.1,0.0,0.0,0.0,0.0,0.0,0.0,0.0,0.0,0.0,0.0,0.0,0.0,0.0,0.6,0,toxicology,toxicology,toxicology,1
0.95,0.1,0.1,0.05,0.05,0.05,0.05,0.05,0.05,0.05,0.05,0.05,0.0,0.0,0.0,0.85,0,loan_1,loan_1,loan_1,1
0.7,0.0,0.0,0.0,0.0,0.0,0.0,0.0,0.0,0.0,0.0,0.0,0.0,0.0,0.0,0.7,0,toxicology,toxicology,railway,1
0.9,0.1,0.0,0.0,0.0,0.0,0.0,0.0,0.0,0.0,0.0,0.0,0.0,0.0,0.0,0.8,0,wine_1,wine_1,wine_1,1
0.95,0.1,0.05,0.05,0.05,0.05,0.05,0.05,0.05,0.0,0.0,0.0,0.0,0.0,0.0,0.85,0,loan_1,loan_1,loan_1,1
0.95,0.0,0.0,0.0,0.0,0.0,0.0,0.0,0.0,0.0,0.0,0.0,0.0,0.0,0.0,0.95,0,wine_1,wine_1,wine_1,1
0.95,0.1,0.05,0.03,0.02,0.02,0.02,0.02,0.02,0.01,0.01,0.0,0.0,0.0,0.0,0.85,0,loan_1,loan_1,loan_1,1
0.9,0.01,0.01,0.01,0.01,0.01,0.01,0.01,0.01,0.0,0.0,0.0,0.0,0.0,0.0,0.89,0,wine_1,wine_1,wine_1,1
0.85,0.1,0.0,0.0,0.0,0.0,0.0,0.0,0.0,0.0,0.0,0.0,0.0,0.0,0.0,0.75,0,toxicology,toxicology,toxicology,1
0.0,0.0,0.0,0.0,0.0,0.0,0.0,0.0,0.0,0.0,0.0,0.0,0.0,0.0,0.0,0.0,1,toxicology,toxicology,toxicology,1
0.95,0.1,0.05,0.05,0.05,0.05,0.05,0.05,0.05,0.0,0.0,0.0,0.0,0.0,0.0,0.85,0,loan_1,loan_1,loan_1,1
0.0,0.0,0.0,0.0,0.0,0.0,0.0,0.0,0.0,0.0,0.0,0.0,0.0,0.0,0.0,0.0,1,toxicology,toxicology,toxicology,1
0.2,0.0,0.0,0.0,0.0,0.0,0.0,0.0,0.0,0.0,0.0,0.0,0.0,0.0,0.0,0.2,0,toxicology,toxicology,medicine_enzyme_interaction,1
0.9,0.1,0.1,0.05,0.05,0.05,0.0,0.0,0.0,0.0,0.0,0.0,0.0,0.0,0.0,0.8,0,wine_1,wine_1,wine_1,1
0.95,0.1,0.05,0.01,0.01,0.01,0.01,0.01,0.0,0.0,0.0,0.0,0.0,0.0,0.0,0.85,0,loan_1,loan_1,loan_1,1
0.95,0.0,0.0,0.0,0.0,0.0,0.0,0.0,0.0,0.0,0.0,0.0,0.0,0.0,0.0,0.95,0,wine_1,wine_1,wine_1,1
0.95,0.05,0.05,0.05,0.05,0.0,0.0,0.0,0.0,0.0,0.0,0.0,0.0,0.0,0.0,0.9,0,loan_1,loan_1,loan_1,1
0.95,0.05,0.05,0.0,0.0,0.0,0.0,0.0,0.0,0.0,0.0,0.0,0.0,0.0,0.0,0.9,0,loan_1,loan_1,loan_1,1
0.95,0.0,0.0,0.0,0.0,0.0,0.0,0.0,0.0,0.0,0.0,0.0,0.0,0.0,0.0,0.95,0,wine_1,wine_1,wine_1,1
0.85,0.05,0.05,0.05,0.05,0.05,0.05,0.05,0.05,0.05,0.05,0.05,0.05,0.05,0.05,0.8,0,toxicology,toxicology,medicine_enzyme_interaction,1
0.85,0.75,0.0,0.0,0.0,0.0,0.0,0.0,0.0,0.0,0.0,0.0,0.0,0.0,0.0,0.1,1,toxicology,toxicology,toxicology,1
0.1,0.0,0.0,0.0,0.0,0.0,0.0,0.0,0.0,0.0,0.0,0.0,0.0,0.0,0.0,0.1,1,toxicology,toxicology,medicine_enzyme_interaction,1
0.95,0.0,0.0,0.0,0.0,0.0,0.0,0.0,0.0,0.0,0.0,0.0,0.0,0.0,0.0,0.95,0,wine_1,wine_1,wine_1,1
0.95,0.0,0.0,0.0,0.0,0.0,0.0,0.0,0.0,0.0,0.0,0.0,0.0,0.0,0.0,0.95,0,wine_1,wine_1,wine_1,1
0.95,0.05,0.02,0.01,0.01,0.01,0.0,0.0,0.0,0.0,0.0,0.0,0.0,0.0,0.0,0.9,0,loan_1,loan_1,loan_1,1
0.95,0.7,0.01,0.01,0.01,0.01,0.01,0.0,0.0,0.0,0.0,0.0,0.0,0.0,0.0,0.25,0,loan_1,loan_1,loan_1,1
0.95,0.0,0.0,0.0,0.0,0.0,0.0,0.0,0.0,0.0,0.0,0.0,0.0,0.0,0.0,0.95,0,wine_1,wine_1,wine_1,1
0.85,0.75,0.1,0.1,0.1,0.1,0.1,0.1,0.1,0.1,0.1,0.05,0.05,0.05,0.05,0.1,1,toxicology,toxicology,toxicology,1
0.95,0.05,0.0,0.0,0.0,0.0,0.0,0.0,0.0,0.0,0.0,0.0,0.0,0.0,0.0,0.9,0,loan_1,loan_1,loan_1,1
0.85,0.7,0.7,0.7,0.7,0.0,0.0,0.0,0.0,0.0,0.0,0.0,0.0,0.0,0.0,0.15,1,toxicology,toxicology,medicine_enzyme_interaction,1
0.95,0.0,0.0,0.0,0.0,0.0,0.0,0.0,0.0,0.0,0.0,0.0,0.0,0.0,0.0,0.95,0,wine_1,wine_1,wine_1,1
0.95,0.7,0.1,0.05,0.05,0.05,0.05,0.05,0.05,0.05,0.05,0.05,0.05,0.05,0.05,0.25,0,toxicology,toxicology,toxicology,1
0.95,0.0,0.0,0.0,0.0,0.0,0.0,0.0,0.0,0.0,0.0,0.0,0.0,0.0,0.0,0.95,0,wine_1,wine_1,wine_1,1
0.95,0.15,0.1,0.08,0.06,0.05,0.04,0.03,0.02,0.02,0.01,0.0,0.0,0.0,0.0,0.8,0,loan_1,loan_1,loan_1,1
0.7,0.1,0.1,0.0,0.0,0.0,0.0,0.0,0.0,0.0,0.0,0.0,0.0,0.0,0.0,0.6,0,toxicology,toxicology,toxicology,1
0.95,0.1,0.05,0.0,0.0,0.0,0.0,0.0,0.0,0.0,0.0,0.0,0.0,0.0,0.0,0.85,0,loan_1,loan_1,loan_1,1
0.95,0.01,0.01,0.01,0.01,0.01,0.01,0.0,0.0,0.0,0.0,0.0,0.0,0.0,0.0,0.94,0,wine_1,wine_1,wine_1,1
0.95,0.1,0.1,0.05,0.05,0.05,0.05,0.05,0.05,0.05,0.0,0.0,0.0,0.0,0.0,0.85,0,loan_1,loan_1,loan_1,1
0.0,0.0,0.0,0.0,0.0,0.0,0.0,0.0,0.0,0.0,0.0,0.0,0.0,0.0,0.0,0.0,1,toxicology,toxicology,toxicology,1
0.95,0.01,0.01,0.01,0.01,0.01,0.01,0.0,0.0,0.0,0.0,0.0,0.0,0.0,0.0,0.94,0,wine_1,wine_1,wine_1,1
0.85,0.2,0.15,0.1,0.1,0.1,0.05,0.05,0.05,0.0,0.0,0.0,0.0,0.0,0.0,0.65,0,local_govt_and_lot,local_govt_and_lot,local_govt_and_lot,1
0.95,0.0,0.0,0.0,0.0,0.0,0.0,0.0,0.0,0.0,0.0,0.0,0.0,0.0,0.0,0.95,0,wine_1,wine_1,wine_1,1
0.1,0.05,0.05,0.05,0.05,0.05,0.05,0.05,0.05,0.05,0.05,0.05,0.05,0.05,0.05,0.05,1,toxicology,toxicology,medicine_enzyme_interaction,1
0.9,0.05,0.05,0.02,0.01,0.01,0.01,0.01,0.01,0.0,0.0,0.0,0.0,0.0,0.0,0.85,0,local_govt_and_lot,local_govt_and_lot,local_govt_and_lot,1
0.05,0.0,0.0,0.0,0.0,0.0,0.0,0.0,0.0,0.0,0.0,0.0,0.0,0.0,0.0,0.05,1,toxicology,toxicology,medicine_enzyme_interaction,1
0.95,0.05,0.0,0.0,0.0,0.0,0.0,0.0,0.0,0.0,0.0,0.0,0.0,0.0,0.0,0.9,0,wine_1,wine_1,wine_1,1
0.95,0.1,0.05,0.05,0.05,0.05,0.05,0.05,0.0,0.0,0.0,0.0,0.0,0.0,0.0,0.85,0,local_govt_and_lot,local_govt_and_lot,local_govt_and_lot,1
0.0,0.0,0.0,0.0,0.0,0.0,0.0,0.0,0.0,0.0,0.0,0.0,0.0,0.0,0.0,0.0,1,toxicology,toxicology,toxicology,1
0.95,0.05,0.0,0.0,0.0,0.0,0.0,0.0,0.0,0.0,0.0,0.0,0.0,0.0,0.0,0.9,0,wine_1,wine_1,wine_1,1
0.7,0.3,0.3,0.2,0.2,0.2,0.2,0.1,0.1,0.1,0.1,0.1,0.0,0.0,0.0,0.4,0,local_govt_and_lot,cre_Doc_and_collections,e_government,0
0.0,0.0,0.0,0.0,0.0,0.0,0.0,0.0,0.0,0.0,0.0,0.0,0.0,0.0,0.0,0.0,1,toxicology,toxicology,toxicology,1
0.95,0.05,0.0,0.0,0.0,0.0,0.0,0.0,0.0,0.0,0.0,0.0,0.0,0.0,0.0,0.9,0,wine_1,wine_1,wine_1,1
0.85,0.15,0.1,0.05,0.02,0.01,0.01,0.01,0.01,0.01,0.01,0.0,0.0,0.0,0.0,0.7,0,local_govt_and_lot,local_govt_and_lot,local_govt_and_lot,1
0.2,0.1,0.1,0.1,0.05,0.05,0.05,0.05,0.05,0.05,0.05,0.05,0.05,0.05,0.05,0.1,1,toxicology,toxicology,medicine_enzyme_interaction,1
0.95,0.05,0.0,0.0,0.0,0.0,0.0,0.0,0.0,0.0,0.0,0.0,0.0,0.0,0.0,0.9,0,wine_1,wine_1,wine_1,1
0.85,0.1,0.1,0.05,0.05,0.05,0.05,0.05,0.0,0.0,0.0,0.0,0.0,0.0,0.0,0.75,0,local_govt_and_lot,local_govt_and_lot,local_govt_and_lot,1
0.7,0.6,0.0,0.0,0.0,0.0,0.0,0.0,0.0,0.0,0.0,0.0,0.0,0.0,0.0,0.1,1,toxicology,toxicology,medicine_enzyme_interaction,1
0.85,0.1,0.0,0.0,0.0,0.0,0.0,0.0,0.0,0.0,0.0,0.0,0.0,0.0,0.0,0.75,0,wine_1,wine_1,wine_1,1
0.7,0.6,0.5,0.5,0.5,0.5,0.5,0.5,0.0,0.0,0.0,0.0,0.0,0.0,0.0,0.1,1,toxicology,toxicology,medicine_enzyme_interaction,1
0.95,0.9,0.9,0.85,0.8,0.75,0.7,0.65,0.6,0.55,0.5,0.4,0.0,0.0,0.0,0.05,1,local_govt_and_lot,solvency_ii,customers_and_addresses,0
0.0,0.0,0.0,0.0,0.0,0.0,0.0,0.0,0.0,0.0,0.0,0.0,0.0,0.0,0.0,0.0,1,toxicology,toxicology,toxicology,1
0.9,0.8,0.7,0.7,0.6,0.2,0.2,0.1,0.1,0.0,0.0,0.0,0.0,0.0,0.0,0.1,1,workshop_paper,icfp_1,icfp_1,0
0.95,0.15,0.1,0.05,0.05,0.05,0.05,0.05,0.05,0.05,0.05,0.0,0.0,0.0,0.0,0.8,0,local_govt_and_lot,local_govt_and_lot,local_govt_and_lot,1
0.0,0.0,0.0,0.0,0.0,0.0,0.0,0.0,0.0,0.0,0.0,0.0,0.0,0.0,0.0,0.0,1,toxicology,toxicology,toxicology,1
0.85,0.15,0.05,0.05,0.05,0.02,0.01,0.01,0.01,0.01,0.0,0.0,0.0,0.0,0.0,0.7,0,workshop_paper,workshop_paper,workshop_paper,1
0.85,0.1,0.1,0.05,0.05,0.05,0.05,0.05,0.0,0.0,0.0,0.0,0.0,0.0,0.0,0.75,0,local_govt_in_alabama,party_people,local_govt_in_alabama,0
0.0,0.0,0.0,0.0,0.0,0.0,0.0,0.0,0.0,0.0,0.0,0.0,0.0,0.0,0.0,0.0,1,toxicology,toxicology,toxicology,1
0.95,0.05,0.04,0.03,0.03,0.02,0.02,0.02,0.01,0.01,0.01,0.01,0.01,0.0,0.0,0.9,0,local_govt_and_lot,local_govt_and_lot,local_govt_and_lot,1
0.9,0.1,0.1,0.1,0.05,0.05,0.05,0.05,0.05,0.05,0.0,0.0,0.0,0.0,0.0,0.8,0,workshop_paper,workshop_paper,workshop_paper,1
0.95,0.05,0.0,0.0,0.0,0.0,0.0,0.0,0.0,0.0,0.0,0.0,0.0,0.0,0.0,0.9,0,local_govt_in_alabama,synthea,local_govt_in_alabama,0
0.2,0.1,0.1,0.05,0.05,0.05,0.05,0.05,0.05,0.05,0.05,0.05,0.05,0.05,0.05,0.1,1,toxicology,toxicology,medicine_enzyme_interaction,1
0.95,0.8,0.7,0.3,0.2,0.1,0.05,0.03,0.02,0.01,0.0,0.0,0.0,0.0,0.0,0.15,1,workshop_paper,workshop_paper,workshop_paper,1
0.9,0.85,0.75,0.7,0.65,0.2,0.15,0.1,0.05,0.0,0.0,0.0,0.0,0.0,0.0,0.05,1,local_govt_in_alabama,local_govt_in_alabama,activity_1,1
0.85,0.05,0.01,0.01,0.01,0.01,0.01,0.01,0.01,0.01,0.01,0.01,0.01,0.01,0.01,0.8,0,toxicology,toxicology,toxicology,1
0.95,0.9,0.85,0.7,0.1,0.1,0.1,0.1,0.05,0.0,0.0,0.0,0.0,0.0,0.0,0.05,1,local_govt_in_alabama,local_govt_in_alabama,local_govt_in_alabama,1
0.8,0.0,0.0,0.0,0.0,0.0,0.0,0.0,0.0,0.0,0.0,0.0,0.0,0.0,0.0,0.8,0,toxicology,toxicology,toxicology,1
0.95,0.0,0.0,0.0,0.0,0.0,0.0,0.0,0.0,0.0,0.0,0.0,0.0,0.0,0.0,0.95,0,workshop_paper,codebase_community,workshop_paper,0
0.95,0.75,0.7,0.65,0.6,0.1,0.05,0.02,0.01,0.01,0.0,0.0,0.0,0.0,0.0,0.2,1,workshop_paper,workshop_paper,workshop_paper,1
0.7,0.0,0.0,0.0,0.0,0.0,0.0,0.0,0.0,0.0,0.0,0.0,0.0,0.0,0.0,0.7,0,toxicology,toxicology,medicine_enzyme_interaction,1
0.85,0.65,0.15,0.05,0.05,0.05,0.05,0.05,0.05,0.05,0.0,0.0,0.0,0.0,0.0,0.2,1,local_govt_in_alabama,party_people,local_govt_in_alabama,0
0.85,0.85,0.05,0.05,0.05,0.05,0.05,0.05,0.01,0.01,0.01,0.01,0.01,0.01,0.01,0.0,1,toxicology,toxicology,toxicology,1
0.95,0.0,0.0,0.0,0.0,0.0,0.0,0.0,0.0,0.0,0.0,0.0,0.0,0.0,0.0,0.95,0,workshop_paper,workshop_paper,workshop_paper,1
0.85,0.8,0.75,0.7,0.65,0.6,0.6,0.1,0.05,0.0,0.0,0.0,0.0,0.0,0.0,0.05,1,workshop_paper,workshop_paper,workshop_paper,1
0.85,0.75,0.7,0.6,0.3,0.2,0.1,0.1,0.0,0.0,0.0,0.0,0.0,0.0,0.0,0.1,1,local_govt_in_alabama,local_govt_in_alabama,local_govt_in_alabama,1
0.0,0.0,0.0,0.0,0.0,0.0,0.0,0.0,0.0,0.0,0.0,0.0,0.0,0.0,0.0,0.0,1,toxicology,toxicology,toxicology,1
0.85,0.8,0.75,0.7,0.6,0.4,0.1,0.1,0.0,0.0,0.0,0.0,0.0,0.0,0.0,0.05,1,workshop_paper,workshop_paper,workshop_paper,1
0.05,0.0,0.0,0.0,0.0,0.0,0.0,0.0,0.0,0.0,0.0,0.0,0.0,0.0,0.0,0.05,1,toxicology,toxicology,medicine_enzyme_interaction,1
0.95,0.85,0.75,0.65,0.6,0.2,0.1,0.1,0.1,0.1,0.0,0.0,0.0,0.0,0.0,0.1,1,local_govt_in_alabama,local_govt_in_alabama,local_govt_in_alabama,1
0.95,0.6,0.5,0.3,0.2,0.1,0.1,0.1,0.05,0.05,0.05,0.0,0.0,0.0,0.0,0.35,0,workshop_paper,workshop_paper,workshop_paper,1
0.95,0.0,0.0,0.0,0.0,0.0,0.0,0.0,0.0,0.0,0.0,0.0,0.0,0.0,0.0,0.95,0,local_govt_mdm,local_govt_mdm,local_govt_mdm,1
0.9,0.2,0.1,0.1,0.05,0.05,0.05,0.05,0.05,0.0,0.0,0.0,0.0,0.0,0.0,0.7,0,local_govt_in_alabama,solvency_ii,local_govt_in_alabama,0
0.6,0.1,0.05,0.05,0.05,0.05,0.05,0.05,0.05,0.05,0.05,0.05,0.05,0.05,0.05,0.5,0,toxicology,toxicology,medicine_enzyme_interaction,1
0.95,0.4,0.3,0.25,0.2,0.15,0.1,0.1,0.1,0.05,0.05,0.05,0.0,0.0,0.0,0.55,0,workshop_paper,workshop_paper,workshop_paper,1
0.95,0.05,0.05,0.05,0.05,0.05,0.05,0.05,0.05,0.05,0.05,0.05,0.0,0.0,0.0,0.9,0,local_govt_mdm,local_govt_mdm,local_govt_mdm,1
1.0,0.0,0.0,0.0,0.0,0.0,0.0,0.0,0.0,0.0,0.0,0.0,0.0,0.0,0.0,1.0,0,local_govt_mdm,local_govt_mdm,local_govt_mdm,1
0.95,0.7,0.1,0.1,0.05,0.05,0.05,0.05,0.05,0.05,0.05,0.0,0.0,0.0,0.0,0.25,0,workshop_paper,workshop_paper,workshop_paper,1
0.85,0.6,0.1,0.05,0.05,0.05,0.05,0.05,0.05,0.05,0.05,0.05,0.05,0.05,0.05,0.25,0,toxicology,toxicology,toxicology,1
0.7,0.0,0.0,0.0,0.0,0.0,0.0,0.0,0.0,0.0,0.0,0.0,0.0,0.0,0.0,0.7,0,toxicology,toxicology,medicine_enzyme_interaction,1
0.95,0.75,0.1,0.1,0.05,0.05,0.05,0.05,0.05,0.05,0.05,0.0,0.0,0.0,0.0,0.2,1,workshop_paper,workshop_paper,workshop_paper,1
0.95,0.15,0.1,0.05,0.05,0.05,0.05,0.05,0.05,0.05,0.0,0.0,0.0,0.0,0.0,0.8,0,local_govt_mdm,local_govt_mdm,local_govt_mdm,1
0.0,0.0,0.0,0.0,0.0,0.0,0.0,0.0,0.0,0.0,0.0,0.0,0.0,0.0,0.0,0.0,1,toxicology,toxicology,toxicology,1
0.85,0.6,0.55,0.5,0.4,0.35,0.3,0.25,0.2,0.15,0.1,0.0,0.0,0.0,0.0,0.25,0,workshop_paper,workshop_paper,workshop_paper,1
0.95,0.05,0.05,0.05,0.05,0.05,0.01,0.01,0.01,0.01,0.0,0.0,0.0,0.0,0.0,0.9,0,local_govt_mdm,local_govt_mdm,local_govt_mdm,1
0.2,0.1,0.0,0.0,0.0,0.0,0.0,0.0,0.0,0.0,0.0,0.0,0.0,0.0,0.0,0.1,1,toxicology,toxicology,student_1,1
0.9,0.05,0.01,0.01,0.01,0.01,0.01,0.01,0.0,0.0,0.0,0.0,0.0,0.0,0.0,0.85,0,wine_1,wine_1,wine_1,1
0.85,0.8,0.8,0.8,0.75,0.75,0.7,0.7,0.1,0.05,0.05,0.0,0.0,0.0,0.0,0.05,1,workshop_paper,workshop_paper,workshop_paper,1
0.95,0.0,0.0,0.0,0.0,0.0,0.0,0.0,0.0,0.0,0.0,0.0,0.0,0.0,0.0,0.95,0,local_govt_mdm,local_govt_mdm,local_govt_mdm,1
0.95,0.1,0.05,0.05,0.0,0.0,0.0,0.0,0.0,0.0,0.0,0.0,0.0,0.0,0.0,0.85,0,wrestler,wrestler,wrestler,1
0.01,0.01,0.01,0.01,0.01,0.01,0.01,0.01,0.01,0.01,0.01,0.01,0.01,0.01,0.01,0.0,1,local_govt_mdm,flight_2,flight_2,0
0.0,0.0,0.0,0.0,0.0,0.0,0.0,0.0,0.0,0.0,0.0,0.0,0.0,0.0,0.0,0.0,1,toxicology,toxicology,toxicology,1
0.8,0.1,0.0,0.0,0.0,0.0,0.0,0.0,0.0,0.0,0.0,0.0,0.0,0.0,0.0,0.7,0,toxicology,toxicology,toxicology,1
0.95,0.0,0.0,0.0,0.0,0.0,0.0,0.0,0.0,0.0,0.0,0.0,0.0,0.0,0.0,0.95,0,wrestler,wrestler,wrestler,1
0.7,0.6,0.0,0.0,0.0,0.0,0.0,0.0,0.0,0.0,0.0,0.0,0.0,0.0,0.0,0.1,1,toxicology,toxicology,toxicology,1
0.9,0.7,0.05,0.05,0.05,0.05,0.05,0.05,0.05,0.05,0.05,0.0,0.0,0.0,0.0,0.2,0,machine_repair,machine_repair,machine_repair,1
0.95,0.05,0.0,0.0,0.0,0.0,0.0,0.0,0.0,0.0,0.0,0.0,0.0,0.0,0.0,0.9,0,machine_repair,machine_repair,machine_repair,1
0.7,0.1,0.1,0.1,0.1,0.1,0.1,0.05,0.05,0.05,0.05,0.0,0.0,0.0,0.0,0.6,0,wrestler,wrestler,wrestler,1
0.1,0.05,0.05,0.05,0.05,0.05,0.05,0.05,0.05,0.05,0.05,0.05,0.05,0.05,0.05,0.05,1,toxicology,toxicology,medicine_enzyme_interaction,1
0.9,0.1,0.0,0.0,0.0,0.0,0.0,0.0,0.0,0.0,0.0,0.0,0.0,0.0,0.0,0.8,0,machine_repair,machine_repair,machine_repair,1
0.85,0.15,0.1,0.1,0.1,0.05,0.05,0.05,0.0,0.0,0.0,0.0,0.0,0.0,0.0,0.7,0,wrestler,wrestler,wrestler,1
0.95,0.0,0.0,0.0,0.0,0.0,0.0,0.0,0.0,0.0,0.0,0.0,0.0,0.0,0.0,0.95,0,wrestler,wrestler,wrestler,1
0.0,0.0,0.0,0.0,0.0,0.0,0.0,0.0,0.0,0.0,0.0,0.0,0.0,0.0,0.0,0.0,1,toxicology,toxicology,toxicology,1
0.7,0.0,0.0,0.0,0.0,0.0,0.0,0.0,0.0,0.0,0.0,0.0,0.0,0.0,0.0,0.7,0,toxicology,toxicology,medicine_enzyme_interaction,1
0.95,0.0,0.0,0.0,0.0,0.0,0.0,0.0,0.0,0.0,0.0,0.0,0.0,0.0,0.0,0.95,0,wrestler,wrestler,wrestler,1
0.95,0.05,0.0,0.0,0.0,0.0,0.0,0.0,0.0,0.0,0.0,0.0,0.0,0.0,0.0,0.9,0,machine_repair,machine_repair,machine_repair,1
0.95,0.0,0.0,0.0,0.0,0.0,0.0,0.0,0.0,0.0,0.0,0.0,0.0,0.0,0.0,0.95,0,wrestler,wrestler,wrestler,1
0.0,0.0,0.0,0.0,0.0,0.0,0.0,0.0,0.0,0.0,0.0,0.0,0.0,0.0,0.0,0.0,1,toxicology,toxicology,toxicology,1
0.95,0.05,0.0,0.0,0.0,0.0,0.0,0.0,0.0,0.0,0.0,0.0,0.0,0.0,0.0,0.9,0,machine_repair,machine_repair,machine_repair,1
0.85,0.1,0.05,0.05,0.05,0.05,0.05,0.05,0.05,0.05,0.05,0.05,0.05,0.05,0.05,0.75,0,toxicology,toxicology,toxicology,1
0.95,0.0,0.0,0.0,0.0,0.0,0.0,0.0,0.0,0.0,0.0,0.0,0.0,0.0,0.0,0.95,0,wrestler,wrestler,wrestler,1
0.95,0.05,0.0,0.0,0.0,0.0,0.0,0.0,0.0,0.0,0.0,0.0,0.0,0.0,0.0,0.9,0,machine_repair,machine_repair,machine_repair,1
0.85,0.8,0.2,0.0,0.0,0.0,0.0,0.0,0.0,0.0,0.0,0.0,0.0,0.0,0.0,0.05,1,toxicology,toxicology,toxicology,1
0.95,0.0,0.0,0.0,0.0,0.0,0.0,0.0,0.0,0.0,0.0,0.0,0.0,0.0,0.0,0.95,0,wrestler,wrestler,wrestler,1
0.95,0.05,0.05,0.01,0.01,0.01,0.01,0.01,0.01,0.01,0.01,0.01,0.0,0.0,0.0,0.9,0,machine_repair,machine_repair,machine_repair,1
0.95,0.05,0.0,0.0,0.0,0.0,0.0,0.0,0.0,0.0,0.0,0.0,0.0,0.0,0.0,0.9,0,machine_repair,machine_repair,machine_repair,1
0.85,0.05,0.05,0.05,0.05,0.05,0.05,0.05,0.05,0.05,0.05,0.05,0.05,0.05,0.05,0.8,0,toxicology,toxicology,toxicology,1
0.95,0.05,0.0,0.0,0.0,0.0,0.0,0.0,0.0,0.0,0.0,0.0,0.0,0.0,0.0,0.9,0,machine_repair,machine_repair,machine_repair,1
0.95,0.05,0.0,0.0,0.0,0.0,0.0,0.0,0.0,0.0,0.0,0.0,0.0,0.0,0.0,0.9,0,machine_repair,machine_repair,machine_repair,1
0.85,0.2,0.01,0.01,0.01,0.01,0.01,0.01,0.01,0.01,0.01,0.01,0.01,0.01,0.01,0.65,0,toxicology,toxicology,toxicology,1
0.95,0.01,0.01,0.01,0.01,0.01,0.01,0.01,0.0,0.0,0.0,0.0,0.0,0.0,0.0,0.94,0,wrestler,wrestler,wrestler,1
0.85,0.05,0.05,0.05,0.05,0.05,0.01,0.01,0.01,0.01,0.01,0.01,0.01,0.01,0.01,0.8,0,toxicology,toxicology,medicine_enzyme_interaction,1
0.9,0.05,0.05,0.05,0.05,0.05,0.05,0.05,0.05,0.0,0.0,0.0,0.0,0.0,0.0,0.85,0,wrestler,wrestler,wrestler,1
0.95,0.05,0.05,0.0,0.0,0.0,0.0,0.0,0.0,0.0,0.0,0.0,0.0,0.0,0.0,0.9,0,machine_repair,machine_repair,machine_repair,1
0.95,0.05,0.05,0.05,0.0,0.0,0.0,0.0,0.0,0.0,0.0,0.0,0.0,0.0,0.0,0.9,0,wrestler,wrestler,wrestler,1
0.8,0.6,0.0,0.0,0.0,0.0,0.0,0.0,0.0,0.0,0.0,0.0,0.0,0.0,0.0,0.2,0,toxicology,toxicology,toxicology,1
0.95,0.0,0.0,0.0,0.0,0.0,0.0,0.0,0.0,0.0,0.0,0.0,0.0,0.0,0.0,0.95,0,wrestler,wrestler,wrestler,1
0.7,0.0,0.0,0.0,0.0,0.0,0.0,0.0,0.0,0.0,0.0,0.0,0.0,0.0,0.0,0.7,0,toxicology,toxicology,medicine_enzyme_interaction,1
0.95,0.05,0.05,0.05,0.05,0.05,0.0,0.0,0.0,0.0,0.0,0.0,0.0,0.0,0.0,0.9,0,wrestler,wrestler,wrestler,1
0.95,0.05,0.0,0.0,0.0,0.0,0.0,0.0,0.0,0.0,0.0,0.0,0.0,0.0,0.0,0.9,0,machine_repair,machine_repair,machine_repair,1
0.2,0.1,0.1,0.0,0.0,0.0,0.0,0.0,0.0,0.0,0.0,0.0,0.0,0.0,0.0,0.1,1,toxicology,toxicology,medicine_enzyme_interaction,1
0.95,0.0,0.0,0.0,0.0,0.0,0.0,0.0,0.0,0.0,0.0,0.0,0.0,0.0,0.0,0.95,0,wrestler,wrestler,wrestler,1
0.95,0.0,0.0,0.0,0.0,0.0,0.0,0.0,0.0,0.0,0.0,0.0,0.0,0.0,0.0,0.95,0,machine_repair,machine_repair,machine_repair,1
0.05,0.0,0.0,0.0,0.0,0.0,0.0,0.0,0.0,0.0,0.0,0.0,0.0,0.0,0.0,0.05,1,toxicology,toxicology,medicine_enzyme_interaction,1
0.95,0.02,0.0,0.0,0.0,0.0,0.0,0.0,0.0,0.0,0.0,0.0,0.0,0.0,0.0,0.93,0,machine_repair,machine_repair,machine_repair,1
0.95,0.2,0.1,0.1,0.0,0.0,0.0,0.0,0.0,0.0,0.0,0.0,0.0,0.0,0.0,0.75,0,machine_repair,machine_repair,machine_repair,1
0.9,0.85,0.75,0.65,0.55,0.5,0.4,0.35,0.3,0.2,0.15,0.1,0.0,0.0,0.0,0.05,1,manufactory_1,store_product,manufactory_1,0
0.85,0.15,0.1,0.1,0.05,0.05,0.05,0.0,0.0,0.0,0.0,0.0,0.0,0.0,0.0,0.7,0,wrestler,wrestler,wrestler,1
0.95,0.75,0.75,0.7,0.6,0.3,0.1,0.1,0.1,0.1,0.05,0.0,0.0,0.0,0.0,0.2,1,manufactory_1,manufactory_1,manufactory_1,1
0.0,0.0,0.0,0.0,0.0,0.0,0.0,0.0,0.0,0.0,0.0,0.0,0.0,0.0,0.0,0.0,1,toxicology,toxicology,toxicology,1
0.95,0.05,0.0,0.0,0.0,0.0,0.0,0.0,0.0,0.0,0.0,0.0,0.0,0.0,0.0,0.9,0,wrestler,wrestler,wrestler,1
0.0,0.0,0.0,0.0,0.0,0.0,0.0,0.0,0.0,0.0,0.0,0.0,0.0,0.0,0.0,0.0,1,toxicology,toxicology,toxicology,1
0.85,0.75,0.7,0.6,0.3,0.3,0.3,0.2,0.2,0.2,0.1,0.0,0.0,0.0,0.0,0.1,1,manufactory_1,store_product,manufactory_1,0
0.95,0.01,0.01,0.01,0.01,0.01,0.01,0.01,0.0,0.0,0.0,0.0,0.0,0.0,0.0,0.94,0,wrestler,wrestler,wrestler,1
0.3,0.0,0.0,0.0,0.0,0.0,0.0,0.0,0.0,0.0,0.0,0.0,0.0,0.0,0.0,0.3,0,toxicology,toxicology,medicine_enzyme_interaction,1
0.95,0.85,0.75,0.2,0.1,0.05,0.0,0.0,0.0,0.0,0.0,0.0,0.0,0.0,0.0,0.1,1,yelp,yelp,restaurants,1
0.75,0.6,0.5,0.5,0.4,0.3,0.2,0.2,0.2,0.2,0.1,0.05,0.05,0.0,0.0,0.15,1,manufactory_1,store_product,manufactory_1,0
0.05,0.0,0.0,0.0,0.0,0.0,0.0,0.0,0.0,0.0,0.0,0.0,0.0,0.0,0.0,0.05,1,toxicology,toxicology,medicine_enzyme_interaction,1
0.85,0.6,0.1,0.0,0.0,0.0,0.0,0.0,0.0,0.0,0.0,0.0,0.0,0.0,0.0,0.25,0,yelp,yelp,yelp,1
0.85,0.75,0.75,0.75,0.7,0.6,0.2,0.2,0.1,0.1,0.05,0.05,0.05,0.0,0.0,0.1,1,manufactory_1,store_product,manufactory_1,0
0.9,0.1,0.0,0.0,0.0,0.0,0.0,0.0,0.0,0.0,0.0,0.0,0.0,0.0,0.0,0.8,0,yelp,yelp,yelp,1
0.0,0.0,0.0,0.0,0.0,0.0,0.0,0.0,0.0,0.0,0.0,0.0,0.0,0.0,0.0,0.0,1,toxicology,toxicology,toxicology,1
0.8,0.7,0.6,0.6,0.2,0.1,0.1,0.05,0.0,0.0,0.0,0.0,0.0,0.0,0.0,0.1,1,manufactory_1,phone_1,company_office,0
0.0,0.0,0.0,0.0,0.0,0.0,0.0,0.0,0.0,0.0,0.0,0.0,0.0,0.0,0.0,0.0,1,toxicology,toxicology,toxicology,1
0.95,0.7,0.1,0.05,0.0,0.0,0.0,0.0,0.0,0.0,0.0,0.0,0.0,0.0,0.0,0.25,0,yelp,yelp,yelp,1
0.9,0.7,0.7,0.7,0.7,0.6,0.2,0.1,0.1,0.0,0.0,0.0,0.0,0.0,0.0,0.2,0,manufactory_1,manufactory_1,manufactory_1,1
0.8,0.0,0.0,0.0,0.0,0.0,0.0,0.0,0.0,0.0,0.0,0.0,0.0,0.0,0.0,0.8,0,toxicology,toxicology,toxicology,1
0.95,0.05,0.0,0.0,0.0,0.0,0.0,0.0,0.0,0.0,0.0,0.0,0.0,0.0,0.0,0.9,0,yelp,public_review_platform,yelp,0
0.95,0.7,0.3,0.25,0.2,0.2,0.15,0.1,0.1,0.1,0.1,0.05,0.0,0.0,0.0,0.25,0,manufactory_1,manufactory_1,manufactory_1,1
0.95,0.6,0.2,0.1,0.05,0.0,0.0,0.0,0.0,0.0,0.0,0.0,0.0,0.0,0.0,0.35,0,yelp,public_review_platform,yelp,0
0.95,0.15,0.1,0.1,0.1,0.1,0.1,0.05,0.05,0.05,0.05,0.0,0.0,0.0,0.0,0.8,0,manufactory_1,manufactory_1,manufactory_1,1
0.95,0.01,0.01,0.01,0.01,0.01,0.01,0.01,0.01,0.01,0.01,0.01,0.0,0.0,0.0,0.94,0,tracking_grants_for_research,tracking_grants_for_research,tracking_grants_for_research,1
0.8,0.7,0.6,0.0,0.0,0.0,0.0,0.0,0.0,0.0,0.0,0.0,0.0,0.0,0.0,0.1,1,yelp,public_review_platform,yelp,0
0.85,0.2,0.1,0.05,0.05,0.0,0.0,0.0,0.0,0.0,0.0,0.0,0.0,0.0,0.0,0.65,0,tracking_grants_for_research,donor,tracking_grants_for_research,0
0.94,0.93,0.93,0.93,0.92,0.91,0.9,0.85,0.75,0.1,0.1,0.1,0.0,0.0,0.0,0.01,1,manufactory_1,store_product,customers_and_invoices,0
0.95,0.7,0.6,0.1,0.1,0.05,0.05,0.05,0.05,0.05,0.05,0.05,0.05,0.0,0.0,0.25,0,tracking_grants_for_research,tracking_grants_for_research,tracking_grants_for_research,1
0.95,0.05,0.05,0.02,0.02,0.01,0.01,0.01,0.01,0.01,0.0,0.0,0.0,0.0,0.0,0.9,0,wrestler,wrestler,wrestler,1
0.7,0.7,0.7,0.7,0.7,0.7,0.7,0.7,0.7,0.7,0.05,0.05,0.05,0.05,0.05,0.0,1,toxicology,toxicology,toxicology,1
0.95,0.1,0.0,0.0,0.0,0.0,0.0,0.0,0.0,0.0,0.0,0.0,0.0,0.0,0.0,0.85,0,yelp,yelp,yelp,1
0.95,0.85,0.15,0.1,0.05,0.05,0.01,0.01,0.01,0.01,0.0,0.0,0.0,0.0,0.0,0.1,1,manufactory_1,manufactory_1,manufactory_1,1
0.95,0.93,0.92,0.91,0.9,0.88,0.85,0.8,0.2,0.1,0.1,0.1,0.05,0.0,0.0,0.02,1,manufactory_1,products_gen_characteristics,products_gen_characteristics,0
0.95,0.1,0.05,0.05,0.0,0.0,0.0,0.0,0.0,0.0,0.0,0.0,0.0,0.0,0.0,0.85,0,yelp,public_review_platform,yelp,0
0.15,0.15,0.1,0.05,0.05,0.05,0.05,0.05,0.05,0.05,0.05,0.05,0.05,0.05,0.05,0.0,1,toxicology,toxicology,protein_institute,1
0.95,0.85,0.05,0.05,0.05,0.05,0.05,0.05,0.05,0.05,0.0,0.0,0.0,0.0,0.0,0.1,1,tracking_grants_for_research,tracking_grants_for_research,tracking_grants_for_research,1
0.95,0.94,0.93,0.92,0.91,0.9,0.85,0.8,0.75,0.7,0.65,0.6,0.5,0.0,0.0,0.01,1,manufactory_1,products_gen_characteristics,products_gen_characteristics,0
0.9,0.85,0.1,0.05,0.0,0.0,0.0,0.0,0.0,0.0,0.0,0.0,0.0,0.0,0.0,0.05,1,yelp,yelp,restaurants,1
0.9,0.85,0.75,0.2,0.1,0.1,0.1,0.1,0.05,0.05,0.05,0.05,0.0,0.0,0.0,0.05,1,tracking_grants_for_research,tracking_grants_for_research,tracking_grants_for_research,1
0.95,0.0,0.0,0.0,0.0,0.0,0.0,0.0,0.0,0.0,0.0,0.0,0.0,0.0,0.0,0.95,0,wrestler,wrestler,wrestler,1
0.8,0.8,0.7,0.7,0.2,0.2,0.1,0.1,0.1,0.1,0.1,0.05,0.0,0.0,0.0,0.0,1,tracking_grants_for_research,cre_Doc_Template_Mgt,cre_Doc_Tracking_DB,0
0.98,0.98,0.98,0.97,0.97,0.96,0.95,0.85,0.75,0.7,0.65,0.6,0.0,0.0,0.0,0.0,1,manufactory_1,products_gen_characteristics,customers_and_products_contacts,0
0.95,0.0,0.0,0.0,0.0,0.0,0.0,0.0,0.0,0.0,0.0,0.0,0.0,0.0,0.0,0.95,0,yelp,public_review_platform,yelp,0
0.95,0.95,0.95,0.95,0.95,0.95,0.9,0.85,0.8,0.1,0.05,0.0,0.0,0.0,0.0,0.0,1,manufactory_1,products_gen_characteristics,products_gen_characteristics,0
0.95,0.92,0.9,0.85,0.75,0.7,0.65,0.6,0.5,0.1,0.1,0.0,0.0,0.0,0.0,0.03,1,tracking_grants_for_research,cre_Doc_Template_Mgt,cre_Doc_Template_Mgt,0
0.85,0.7,0.1,0.0,0.0,0.0,0.0,0.0,0.0,0.0,0.0,0.0,0.0,0.0,0.0,0.15,1,yelp,epinions_1,yelp,0
0.95,0.15,0.1,0.1,0.1,0.05,0.05,0.05,0.0,0.0,0.0,0.0,0.0,0.0,0.0,0.8,0,tracking_grants_for_research,tracking_grants_for_research,tracking_grants_for_research,1
0.95,0.95,0.95,0.95,0.95,0.9,0.9,0.85,0.7,0.1,0.05,0.0,0.0,0.0,0.0,0.0,1,manufactory_1,products_gen_characteristics,customers_and_products_contacts,0
0.95,0.92,0.9,0.9,0.88,0.85,0.8,0.75,0.1,0.05,0.0,0.0,0.0,0.0,0.0,0.03,1,manufactory_1,products_gen_characteristics,e_commerce,0
1.0,0.0,0.0,0.0,0.0,0.0,0.0,0.0,0.0,0.0,0.0,0.0,0.0,0.0,0.0,1.0,0,yelp,public_review_platform,yelp,0
0.95,0.0,0.0,0.0,0.0,0.0,0.0,0.0,0.0,0.0,0.0,0.0,0.0,0.0,0.0,0.95,0,yelp,public_review_platform,yelp,0
0.95,0.7,0.05,0.05,0.05,0.05,0.05,0.0,0.0,0.0,0.0,0.0,0.0,0.0,0.0,0.25,0,tracking_grants_for_research,tracking_grants_for_research,tracking_grants_for_research,1
0.95,0.95,0.95,0.9,0.9,0.9,0.9,0.85,0.75,0.2,0.05,0.0,0.0,0.0,0.0,0.0,1,manufactory_1,products_gen_characteristics,manufactory_1,0
0.95,0.7,0.6,0.5,0.4,0.3,0.3,0.1,0.05,0.05,0.0,0.0,0.0,0.0,0.0,0.25,0,tracking_grants_for_research,tracking_grants_for_research,tracking_grants_for_research,1
0.95,0.0,0.0,0.0,0.0,0.0,0.0,0.0,0.0,0.0,0.0,0.0,0.0,0.0,0.0,0.95,0,yelp,public_review_platform,yelp,0
0.9,0.9,0.9,0.9,0.9,0.85,0.8,0.75,0.65,0.2,0.05,0.0,0.0,0.0,0.0,0.0,1,manufactory_1,products_gen_characteristics,customers_and_products_contacts,0
0.95,0.1,0.1,0.1,0.1,0.1,0.1,0.1,0.1,0.1,0.1,0.05,0.05,0.05,0.05,0.85,0,yelp,public_review_platform,yelp,0
0.9,0.6,0.5,0.4,0.3,0.3,0.3,0.3,0.1,0.1,0.0,0.0,0.0,0.0,0.0,0.3,0,tracking_grants_for_research,tracking_grants_for_research,tracking_grants_for_research,1
0.95,0.1,0.1,0.05,0.0,0.0,0.0,0.0,0.0,0.0,0.0,0.0,0.0,0.0,0.0,0.85,0,tracking_grants_for_research,e_government,tracking_grants_for_research,0
0.95,0.95,0.95,0.95,0.9,0.9,0.85,0.8,0.75,0.1,0.05,0.0,0.0,0.0,0.0,0.0,1,manufactory_1,products_gen_characteristics,customers_and_orders,0
0.95,0.7,0.3,0.1,0.05,0.0,0.0,0.0,0.0,0.0,0.0,0.0,0.0,0.0,0.0,0.25,0,yelp,epinions_1,yelp,0
0.9,0.85,0.8,0.05,0.05,0.05,0.05,0.05,0.05,0.05,0.0,0.0,0.0,0.0,0.0,0.05,1,tracking_grants_for_research,e_government,tracking_grants_for_research,0
0.95,0.2,0.1,0.05,0.05,0.01,0.01,0.01,0.01,0.01,0.01,0.01,0.0,0.0,0.0,0.75,0,manufactory_1,manufactory_1,manufactory_1,1
0.95,0.7,0.6,0.4,0.3,0.3,0.3,0.3,0.3,0.3,0.1,0.1,0.1,0.1,0.1,0.25,0,yelp,restaurant,restaurants,0
0.95,0.75,0.05,0.05,0.01,0.01,0.01,0.01,0.01,0.01,0.0,0.0,0.0,0.0,0.0,0.2,1,tracking_grants_for_research,soccer_3,soccer_3,0
0.95,0.1,0.05,0.05,0.01,0.01,0.01,0.01,0.01,0.01,0.01,0.01,0.01,0.0,0.0,0.85,0,manufactory_1,manufactory_1,manufactory_1,1
0.95,0.85,0.0,0.0,0.0,0.0,0.0,0.0,0.0,0.0,0.0,0.0,0.0,0.0,0.0,0.1,1,yelp,yelp,restaurants,1
0.95,0.9,0.9,0.9,0.8,0.7,0.6,0.0,0.0,0.0,0.0,0.0,0.0,0.0,0.0,0.05,1,manufactory_1,store_product,manufactory_1,0
0.9,0.85,0.05,0.0,0.0,0.0,0.0,0.0,0.0,0.0,0.0,0.0,0.0,0.0,0.0,0.05,1,yelp,yelp,yelp,1
0.95,0.85,0.05,0.01,0.01,0.01,0.01,0.01,0.01,0.01,0.01,0.0,0.0,0.0,0.0,0.1,1,tracking_grants_for_research,soccer_3,soccer_3,0
0.95,0.1,0.05,0.0,0.0,0.0,0.0,0.0,0.0,0.0,0.0,0.0,0.0,0.0,0.0,0.85,0,yelp,restaurant,yelp,0
0.98,0.95,0.92,0.9,0.85,0.65,0.1,0.1,0.05,0.01,0.0,0.0,0.0,0.0,0.0,0.03,1,manufactory_1,products_gen_characteristics,customers_and_orders,0
0.85,0.75,0.1,0.1,0.1,0.05,0.05,0.05,0.0,0.0,0.0,0.0,0.0,0.0,0.0,0.1,1,tracking_grants_for_research,tracking_grants_for_research,tracking_grants_for_research,1
0.95,0.0,0.0,0.0,0.0,0.0,0.0,0.0,0.0,0.0,0.0,0.0,0.0,0.0,0.0,0.95,0,yelp,public_review_platform,yelp,0
0.95,0.95,0.9,0.9,0.85,0.7,0.3,0.1,0.1,0.05,0.05,0.0,0.0,0.0,0.0,0.0,1,manufactory_1,products_gen_characteristics,e_commerce,0
0.85,0.1,0.1,0.05,0.05,0.05,0.05,0.05,0.0,0.0,0.0,0.0,0.0,0.0,0.0,0.75,0,tracking_grants_for_research,tracking_grants_for_research,tracking_grants_for_research,1
0.85,0.8,0.75,0.65,0.2,0.15,0.1,0.1,0.05,0.05,0.05,0.0,0.0,0.0,0.0,0.05,1,tracking_grants_for_research,tracking_grants_for_research,tracking_grants_for_research,1
0.95,0.7,0.65,0.6,0.5,0.5,0.4,0.4,0.3,0.3,0.2,0.1,0.1,0.1,0.05,0.25,0,yelp,restaurant,restaurants,0
0.95,0.9,0.9,0.9,0.85,0.8,0.75,0.7,0.6,0.1,0.05,0.0,0.0,0.0,0.0,0.05,1,manufactory_1,products_gen_characteristics,e_commerce,0
0.95,0.85,0.75,0.75,0.75,0.75,0.7,0.7,0.6,0.5,0.3,0.1,0.0,0.0,0.0,0.1,1,manufactory_1,manufactory_1,manufactory_1,1
0.75,0.7,0.6,0.4,0.2,0.1,0.1,0.1,0.1,0.0,0.0,0.0,0.0,0.0,0.0,0.05,1,tracking_grants_for_research,club_leader,club_leader,0
0.9,0.85,0.15,0.1,0.05,0.05,0.05,0.0,0.0,0.0,0.0,0.0,0.0,0.0,0.0,0.05,1,yelp,yelp,restaurants,1
0.95,0.05,0.0,0.0,0.0,0.0,0.0,0.0,0.0,0.0,0.0,0.0,0.0,0.0,0.0,0.9,0,yelp,restaurant,yelp,0
0.95,0.85,0.8,0.8,0.75,0.75,0.7,0.7,0.5,0.3,0.2,0.1,0.0,0.0,0.0,0.1,1,manufactory_1,manufactory_1,manufactory_1,1
0.95,0.75,0.2,0.1,0.05,0.05,0.05,0.01,0.01,0.01,0.01,0.0,0.0,0.0,0.0,0.2,1,manufactory_1,manufactory_1,manufactory_1,1
0.85,0.85,0.8,0.75,0.1,0.05,0.05,0.02,0.01,0.01,0.01,0.0,0.0,0.0,0.0,0.0,1,tracking_grants_for_research,company_1,tracking_grants_for_research,0
0.95,0.1,0.1,0.05,0.01,0.01,0.01,0.01,0.01,0.01,0.01,0.0,0.0,0.0,0.0,0.85,0,manufactory_1,manufactory_1,manufactory_1,1
0.95,0.05,0.05,0.0,0.0,0.0,0.0,0.0,0.0,0.0,0.0,0.0,0.0,0.0,0.0,0.9,0,yelp,public_review_platform,yelp,0
0.95,0.05,0.0,0.0,0.0,0.0,0.0,0.0,0.0,0.0,0.0,0.0,0.0,0.0,0.0,0.9,0,yelp,yelp,yelp,1
0.95,0.2,0.15,0.1,0.05,0.03,0.02,0.01,0.01,0.01,0.01,0.0,0.0,0.0,0.0,0.75,0,manufactory_1,manufactory_1,manufactory_1,1
0.7,0.0,0.0,0.0,0.0,0.0,0.0,0.0,0.0,0.0,0.0,0.0,0.0,0.0,0.0,0.7,0,tracking_grants_for_research,donor,tracking_grants_for_research,0
0.75,0.2,0.0,0.0,0.0,0.0,0.0,0.0,0.0,0.0,0.0,0.0,0.0,0.0,0.0,0.55,0,tracking_grants_for_research,donor,tracking_grants_for_research,0
0.85,0.8,0.75,0.7,0.2,0.15,0.1,0.0,0.0,0.0,0.0,0.0,0.0,0.0,0.0,0.05,1,yelp,epinions_1,epinions_1,0
0.95,0.15,0.15,0.1,0.05,0.01,0.01,0.01,0.01,0.01,0.0,0.0,0.0,0.0,0.0,0.8,0,manufactory_1,manufactory_1,manufactory_1,1
0.85,0.1,0.1,0.1,0.05,0.05,0.05,0.05,0.0,0.0,0.0,0.0,0.0,0.0,0.0,0.75,0,tracking_grants_for_research,tracking_grants_for_research,tracking_grants_for_research,1
0.85,0.7,0.6,0.0,0.0,0.0,0.0,0.0,0.0,0.0,0.0,0.0,0.0,0.0,0.0,0.15,1,yelp,public_review_platform,yelp,0
0.95,0.9,0.85,0.7,0.6,0.3,0.2,0.1,0.1,0.1,0.05,0.05,0.0,0.0,0.0,0.05,1,manufactory_1,manufactory_1,manufactory_1,1
0.95,0.85,0.8,0.75,0.6,0.3,0.2,0.1,0.05,0.05,0.05,0.0,0.0,0.0,0.0,0.1,1,manufactory_1,manufactory_1,manufactory_1,1
0.85,0.75,0.1,0.1,0.1,0.05,0.05,0.05,0.05,0.0,0.0,0.0,0.0,0.0,0.0,0.1,1,tracking_grants_for_research,tracking_grants_for_research,tracking_grants_for_research,1
0.95,0.9,0.85,0.15,0.1,0.1,0.1,0.05,0.05,0.01,0.01,0.0,0.0,0.0,0.0,0.05,1,tracking_grants_for_research,tracking_grants_for_research,tracking_grants_for_research,1
0.95,0.1,0.1,0.05,0.05,0.05,0.05,0.05,0.05,0.05,0.05,0.05,0.05,0.05,0.05,0.85,0,yelp,public_review_platform,yelp,0
0.85,0.75,0.25,0.2,0.15,0.1,0.1,0.1,0.05,0.05,0.0,0.0,0.0,0.0,0.0,0.1,1,tracking_grants_for_research,donor,tracking_grants_for_research,0
0.95,0.05,0.0,0.0,0.0,0.0,0.0,0.0,0.0,0.0,0.0,0.0,0.0,0.0,0.0,0.9,0,yelp,yelp,yelp,1
0.95,0.95,0.95,0.95,0.95,0.9,0.85,0.6,0.3,0.1,0.0,0.0,0.0,0.0,0.0,0.0,1,manufactory_1,products_gen_characteristics,customers_and_products_contacts,0
0.95,0.85,0.75,0.75,0.1,0.1,0.1,0.05,0.05,0.05,0.05,0.05,0.0,0.0,0.0,0.1,1,tracking_grants_for_research,tracking_grants_for_research,tracking_grants_for_research,1
0.05,0.05,0.03,0.02,0.02,0.01,0.01,0.01,0.0,0.0,0.0,0.0,0.0,0.0,0.0,0.0,1,yelp,yelp,yelp,1
0.95,0.05,0.0,0.0,0.0,0.0,0.0,0.0,0.0,0.0,0.0,0.0,0.0,0.0,0.0,0.9,0,yelp,yelp,yelp,1
0.95,0.9,0.9,0.85,0.85,0.8,0.7,0.3,0.2,0.1,0.0,0.0,0.0,0.0,0.0,0.05,1,manufactory_1,products_gen_characteristics,e_commerce,0
0.95,0.85,0.75,0.7,0.6,0.5,0.3,0.2,0.1,0.05,0.0,0.0,0.0,0.0,0.0,0.1,1,manufactory_1,manufactory_1,manufactory_1,1
0.95,0.7,0.6,0.5,0.1,0.1,0.1,0.1,0.1,0.1,0.1,0.1,0.1,0.1,0.1,0.25,0,yelp,public_review_platform,yelp,0
0.95,0.15,0.12,0.1,0.08,0.07,0.05,0.04,0.03,0.02,0.01,0.01,0.0,0.0,0.0,0.8,0,tracking_grants_for_research,tracking_grants_for_research,tracking_grants_for_research,1
0.95,0.1,0.08,0.07,0.06,0.05,0.04,0.03,0.02,0.02,0.01,0.0,0.0,0.0,0.0,0.85,0,tracking_grants_for_research,tracking_grants_for_research,tracking_grants_for_research,1
0.95,0.85,0.75,0.75,0.7,0.6,0.5,0.3,0.1,0.1,0.0,0.0,0.0,0.0,0.0,0.1,1,manufactory_1,manufactory_1,manufactory_1,1
0.8,0.1,0.1,0.1,0.1,0.1,0.1,0.1,0.1,0.1,0.1,0.1,0.1,0.1,0.1,0.7,0,tracking_grants_for_research,codebase_community,tracking_grants_for_research,0
0.95,0.3,0.2,0.2,0.2,0.1,0.1,0.1,0.1,0.1,0.1,0.1,0.1,0.1,0.1,0.65,0,yelp,public_review_platform,yelp,0
0.95,0.0,0.0,0.0,0.0,0.0,0.0,0.0,0.0,0.0,0.0,0.0,0.0,0.0,0.0,0.95,0,tracking_grants_for_research,codebase_community,tracking_grants_for_research,0
0.95,0.05,0.0,0.0,0.0,0.0,0.0,0.0,0.0,0.0,0.0,0.0,0.0,0.0,0.0,0.9,0,yelp,yelp,yelp,1
0.95,0.9,0.85,0.75,0.1,0.05,0.0,0.0,0.0,0.0,0.0,0.0,0.0,0.0,0.0,0.05,1,yelp,epinions_1,yelp,0
0.95,0.9,0.85,0.85,0.85,0.85,0.8,0.4,0.3,0.1,0.0,0.0,0.0,0.0,0.0,0.05,1,manufactory_1,products_gen_characteristics,manufactory_1,0
0.95,0.3,0.2,0.1,0.1,0.1,0.1,0.1,0.1,0.0,0.0,0.0,0.0,0.0,0.0,0.65,0,tracking_grants_for_research,company_1,tracking_grants_for_research,0
0.85,0.85,0.85,0.8,0.8,0.8,0.75,0.3,0.1,0.05,0.0,0.0,0.0,0.0,0.0,0.0,1,manufactory_1,products_gen_characteristics,products_gen_characteristics,0
0.95,0.7,0.1,0.1,0.1,0.1,0.05,0.05,0.05,0.05,0.05,0.05,0.0,0.0,0.0,0.25,0,manufacturer,manufactory_1,manufacturer,0
0.95,0.9,0.7,0.05,0.05,0.05,0.0,0.0,0.0,0.0,0.0,0.0,0.0,0.0,0.0,0.05,1,yelp,yelp,yelp,1
0.95,0.85,0.7,0.6,0.1,0.1,0.1,0.0,0.0,0.0,0.0,0.0,0.0,0.0,0.0,0.1,1,tracking_grants_for_research,tracking_grants_for_research,tracking_grants_for_research,1
0.95,0.1,0.05,0.05,0.05,0.01,0.01,0.01,0.0,0.0,0.0,0.0,0.0,0.0,0.0,0.85,0,manufacturer,manufacturer,manufacturer,1
0.85,0.8,0.75,0.7,0.0,0.0,0.0,0.0,0.0,0.0,0.0,0.0,0.0,0.0,0.0,0.05,1,yelp,restaurant,restaurants,0
0.95,0.7,0.2,0.1,0.05,0.0,0.0,0.0,0.0,0.0,0.0,0.0,0.0,0.0,0.0,0.25,0,yelp,epinions_1,yelp,0
0.9,0.85,0.85,0.8,0.75,0.7,0.65,0.6,0.25,0.2,0.15,0.1,0.1,0.0,0.0,0.05,1,tracking_grants_for_research,cre_Doc_Workflow,conference,0
0.95,0.15,0.1,0.02,0.02,0.01,0.01,0.01,0.01,0.01,0.0,0.0,0.0,0.0,0.0,0.8,0,tracking_grants_for_research,tracking_grants_for_research,tracking_grants_for_research,1
0.95,0.1,0.05,0.02,0.01,0.01,0.01,0.01,0.01,0.01,0.01,0.01,0.0,0.0,0.0,0.85,0,manufacturer,manufacturer,manufacturer,1
0.95,0.2,0.15,0.1,0.1,0.1,0.05,0.05,0.05,0.0,0.0,0.0,0.0,0.0,0.0,0.75,0,manufacturer,manufacturer,manufacturer,1
0.95,0.0,0.0,0.0,0.0,0.0,0.0,0.0,0.0,0.0,0.0,0.0,0.0,0.0,0.0,0.95,0,yelp,yelp,yelp,1
0.95,0.9,0.3,0.2,0.15,0.1,0.1,0.1,0.05,0.05,0.05,0.05,0.0,0.0,0.0,0.05,1,manufacturer,manufacturer,manufacturer,1
0.95,0.1,0.1,0.05,0.05,0.05,0.0,0.0,0.0,0.0,0.0,0.0,0.0,0.0,0.0,0.85,0,tracking_grants_for_research,tracking_grants_for_research,tracking_grants_for_research,1
0.85,0.7,0.2,0.0,0.0,0.0,0.0,0.0,0.0,0.0,0.0,0.0,0.0,0.0,0.0,0.15,1,yelp,epinions_1,yelp,0
0.95,0.9,0.85,0.8,0.2,0.15,0.1,0.1,0.05,0.05,0.05,0.0,0.0,0.0,0.0,0.05,1,manufacturer,manufacturer,manufacturer,1
0.95,0.0,0.0,0.0,0.0,0.0,0.0,0.0,0.0,0.0,0.0,0.0,0.0,0.0,0.0,0.95,0,yelp,public_review_platform,yelp,0
0.9,0.85,0.85,0.8,0.8,0.75,0.7,0.0,0.0,0.0,0.0,0.0,0.0,0.0,0.0,0.05,1,tracking_grants_for_research,human_resources,department_store,0
0.85,0.6,0.2,0.15,0.1,0.1,0.1,0.1,0.05,0.05,0.05,0.0,0.0,0.0,0.0,0.25,0,manufacturer,manufacturer,manufacturer,1
0.9,0.85,0.8,0.2,0.1,0.1,0.05,0.05,0.05,0.05,0.05,0.05,0.05,0.0,0.0,0.05,1,tracking_grants_for_research,tracking_grants_for_research,cre_Doc_Workflow,1
0.95,0.85,0.1,0.08,0.05,0.05,0.03,0.02,0.02,0.01,0.01,0.01,0.01,0.0,0.0,0.1,1,manufacturer,manufacturer,manufacturer,1
0.95,0.95,0.95,0.1,0.1,0.1,0.1,0.1,0.1,0.1,0.1,0.05,0.05,0.05,0.0,0.0,1,tracking_orders,tracking_orders,tracking_orders,1
0.95,0.7,0.1,0.05,0.05,0.05,0.0,0.0,0.0,0.0,0.0,0.0,0.0,0.0,0.0,0.25,0,yelp,restaurant,restaurants,0
0.9,0.85,0.75,0.7,0.6,0.5,0.2,0.0,0.0,0.0,0.0,0.0,0.0,0.0,0.0,0.05,1,match_season,country_language,world_1,0
0.95,0.05,0.0,0.0,0.0,0.0,0.0,0.0,0.0,0.0,0.0,0.0,0.0,0.0,0.0,0.9,0,yelp,yelp,yelp,1
0.95,0.92,0.9,0.85,0.2,0.15,0.12,0.1,0.05,0.05,0.05,0.0,0.0,0.0,0.0,0.03,1,tracking_orders,tracking_orders,customers_and_invoices,1
0.95,0.85,0.2,0.15,0.1,0.1,0.05,0.05,0.05,0.0,0.0,0.0,0.0,0.0,0.0,0.1,1,match_season,match_season,match_season,1
0.95,0.05,0.0,0.0,0.0,0.0,0.0,0.0,0.0,0.0,0.0,0.0,0.0,0.0,0.0,0.9,0,yelp,yelp,yelp,1
0.95,0.95,0.95,0.95,0.95,0.95,0.9,0.85,0.85,0.1,0.1,0.1,0.05,0.0,0.0,0.0,1,tracking_orders,customers_and_orders,customers_and_orders,0
0.85,0.8,0.75,0.7,0.7,0.65,0.3,0.25,0.2,0.15,0.1,0.05,0.0,0.0,0.0,0.05,1,tracking_grants_for_research,cre_Doc_Workflow,cre_Doc_Workflow,0
0.95,0.7,0.0,0.0,0.0,0.0,0.0,0.0,0.0,0.0,0.0,0.0,0.0,0.0,0.0,0.25,0,yelp,yelp,yelp,1
0.95,0.85,0.8,0.75,0.65,0.4,0.3,0.2,0.1,0.05,0.0,0.0,0.0,0.0,0.0,0.1,1,match_season,match_season,match_season,1
0.95,0.95,0.95,0.95,0.95,0.95,0.95,0.9,0.1,0.1,0.05,0.0,0.0,0.0,0.0,0.0,1,tracking_orders,customers_and_orders,customers_and_orders,0
0.95,0.9,0.1,0.1,0.05,0.0,0.0,0.0,0.0,0.0,0.0,0.0,0.0,0.0,0.0,0.05,1,yelp,yelp,yelp,1
0.95,0.95,0.95,0.95,0.95,0.95,0.85,0.8,0.7,0.1,0.1,0.1,0.1,0.1,0.1,0.0,1,chinook_1,human_resources,store_1,0
0.95,0.15,0.1,0.05,0.05,0.05,0.05,0.05,0.05,0.05,0.05,0.05,0.05,0.05,0.05,0.8,0,county_public_safety,county_public_safety,county_public_safety,1
0.95,0.95,0.05,0.0,0.0,0.0,0.0,0.0,0.0,0.0,0.0,0.0,0.0,0.0,0.0,0.0,1,chinook_1,store_1,store_1,0
0.95,0.95,0.0,0.0,0.0,0.0,0.0,0.0,0.0,0.0,0.0,0.0,0.0,0.0,0.0,0.0,1,chinook_1,store_1,store_1,0
0.95,0.1,0.05,0.0,0.0,0.0,0.0,0.0,0.0,0.0,0.0,0.0,0.0,0.0,0.0,0.85,0,county_public_safety,county_public_safety,county_public_safety,1
0.95,0.05,0.05,0.01,0.01,0.01,0.0,0.0,0.0,0.0,0.0,0.0,0.0,0.0,0.0,0.9,0,county_public_safety,county_public_safety,county_public_safety,1
0.95,0.9,0.85,0.8,0.75,0.7,0.65,0.6,0.4,0.3,0.2,0.15,0.1,0.0,0.0,0.05,1,chinook_1,store_1,store_1,0
0.9,0.85,0.7,0.65,0.6,0.5,0.4,0.3,0.2,0.0,0.0,0.0,0.0,0.0,0.0,0.05,1,county_public_safety,county_public_safety,county_public_safety,1
0.95,0.9,0.85,0.8,0.75,0.7,0.2,0.15,0.1,0.05,0.05,0.05,0.0,0.0,0.0,0.05,1,chinook_1,store_1,store_1,0
0.95,0.9,0.1,0.05,0.0,0.0,0.0,0.0,0.0,0.0,0.0,0.0,0.0,0.0,0.0,0.05,1,chinook_1,store_1,store_1,0
0.9,0.85,0.75,0.7,0.65,0.6,0.5,0.3,0.2,0.0,0.0,0.0,0.0,0.0,0.0,0.05,1,county_public_safety,county_public_safety,county_public_safety,1
0.95,0.1,0.1,0.1,0.05,0.05,0.0,0.0,0.0,0.0,0.0,0.0,0.0,0.0,0.0,0.85,0,county_public_safety,county_public_safety,county_public_safety,1
0.95,0.2,0.1,0.0,0.0,0.0,0.0,0.0,0.0,0.0,0.0,0.0,0.0,0.0,0.0,0.75,0,county_public_safety,county_public_safety,county_public_safety,1
0.95,0.95,0.7,0.1,0.05,0.05,0.01,0.01,0.01,0.01,0.0,0.0,0.0,0.0,0.0,0.0,1,chinook_1,store_1,store_1,0
0.95,0.85,0.75,0.7,0.65,0.5,0.3,0.1,0.1,0.0,0.0,0.0,0.0,0.0,0.0,0.1,1,cinema,movie_3,movie_1,0
0.95,0.15,0.1,0.05,0.0,0.0,0.0,0.0,0.0,0.0,0.0,0.0,0.0,0.0,0.0,0.8,0,county_public_safety,county_public_safety,county_public_safety,1
0.98,0.97,0.95,0.85,0.75,0.7,0.6,0.5,0.05,0.0,0.0,0.0,0.0,0.0,0.0,0.01,1,cinema,movie_3,movie_1,0
0.95,0.05,0.0,0.0,0.0,0.0,0.0,0.0,0.0,0.0,0.0,0.0,0.0,0.0,0.0,0.9,0,county_public_safety,county_public_safety,county_public_safety,1
0.95,0.85,0.75,0.7,0.1,0.05,0.05,0.01,0.01,0.0,0.0,0.0,0.0,0.0,0.0,0.1,1,cinema,imdb,imdb,0
0.95,0.85,0.75,0.7,0.6,0.1,0.1,0.05,0.0,0.0,0.0,0.0,0.0,0.0,0.0,0.1,1,cinema,imdb,imdb,0
0.85,0.75,0.7,0.65,0.55,0.45,0.35,0.25,0.15,0.0,0.0,0.0,0.0,0.0,0.0,0.1,1,county_public_safety,county_public_safety,county_public_safety,1
0.8,0.7,0.7,0.7,0.6,0.2,0.1,0.1,0.1,0.0,0.0,0.0,0.0,0.0,0.0,0.1,1,county_public_safety,geo,county_public_safety,0
0.95,0.9,0.85,0.75,0.7,0.7,0.3,0.3,0.2,0.1,0.1,0.1,0.1,0.1,0.1,0.05,1,cinema,film_rank,imdb,0
0.95,0.05,0.05,0.0,0.0,0.0,0.0,0.0,0.0,0.0,0.0,0.0,0.0,0.0,0.0,0.9,0,county_public_safety,county_public_safety,county_public_safety,1
0.95,0.05,0.01,0.01,0.01,0.01,0.01,0.01,0.01,0.01,0.01,0.0,0.0,0.0,0.0,0.9,0,cinema,cinema,cinema,1
0.9,0.85,0.85,0.8,0.75,0.75,0.7,0.7,0.2,0.1,0.1,0.1,0.0,0.0,0.0,0.05,1,county_public_safety,county_public_safety,county_public_safety,1
0.85,0.8,0.75,0.3,0.15,0.1,0.1,0.1,0.05,0.05,0.05,0.05,0.0,0.0,0.0,0.05,1,county_public_safety,county_public_safety,county_public_safety,1
0.7,0.6,0.5,0.3,0.3,0.2,0.1,0.0,0.0,0.0,0.0,0.0,0.0,0.0,0.0,0.1,1,cinema,movie_3,cinema,0
0.8,0.7,0.7,0.7,0.6,0.6,0.1,0.1,0.0,0.0,0.0,0.0,0.0,0.0,0.0,0.1,1,cinema,movie_3,cinema,0
0.95,0.05,0.05,0.05,0.05,0.0,0.0,0.0,0.0,0.0,0.0,0.0,0.0,0.0,0.0,0.9,0,cinema,cinema,cinema,1
0.95,0.3,0.2,0.1,0.1,0.05,0.05,0.05,0.05,0.0,0.0,0.0,0.0,0.0,0.0,0.65,0,county_public_safety,county_public_safety,county_public_safety,1
0.85,0.2,0.15,0.1,0.05,0.05,0.05,0.05,0.05,0.0,0.0,0.0,0.0,0.0,0.0,0.65,0,county_public_safety,county_public_safety,county_public_safety,1
0.8,0.7,0.7,0.6,0.6,0.5,0.4,0.3,0.2,0.0,0.0,0.0,0.0,0.0,0.0,0.1,1,cinema,bbc_channels,cinema,0
0.85,0.85,0.8,0.75,0.7,0.6,0.2,0.1,0.05,0.0,0.0,0.0,0.0,0.0,0.0,0.0,1,cinema,cinema,cinema,1
0.85,0.2,0.15,0.1,0.1,0.1,0.05,0.05,0.0,0.0,0.0,0.0,0.0,0.0,0.0,0.65,0,county_public_safety,county_public_safety,county_public_safety,1
0.95,0.2,0.1,0.05,0.05,0.01,0.01,0.01,0.01,0.0,0.0,0.0,0.0,0.0,0.0,0.75,0,county_public_safety,county_public_safety,county_public_safety,1
0.95,0.05,0.0,0.0,0.0,0.0,0.0,0.0,0.0,0.0,0.0,0.0,0.0,0.0,0.0,0.9,0,cinema,film_rank,cinema,0
0.95,0.2,0.1,0.05,0.0,0.0,0.0,0.0,0.0,0.0,0.0,0.0,0.0,0.0,0.0,0.75,0,county_public_safety,county_public_safety,county_public_safety,1
0.95,0.7,0.0,0.0,0.0,0.0,0.0,0.0,0.0,0.0,0.0,0.0,0.0,0.0,0.0,0.25,0,cinema,cinema,cinema,1
0.95,0.3,0.2,0.1,0.05,0.05,0.05,0.0,0.0,0.0,0.0,0.0,0.0,0.0,0.0,0.65,0,county_public_safety,county_public_safety,county_public_safety,1
0.85,0.75,0.7,0.7,0.65,0.6,0.6,0.0,0.0,0.0,0.0,0.0,0.0,0.0,0.0,0.1,1,cinema,movie_3,imdb,0
0.95,0.05,0.05,0.05,0.0,0.0,0.0,0.0,0.0,0.0,0.0,0.0,0.0,0.0,0.0,0.9,0,cre_Doc_Control_Systems,cre_Doc_Control_Systems,cre_Doc_Control_Systems,1
0.95,0.85,0.75,0.65,0.55,0.4,0.3,0.25,0.2,0.15,0.1,0.1,0.0,0.0,0.0,0.1,1,cre_Doc_Control_Systems,cre_Doc_Control_Systems,cre_Doc_Control_Systems,1
0.95,0.85,0.8,0.75,0.7,0.7,0.05,0.0,0.0,0.0,0.0,0.0,0.0,0.0,0.0,0.1,1,cinema,movie_3,imdb,0
0.9,0.2,0.15,0.1,0.1,0.05,0.05,0.0,0.0,0.0,0.0,0.0,0.0,0.0,0.0,0.7,0,city_record,city_record,city_record,1
0.85,0.75,0.7,0.65,0.5,0.3,0.1,0.05,0.0,0.0,0.0,0.0,0.0,0.0,0.0,0.1,1,cre_Doc_Control_Systems,cre_Doc_Control_Systems,cre_Doc_Control_Systems,1
0.9,0.1,0.05,0.05,0.05,0.01,0.01,0.01,0.01,0.0,0.0,0.0,0.0,0.0,0.0,0.8,0,city_record,city_record,city_record,1
0.95,0.1,0.05,0.01,0.01,0.01,0.01,0.01,0.01,0.0,0.0,0.0,0.0,0.0,0.0,0.85,0,city_record,city_record,city_record,1
0.95,0.7,0.6,0.5,0.4,0.3,0.2,0.2,0.1,0.1,0.05,0.05,0.05,0.05,0.0,0.25,0,cre_Doc_Control_Systems,cre_Doc_Tracking_DB,cre_Doc_Control_Systems,0
0.95,0.1,0.05,0.01,0.01,0.0,0.0,0.0,0.0,0.0,0.0,0.0,0.0,0.0,0.0,0.85,0,city_record,city_record,city_record,1
0.95,0.85,0.75,0.05,0.01,0.01,0.01,0.01,0.01,0.01,0.01,0.01,0.01,0.01,0.01,0.1,1,cre_Doc_Control_Systems,cre_Doc_Control_Systems,cre_Doc_Control_Systems,1
0.95,0.05,0.03,0.02,0.02,0.01,0.01,0.01,0.01,0.01,0.01,0.01,0.01,0.0,0.0,0.9,0,cre_Doc_Control_Systems,cre_Doc_Control_Systems,cre_Doc_Control_Systems,1
0.85,0.05,0.05,0.05,0.05,0.05,0.05,0.05,0.05,0.0,0.0,0.0,0.0,0.0,0.0,0.8,0,city_record,city_record,city_record,1
0.85,0.05,0.03,0.02,0.02,0.01,0.01,0.01,0.01,0.0,0.0,0.0,0.0,0.0,0.0,0.8,0,city_record,city_record,city_record,1
0.98,0.05,0.02,0.02,0.01,0.01,0.01,0.01,0.01,0.01,0.0,0.0,0.0,0.0,0.0,0.93,0,city_record,city_record,city_record,1
0.95,0.05,0.02,0.01,0.01,0.01,0.01,0.01,0.0,0.0,0.0,0.0,0.0,0.0,0.0,0.9,0,cre_Doc_Control_Systems,cre_Doc_Control_Systems,cre_Doc_Control_Systems,1
0.9,0.2,0.2,0.1,0.1,0.1,0.1,0.1,0.1,0.1,0.0,0.0,0.0,0.0,0.0,0.7,0,city_record,city_record,city_record,1
0.95,0.85,0.7,0.6,0.4,0.3,0.2,0.1,0.0,0.0,0.0,0.0,0.0,0.0,0.0,0.1,1,city_record,world_1,city_record,0
0.95,0.1,0.05,0.04,0.03,0.02,0.01,0.0,0.0,0.0,0.0,0.0,0.0,0.0,0.0,0.85,0,cre_Doc_Control_Systems,cre_Doc_Control_Systems,cre_Doc_Control_Systems,1
0.95,0.1,0.1,0.05,0.05,0.05,0.05,0.05,0.05,0.05,0.05,0.0,0.0,0.0,0.0,0.85,0,cre_Doc_Control_Systems,cre_Doc_Control_Systems,cre_Doc_Control_Systems,1
0.95,0.85,0.75,0.65,0.3,0.2,0.1,0.05,0.05,0.0,0.0,0.0,0.0,0.0,0.0,0.1,1,city_record,world_1,city_record,0
0.95,0.85,0.75,0.3,0.2,0.15,0.1,0.1,0.05,0.05,0.05,0.0,0.0,0.0,0.0,0.1,1,cre_Doc_Control_Systems,cre_Doc_Control_Systems,cre_Doc_Control_Systems,1
0.95,0.3,0.3,0.2,0.2,0.2,0.1,0.1,0.1,0.1,0.1,0.1,0.0,0.0,0.0,0.65,0,cre_Doc_Control_Systems,cre_Doc_Control_Systems,cre_Doc_Control_Systems,1
0.95,0.85,0.3,0.25,0.2,0.15,0.1,0.1,0.05,0.0,0.0,0.0,0.0,0.0,0.0,0.1,1,city_record,world_1,city_record,0
0.95,0.1,0.05,0.05,0.05,0.05,0.05,0.0,0.0,0.0,0.0,0.0,0.0,0.0,0.0,0.85,0,cre_Doc_Control_Systems,cre_Doc_Control_Systems,cre_Doc_Control_Systems,1
0.95,0.85,0.6,0.5,0.3,0.2,0.2,0.1,0.0,0.0,0.0,0.0,0.0,0.0,0.0,0.1,1,city_record,world_1,city_record,0
0.85,0.75,0.7,0.6,0.5,0.4,0.4,0.3,0.3,0.2,0.2,0.1,0.1,0.1,0.1,0.1,1,city_record,sports_competition,sports_competition,0
0.95,0.85,0.75,0.3,0.3,0.2,0.2,0.2,0.1,0.1,0.1,0.0,0.0,0.0,0.0,0.1,1,cre_Doc_Control_Systems,cre_Doc_Tracking_DB,cre_Doc_Control_Systems,0
0.95,0.1,0.1,0.1,0.1,0.1,0.05,0.05,0.05,0.05,0.0,0.0,0.0,0.0,0.0,0.85,0,cre_Doc_Control_Systems,cre_Doc_Control_Systems,cre_Doc_Control_Systems,1
0.95,0.85,0.7,0.3,0.2,0.2,0.1,0.1,0.1,0.05,0.05,0.0,0.0,0.0,0.0,0.1,1,cre_Doc_Control_Systems,cre_Doc_Workflow,cre_Doc_Control_Systems,0
0.95,0.7,0.6,0.3,0.2,0.1,0.1,0.1,0.1,0.0,0.0,0.0,0.0,0.0,0.0,0.25,0,cre_Doc_Control_Systems,cre_Doc_Control_Systems,cre_Doc_Control_Systems,1
0.95,0.9,0.85,0.8,0.75,0.25,0.2,0.15,0.1,0.05,0.05,0.0,0.0,0.0,0.0,0.05,1,city_record,sports_competition,city_record,0
0.95,0.7,0.1,0.1,0.1,0.1,0.05,0.05,0.05,0.05,0.05,0.05,0.0,0.0,0.0,0.25,0,city_record,game_injury,city_record,0
0.95,0.75,0.5,0.3,0.25,0.2,0.15,0.1,0.05,0.05,0.05,0.0,0.0,0.0,0.0,0.2,1,cre_Doc_Control_Systems,cre_Doc_Tracking_DB,cre_Doc_Control_Systems,0
0.95,0.1,0.05,0.05,0.05,0.02,0.01,0.01,0.01,0.01,0.01,0.0,0.0,0.0,0.0,0.85,0,city_record,city_record,city_record,1
0.95,0.9,0.85,0.8,0.75,0.0,0.0,0.0,0.0,0.0,0.0,0.0,0.0,0.0,0.0,0.05,1,cre_Doc_Tracking_DB,human_resources,cre_Doc_Tracking_DB,0
0.95,0.85,0.75,0.1,0.05,0.05,0.05,0.0,0.0,0.0,0.0,0.0,0.0,0.0,0.0,0.1,1,city_record,world_1,city_record,0
0.95,0.95,0.85,0.7,0.4,0.3,0.3,0.2,0.2,0.0,0.0,0.0,0.0,0.0,0.0,0.0,1,cre_Doc_Tracking_DB,human_resources,document_management,0
0.95,0.7,0.6,0.3,0.1,0.05,0.05,0.0,0.0,0.0,0.0,0.0,0.0,0.0,0.0,0.25,0,city_record,world_1,city_record,0
0.85,0.6,0.1,0.05,0.05,0.05,0.0,0.0,0.0,0.0,0.0,0.0,0.0,0.0,0.0,0.25,0,city_record,city_record,city_record,1
0.95,0.9,0.85,0.8,0.75,0.7,0.65,0.55,0.4,0.3,0.0,0.0,0.0,0.0,0.0,0.05,1,cre_Doc_Tracking_DB,college_1,document_management,0
0.95,0.9,0.3,0.3,0.2,0.1,0.1,0.05,0.05,0.0,0.0,0.0,0.0,0.0,0.0,0.05,1,cre_Doc_Tracking_DB,human_resources,document_management,0
0.85,0.7,0.65,0.6,0.5,0.1,0.1,0.1,0.0,0.0,0.0,0.0,0.0,0.0,0.0,0.15,1,city_record,city_record,city_record,1
0.85,0.85,0.75,0.7,0.65,0.6,0.1,0.1,0.1,0.1,0.1,0.1,0.1,0.05,0.05,0.0,1,cre_Doc_Tracking_DB,human_resources,document_management,0
0.95,0.75,0.7,0.6,0.05,0.02,0.01,0.01,0.01,0.01,0.01,0.01,0.01,0.01,0.01,0.2,1,climbing,climbing,climbing,1
0.4,0.2,0.1,0.1,0.1,0.05,0.05,0.0,0.0,0.0,0.0,0.0,0.0,0.0,0.0,0.2,0,cre_Doc_Tracking_DB,human_resources,document_management,0
0.95,0.75,0.65,0.1,0.1,0.05,0.05,0.05,0.01,0.01,0.0,0.0,0.0,0.0,0.0,0.2,1,climbing,climbing,climbing,1
0.95,0.85,0.75,0.75,0.1,0.1,0.1,0.1,0.05,0.05,0.05,0.05,0.05,0.05,0.05,0.1,1,climbing,climbing,climbing,1
0.95,0.05,0.05,0.0,0.0,0.0,0.0,0.0,0.0,0.0,0.0,0.0,0.0,0.0,0.0,0.9,0,climbing,climbing,climbing,1
0.95,0.9,0.35,0.3,0.25,0.2,0.2,0.15,0.15,0.1,0.1,0.1,0.1,0.1,0.1,0.05,1,cre_Doc_Tracking_DB,human_resources,cre_Doc_Tracking_DB,0
0.95,0.85,0.75,0.6,0.2,0.1,0.1,0.05,0.0,0.0,0.0,0.0,0.0,0.0,0.0,0.1,1,cre_Doc_Tracking_DB,human_resources,document_management,0
0.8,0.7,0.6,0.3,0.3,0.2,0.2,0.1,0.1,0.0,0.0,0.0,0.0,0.0,0.0,0.1,1,cre_Doc_Tracking_DB,company_1,cre_Doc_Tracking_DB,0
0.95,0.3,0.2,0.15,0.1,0.1,0.05,0.05,0.0,0.0,0.0,0.0,0.0,0.0,0.0,0.65,0,climbing,climbing,climbing,1
0.95,0.7,0.6,0.3,0.2,0.2,0.1,0.1,0.1,0.1,0.1,0.0,0.0,0.0,0.0,0.25,0,climbing,climbing,climbing,1
0.95,0.95,0.95,0.9,0.85,0.75,0.65,0.3,0.2,0.0,0.0,0.0,0.0,0.0,0.0,0.0,1,cre_Doc_Tracking_DB,journal_committee,document_management,0
0.8,0.7,0.6,0.5,0.4,0.3,0.2,0.1,0.1,0.0,0.0,0.0,0.0,0.0,0.0,0.1,1,cre_Doc_Tracking_DB,journal_committee,cre_Doc_Tracking_DB,0
0.95,0.1,0.05,0.05,0.05,0.05,0.05,0.05,0.0,0.0,0.0,0.0,0.0,0.0,0.0,0.85,0,climbing,climbing,climbing,1
0.9,0.85,0.75,0.35,0.3,0.3,0.25,0.2,0.2,0.15,0.1,0.1,0.1,0.1,0.1,0.05,1,cre_Doc_Tracking_DB,human_resources,cre_Doc_Tracking_DB,0
0.85,0.7,0.6,0.5,0.4,0.3,0.3,0.2,0.2,0.1,0.1,0.1,0.1,0.1,0.1,0.15,1,cre_Doc_Tracking_DB,human_resources,cre_Doc_Tracking_DB,0
0.95,0.85,0.75,0.75,0.7,0.7,0.65,0.6,0.5,0.3,0.2,0.1,0.0,0.0,0.0,0.1,1,climbing,climbing,climbing,1
0.95,0.05,0.05,0.0,0.0,0.0,0.0,0.0,0.0,0.0,0.0,0.0,0.0,0.0,0.0,0.9,0,climbing,climbing,climbing,1
0.95,0.85,0.8,0.75,0.7,0.15,0.1,0.05,0.05,0.05,0.01,0.01,0.0,0.0,0.0,0.1,1,climbing,climbing,climbing,1
0.85,0.2,0.15,0.1,0.1,0.1,0.05,0.05,0.05,0.05,0.05,0.05,0.0,0.0,0.0,0.65,0,cre_Doc_Tracking_DB,cre_Doc_Tracking_DB,cre_Doc_Tracking_DB,1
0.98,0.95,0.85,0.75,0.1,0.05,0.05,0.05,0.01,0.0,0.0,0.0,0.0,0.0,0.0,0.03,1,climbing,climbing,geo,1
0.95,0.05,0.02,0.01,0.01,0.01,0.01,0.01,0.01,0.0,0.0,0.0,0.0,0.0,0.0,0.9,0,cre_Doc_Tracking_DB,cre_Doc_Tracking_DB,cre_Doc_Tracking_DB,1
0.85,0.65,0.0,0.0,0.0,0.0,0.0,0.0,0.0,0.0,0.0,0.0,0.0,0.0,0.0,0.2,1,cre_Doc_Tracking_DB,human_resources,cre_Doc_Tracking_DB,0
0.95,0.9,0.85,0.15,0.1,0.05,0.05,0.05,0.01,0.0,0.0,0.0,0.0,0.0,0.0,0.05,1,climbing,climbing,climbing,1
0.85,0.8,0.75,0.7,0.5,0.1,0.1,0.05,0.05,0.05,0.0,0.0,0.0,0.0,0.0,0.05,1,cre_Doc_Tracking_DB,cre_Doc_Tracking_DB,cre_Doc_Tracking_DB,1
0.95,0.6,0.5,0.0,0.0,0.0,0.0,0.0,0.0,0.0,0.0,0.0,0.0,0.0,0.0,0.35,0,climbing,climbing,climbing,1
0.95,0.05,0.0,0.0,0.0,0.0,0.0,0.0,0.0,0.0,0.0,0.0,0.0,0.0,0.0,0.9,0,climbing,climbing,climbing,1
0.95,0.1,0.1,0.1,0.1,0.1,0.1,0.1,0.05,0.05,0.05,0.05,0.05,0.0,0.0,0.85,0,cre_Doc_Tracking_DB,cre_Doc_Tracking_DB,cre_Doc_Tracking_DB,1
0.95,0.15,0.1,0.1,0.1,0.05,0.05,0.05,0.05,0.05,0.05,0.05,0.0,0.0,0.0,0.8,0,cre_Doc_Tracking_DB,cre_Doc_Tracking_DB,cre_Doc_Tracking_DB,1
0.95,0.9,0.85,0.2,0.1,0.1,0.05,0.05,0.05,0.05,0.0,0.0,0.0,0.0,0.0,0.05,1,climbing,climbing,climbing,1
0.95,0.05,0.05,0.05,0.01,0.01,0.01,0.0,0.0,0.0,0.0,0.0,0.0,0.0,0.0,0.9,0,cre_Doc_Tracking_DB,cre_Doc_Tracking_DB,cre_Doc_Tracking_DB,1
0.98,0.95,0.85,0.1,0.05,0.01,0.01,0.01,0.01,0.01,0.0,0.0,0.0,0.0,0.0,0.03,1,climbing,climbing,geo,1
0.95,0.85,0.15,0.1,0.05,0.05,0.05,0.05,0.0,0.0,0.0,0.0,0.0,0.0,0.0,0.1,1,cre_Doc_Tracking_DB,cre_Doc_Tracking_DB,cre_Doc_Tracking_DB,1
0.85,0.6,0.5,0.4,0.3,0.1,0.05,0.05,0.05,0.05,0.0,0.0,0.0,0.0,0.0,0.25,0,cre_Doc_Tracking_DB,cre_Doc_Tracking_DB,cre_Doc_Tracking_DB,1
0.99,0.98,0.97,0.96,0.95,0.94,0.93,0.92,0.91,0.9,0.89,0.88,0.87,0.86,0.85,0.01,1,climbing,mountain_photos,mountain_photos,0
0.9,0.5,0.4,0.3,0.3,0.2,0.1,0.05,0.05,0.05,0.0,0.0,0.0,0.0,0.0,0.4,0,cre_Doc_Tracking_DB,cre_Doc_Tracking_DB,cre_Doc_Tracking_DB,1
0.95,0.9,0.7,0.05,0.01,0.01,0.01,0.01,0.01,0.0,0.0,0.0,0.0,0.0,0.0,0.05,1,climbing,mondial_geo,mountain_photos,0
0.95,0.9,0.7,0.1,0.1,0.05,0.05,0.05,0.05,0.0,0.0,0.0,0.0,0.0,0.0,0.05,1,climbing,mountain_photos,mountain_photos,0
0.7,0.1,0.1,0.1,0.1,0.05,0.05,0.05,0.0,0.0,0.0,0.0,0.0,0.0,0.0,0.6,0,cre_Doc_Tracking_DB,language_corpus,cre_Doc_Tracking_DB,0
0.9,0.7,0.0,0.0,0.0,0.0,0.0,0.0,0.0,0.0,0.0,0.0,0.0,0.0,0.0,0.2,0,cre_Doc_Tracking_DB,language_corpus,cre_Doc_Tracking_DB,0
0.95,0.75,0.35,0.3,0.2,0.1,0.1,0.1,0.05,0.05,0.05,0.05,0.05,0.0,0.0,0.2,1,club_1,club_1,club_1,1
0.7,0.7,0.6,0.6,0.0,0.0,0.0,0.0,0.0,0.0,0.0,0.0,0.0,0.0,0.0,0.0,1,cre_Doc_Tracking_DB,language_corpus,cre_Doc_Tracking_DB,0
0.95,0.7,0.2,0.2,0.1,0.05,0.05,0.05,0.05,0.01,0.01,0.01,0.0,0.0,0.0,0.25,0,club_1,club_1,club_1,1
0.7,0.7,0.6,0.6,0.5,0.0,0.0,0.0,0.0,0.0,0.0,0.0,0.0,0.0,0.0,0.0,1,cre_Doc_Tracking_DB,language_corpus,cre_Doc_Tracking_DB,0
0.2,0.15,0.15,0.1,0.1,0.1,0.1,0.05,0.05,0.05,0.05,0.05,0.05,0.05,0.05,0.05,1,cre_Doc_Tracking_DB,language_corpus,cre_Doc_Tracking_DB,0
0.95,0.75,0.1,0.1,0.1,0.05,0.05,0.05,0.05,0.05,0.05,0.05,0.05,0.0,0.0,0.2,1,club_1,club_1,club_1,1
0.95,0.7,0.6,0.05,0.05,0.01,0.01,0.01,0.01,0.01,0.01,0.01,0.01,0.0,0.0,0.25,0,club_1,club_1,club_1,1
0.85,0.15,0.0,0.0,0.0,0.0,0.0,0.0,0.0,0.0,0.0,0.0,0.0,0.0,0.0,0.7,0,cre_Doc_Tracking_DB,language_corpus,cre_Doc_Tracking_DB,0
0.95,0.7,0.1,0.1,0.1,0.05,0.05,0.05,0.05,0.0,0.0,0.0,0.0,0.0,0.0,0.25,0,club_1,club_1,club_1,1
0.95,0.95,0.85,0.1,0.1,0.05,0.05,0.05,0.05,0.05,0.0,0.0,0.0,0.0,0.0,0.0,1,climbing,mountain_photos,mountain_photos,0
0.95,0.15,0.1,0.05,0.03,0.02,0.02,0.01,0.01,0.01,0.01,0.01,0.0,0.0,0.0,0.8,0,cre_Doc_Tracking_DB,cre_Doc_Tracking_DB,cre_Doc_Tracking_DB,1
0.95,0.85,0.75,0.65,0.55,0.45,0.05,0.05,0.05,0.05,0.05,0.05,0.05,0.05,0.0,0.1,1,club_1,club_1,club_1,1
0.95,0.1,0.1,0.01,0.01,0.01,0.01,0.01,0.01,0.01,0.01,0.0,0.0,0.0,0.0,0.85,0,cre_Doc_Tracking_DB,cre_Doc_Tracking_DB,cre_Doc_Tracking_DB,1
0.95,0.75,0.7,0.65,0.6,0.1,0.05,0.05,0.05,0.05,0.05,0.05,0.05,0.05,0.0,0.2,1,club_1,club_1,club_1,1
0.95,0.2,0.1,0.1,0.05,0.05,0.05,0.01,0.01,0.01,0.01,0.01,0.0,0.0,0.0,0.75,0,cre_Doc_Tracking_DB,cre_Doc_Tracking_DB,cre_Doc_Tracking_DB,1
0.95,0.75,0.7,0.65,0.6,0.1,0.05,0.05,0.05,0.05,0.05,0.05,0.05,0.0,0.0,0.2,1,club_1,club_1,club_1,1
0.95,0.1,0.05,0.05,0.05,0.0,0.0,0.0,0.0,0.0,0.0,0.0,0.0,0.0,0.0,0.85,0,club_1,club_1,club_1,1
0.95,0.85,0.15,0.1,0.1,0.05,0.03,0.02,0.02,0.01,0.01,0.01,0.0,0.0,0.0,0.1,1,cre_Doc_Tracking_DB,cre_Doc_Tracking_DB,cre_Doc_Tracking_DB,1
0.95,0.2,0.15,0.1,0.05,0.05,0.05,0.01,0.01,0.01,0.01,0.01,0.0,0.0,0.0,0.75,0,cre_Doc_Tracking_DB,cre_Doc_Tracking_DB,cre_Doc_Tracking_DB,1
0.95,0.2,0.15,0.1,0.1,0.05,0.05,0.05,0.05,0.01,0.01,0.01,0.0,0.0,0.0,0.75,0,cre_Doc_Tracking_DB,cre_Doc_Tracking_DB,cre_Doc_Tracking_DB,1
0.95,0.85,0.15,0.1,0.1,0.05,0.05,0.05,0.05,0.01,0.01,0.01,0.0,0.0,0.0,0.1,1,club_1,club_leader,club_1,0
0.95,0.85,0.15,0.1,0.1,0.1,0.05,0.05,0.05,0.05,0.05,0.0,0.0,0.0,0.0,0.1,1,club_1,club_leader,club_leader,0
0.85,0.3,0.2,0.15,0.1,0.1,0.1,0.05,0.05,0.05,0.05,0.0,0.0,0.0,0.0,0.55,0,cre_Doc_Tracking_DB,cre_Doc_Tracking_DB,cre_Doc_Tracking_DB,1
0.85,0.75,0.7,0.65,0.6,0.55,0.2,0.1,0.1,0.05,0.05,0.05,0.0,0.0,0.0,0.1,1,club_1,club_1,club_1,1
0.85,0.8,0.75,0.7,0.65,0.3,0.2,0.15,0.1,0.1,0.05,0.0,0.0,0.0,0.0,0.05,1,club_1,club_1,club_1,1
0.85,0.65,0.6,0.4,0.3,0.3,0.2,0.2,0.1,0.1,0.1,0.1,0.0,0.0,0.0,0.2,1,cre_Doc_Tracking_DB,cre_Doc_Tracking_DB,cre_Doc_Tracking_DB,1
0.95,0.1,0.05,0.05,0.05,0.05,0.05,0.05,0.05,0.0,0.0,0.0,0.0,0.0,0.0,0.85,0,cre_Doc_Tracking_DB,cre_Doc_Tracking_DB,cre_Doc_Tracking_DB,1
0.95,0.7,0.3,0.2,0.1,0.1,0.1,0.1,0.05,0.05,0.05,0.05,0.0,0.0,0.0,0.25,0,club_1,club_1,club_1,1
0.95,0.75,0.65,0.35,0.3,0.25,0.2,0.15,0.1,0.1,0.05,0.05,0.0,0.0,0.0,0.2,1,cre_Doc_Tracking_DB,cre_Doc_Tracking_DB,cre_Doc_Tracking_DB,1
0.95,0.7,0.6,0.2,0.15,0.1,0.1,0.05,0.05,0.05,0.05,0.0,0.0,0.0,0.0,0.25,0,club_1,soccer_3,club_1,0
0.85,0.75,0.6,0.5,0.05,0.05,0.0,0.0,0.0,0.0,0.0,0.0,0.0,0.0,0.0,0.1,1,club_1,shop_membership,club_leader,0
0.95,0.15,0.1,0.05,0.05,0.05,0.05,0.05,0.05,0.05,0.05,0.0,0.0,0.0,0.0,0.8,0,cre_Doc_Tracking_DB,cre_Doc_Tracking_DB,cre_Doc_Tracking_DB,1
0.85,0.75,0.7,0.6,0.5,0.4,0.2,0.15,0.1,0.1,0.05,0.0,0.0,0.0,0.0,0.1,1,cre_Doc_Tracking_DB,cre_Doc_Tracking_DB,cre_Doc_Tracking_DB,1
0.95,0.75,0.3,0.3,0.2,0.1,0.1,0.1,0.05,0.05,0.0,0.0,0.0,0.0,0.0,0.2,1,club_1,club_leader,club_1,0
0.98,0.95,0.2,0.1,0.1,0.1,0.05,0.05,0.05,0.0,0.0,0.0,0.0,0.0,0.0,0.03,1,club_1,club_leader,club_1,0
0.85,0.8,0.75,0.65,0.3,0.25,0.15,0.1,0.1,0.05,0.05,0.0,0.0,0.0,0.0,0.05,1,cre_Doc_Tracking_DB,cre_Doc_Tracking_DB,cre_Doc_Tracking_DB,1
0.9,0.7,0.1,0.1,0.05,0.05,0.01,0.01,0.01,0.01,0.01,0.0,0.0,0.0,0.0,0.2,0,cre_Doc_Tracking_DB,cre_Doc_Tracking_DB,cre_Doc_Tracking_DB,1
0.95,0.2,0.1,0.05,0.05,0.05,0.01,0.01,0.01,0.01,0.0,0.0,0.0,0.0,0.0,0.75,0,cre_Doc_Tracking_DB,cre_Doc_Tracking_DB,cre_Doc_Tracking_DB,1
0.95,0.15,0.1,0.05,0.05,0.05,0.01,0.01,0.01,0.01,0.01,0.0,0.0,0.0,0.0,0.8,0,cre_Doc_Tracking_DB,cre_Doc_Tracking_DB,cre_Doc_Tracking_DB,1
0.98,0.95,0.1,0.1,0.05,0.02,0.01,0.01,0.01,0.01,0.0,0.0,0.0,0.0,0.0,0.03,1,club_1,club_leader,club_1,0
0.95,0.9,0.1,0.05,0.05,0.05,0.05,0.01,0.01,0.01,0.01,0.01,0.01,0.0,0.0,0.05,1,club_1,club_1,club_1,1
0.95,0.95,0.7,0.6,0.1,0.0,0.0,0.0,0.0,0.0,0.0,0.0,0.0,0.0,0.0,0.0,1,cre_Docs_and_Epenses,movie_3,cre_Doc_Tracking_DB,0
0.95,0.85,0.7,0.6,0.4,0.3,0.3,0.2,0.1,0.1,0.1,0.1,0.05,0.0,0.0,0.1,1,club_1,club_1,club_1,1
0.95,0.9,0.15,0.1,0.1,0.1,0.1,0.05,0.05,0.05,0.05,0.05,0.05,0.0,0.0,0.05,1,club_1,club_1,club_1,1
0.95,0.85,0.75,0.15,0.15,0.1,0.1,0.05,0.05,0.05,0.05,0.0,0.0,0.0,0.0,0.1,1,club_1,club_1,club_1,1
0.95,0.85,0.75,0.75,0.75,0.75,0.75,0.1,0.05,0.0,0.0,0.0,0.0,0.0,0.0,0.1,1,club_1,club_1,club_1,1
0.95,0.95,0.85,0.75,0.1,0.1,0.1,0.1,0.05,0.05,0.05,0.05,0.05,0.0,0.0,0.0,1,cre_Docs_and_Epenses,cre_Doc_Template_Mgt,cre_Doc_Tracking_DB,0
0.95,0.9,0.75,0.7,0.6,0.3,0.2,0.1,0.1,0.1,0.05,0.0,0.0,0.0,0.0,0.05,1,club_1,club_leader,club_1,0
0.85,0.8,0.75,0.7,0.05,0.05,0.0,0.0,0.0,0.0,0.0,0.0,0.0,0.0,0.0,0.05,1,cre_Docs_and_Epenses,donor,company_1,0
0.95,0.9,0.9,0.85,0.0,0.0,0.0,0.0,0.0,0.0,0.0,0.0,0.0,0.0,0.0,0.05,1,cre_Docs_and_Epenses,donor,company_1,0
0.95,0.85,0.6,0.3,0.2,0.2,0.2,0.1,0.1,0.1,0.0,0.0,0.0,0.0,0.0,0.1,1,club_1,club_1,club_1,1
0.7,0.6,0.5,0.5,0.5,0.4,0.3,0.3,0.2,0.2,0.1,0.1,0.0,0.0,0.0,0.1,1,cre_Docs_and_Epenses,cre_Doc_Template_Mgt,cre_Doc_Template_Mgt,0
0.95,0.9,0.85,0.8,0.75,0.6,0.5,0.2,0.15,0.1,0.1,0.05,0.0,0.0,0.0,0.05,1,club_1,club_leader,club_leader,0
0.5,0.3,0.1,0.1,0.0,0.0,0.0,0.0,0.0,0.0,0.0,0.0,0.0,0.0,0.0,0.2,0,cre_Docs_and_Epenses,movie_3,cre_Doc_Tracking_DB,0
0.95,0.85,0.8,0.75,0.05,0.05,0.05,0.05,0.05,0.0,0.0,0.0,0.0,0.0,0.0,0.1,1,cre_Docs_and_Epenses,donor,company_1,0
0.95,0.9,0.9,0.1,0.05,0.05,0.05,0.01,0.01,0.01,0.01,0.01,0.01,0.0,0.0,0.05,1,club_1,club_1,club_1,1
0.9,0.85,0.7,0.6,0.1,0.05,0.05,0.05,0.05,0.05,0.05,0.0,0.0,0.0,0.0,0.05,1,cre_Docs_and_Epenses,donor,tracking_grants_for_research,0
0.95,0.9,0.85,0.1,0.05,0.05,0.05,0.05,0.05,0.05,0.05,0.05,0.0,0.0,0.0,0.05,1,club_1,club_1,club_1,1
0.9,0.8,0.7,0.7,0.6,0.5,0.1,0.1,0.0,0.0,0.0,0.0,0.0,0.0,0.0,0.1,1,cre_Docs_and_Epenses,cre_Docs_and_Epenses,cre_Docs_and_Epenses,1
0.95,0.9,0.85,0.3,0.2,0.15,0.1,0.1,0.05,0.05,0.0,0.0,0.0,0.0,0.0,0.05,1,club_1,club_leader,club_1,0
0.95,0.9,0.85,0.75,0.3,0.2,0.15,0.1,0.05,0.05,0.05,0.0,0.0,0.0,0.0,0.05,1,cre_Docs_and_Epenses,cre_Docs_and_Epenses,cre_Docs_and_Epenses,1
0.95,0.85,0.3,0.2,0.2,0.1,0.1,0.05,0.01,0.01,0.0,0.0,0.0,0.0,0.0,0.1,1,club_1,club_leader,club_1,0
0.85,0.75,0.75,0.7,0.65,0.6,0.5,0.45,0.4,0.4,0.3,0.2,0.1,0.0,0.0,0.1,1,cre_Docs_and_Epenses,cre_Docs_and_Epenses,cre_Docs_and_Epenses,1
0.95,0.9,0.35,0.3,0.25,0.2,0.15,0.1,0.05,0.05,0.05,0.0,0.0,0.0,0.0,0.05,1,club_1,club_leader,club_1,0
0.95,0.92,0.9,0.85,0.75,0.75,0.7,0.65,0.6,0.3,0.1,0.1,0.0,0.0,0.0,0.03,1,cre_Docs_and_Epenses,cre_Docs_and_Epenses,cre_Docs_and_Epenses,1
0.95,0.85,0.05,0.01,0.01,0.01,0.01,0.01,0.0,0.0,0.0,0.0,0.0,0.0,0.0,0.1,1,cre_Docs_and_Epenses,cre_Docs_and_Epenses,cre_Docs_and_Epenses,1
0.95,0.9,0.85,0.8,0.7,0.2,0.1,0.1,0.1,0.0,0.0,0.0,0.0,0.0,0.0,0.05,1,club_1,club_leader,club_leader,0
0.95,0.5,0.0,0.0,0.0,0.0,0.0,0.0,0.0,0.0,0.0,0.0,0.0,0.0,0.0,0.45,0,cre_Docs_and_Epenses,cre_Docs_and_Epenses,cre_Docs_and_Epenses,1
0.95,0.9,0.8,0.75,0.7,0.65,0.6,0.2,0.15,0.1,0.1,0.05,0.05,0.0,0.0,0.05,1,club_1,club_leader,club_1,0
0.95,0.1,0.05,0.05,0.05,0.05,0.05,0.05,0.0,0.0,0.0,0.0,0.0,0.0,0.0,0.85,0,cre_Docs_and_Epenses,cre_Docs_and_Epenses,cre_Docs_and_Epenses,1
0.98,0.95,0.88,0.85,0.75,0.15,0.05,0.02,0.01,0.01,0.01,0.01,0.01,0.0,0.0,0.03,1,club_1,club_leader,club_1,0
0.95,0.05,0.02,0.01,0.01,0.01,0.01,0.01,0.01,0.01,0.01,0.01,0.0,0.0,0.0,0.9,0,cre_Docs_and_Epenses,cre_Docs_and_Epenses,cre_Docs_and_Epenses,1
0.95,0.05,0.01,0.01,0.01,0.01,0.01,0.01,0.01,0.01,0.0,0.0,0.0,0.0,0.0,0.9,0,cre_Docs_and_Epenses,cre_Docs_and_Epenses,cre_Docs_and_Epenses,1
0.85,0.75,0.2,0.15,0.1,0.05,0.05,0.05,0.05,0.0,0.0,0.0,0.0,0.0,0.0,0.1,1,codebase_community,yelp,yelp,0
0.95,0.9,0.85,0.8,0.8,0.15,0.1,0.1,0.1,0.05,0.05,0.0,0.0,0.0,0.0,0.05,1,codebase_community,codebase_community,epinions_1,1
0.95,0.05,0.02,0.01,0.01,0.01,0.0,0.0,0.0,0.0,0.0,0.0,0.0,0.0,0.0,0.9,0,cre_Docs_and_Epenses,cre_Docs_and_Epenses,cre_Docs_and_Epenses,1
0.95,0.7,0.3,0.1,0.05,0.05,0.05,0.0,0.0,0.0,0.0,0.0,0.0,0.0,0.0,0.25,0,codebase_community,codebase_community,voter_1,1
0.95,0.05,0.0,0.0,0.0,0.0,0.0,0.0,0.0,0.0,0.0,0.0,0.0,0.0,0.0,0.9,0,codebase_community,talkingdata,real_estate_rentals,0
0.95,0.15,0.1,0.1,0.1,0.05,0.0,0.0,0.0,0.0,0.0,0.0,0.0,0.0,0.0,0.8,0,cre_Docs_and_Epenses,cre_Docs_and_Epenses,cre_Docs_and_Epenses,1
0.95,0.0,0.0,0.0,0.0,0.0,0.0,0.0,0.0,0.0,0.0,0.0,0.0,0.0,0.0,0.95,0,codebase_community,codebase_community,twitter_1,1
0.95,0.15,0.1,0.1,0.05,0.0,0.0,0.0,0.0,0.0,0.0,0.0,0.0,0.0,0.0,0.8,0,cre_Docs_and_Epenses,cre_Docs_and_Epenses,cre_Docs_and_Epenses,1
0.95,0.7,0.6,0.3,0.1,0.1,0.1,0.05,0.0,0.0,0.0,0.0,0.0,0.0,0.0,0.25,0,codebase_community,election,election_representative,0
0.95,0.85,0.75,0.7,0.2,0.1,0.05,0.05,0.05,0.0,0.0,0.0,0.0,0.0,0.0,0.1,1,cre_Docs_and_Epenses,cre_Docs_and_Epenses,cre_Docs_and_Epenses,1
0.8,0.7,0.2,0.1,0.1,0.0,0.0,0.0,0.0,0.0,0.0,0.0,0.0,0.0,0.0,0.1,1,codebase_community,codebase_community,scholar,1
0.95,0.15,0.1,0.05,0.05,0.05,0.0,0.0,0.0,0.0,0.0,0.0,0.0,0.0,0.0,0.8,0,cre_Docs_and_Epenses,cre_Docs_and_Epenses,cre_Docs_and_Epenses,1
0.8,0.1,0.1,0.0,0.0,0.0,0.0,0.0,0.0,0.0,0.0,0.0,0.0,0.0,0.0,0.7,0,codebase_community,codebase_community,twitter_1,1
0.95,0.3,0.2,0.1,0.05,0.01,0.01,0.01,0.01,0.01,0.01,0.01,0.0,0.0,0.0,0.65,0,cre_Docs_and_Epenses,cre_Docs_and_Epenses,cre_Docs_and_Epenses,1
0.85,0.6,0.15,0.0,0.0,0.0,0.0,0.0,0.0,0.0,0.0,0.0,0.0,0.0,0.0,0.25,0,codebase_community,codebase_community,voter_1,1
0.7,0.0,0.0,0.0,0.0,0.0,0.0,0.0,0.0,0.0,0.0,0.0,0.0,0.0,0.0,0.7,0,codebase_community,codebase_community,twitter_1,1
0.95,0.25,0.2,0.15,0.15,0.1,0.05,0.05,0.05,0.05,0.05,0.05,0.0,0.0,0.0,0.7,0,cre_Docs_and_Epenses,cre_Docs_and_Epenses,cre_Docs_and_Epenses,1
0.85,0.75,0.65,0.4,0.35,0.3,0.2,0.15,0.1,0.05,0.0,0.0,0.0,0.0,0.0,0.1,1,cre_Docs_and_Epenses,cre_Docs_and_Epenses,cre_Docs_and_Epenses,1
0.7,0.5,0.4,0.3,0.2,0.0,0.0,0.0,0.0,0.0,0.0,0.0,0.0,0.0,0.0,0.2,1,codebase_community,codebase_community,scholar,1
0.85,0.75,0.3,0.25,0.2,0.15,0.1,0.1,0.05,0.0,0.0,0.0,0.0,0.0,0.0,0.1,1,cre_Docs_and_Epenses,cre_Docs_and_Epenses,cre_Docs_and_Epenses,1
0.6,0.3,0.2,0.1,0.0,0.0,0.0,0.0,0.0,0.0,0.0,0.0,0.0,0.0,0.0,0.3,0,codebase_community,codebase_community,yelp,1
0.45,0.3,0.1,0.05,0.0,0.0,0.0,0.0,0.0,0.0,0.0,0.0,0.0,0.0,0.0,0.15,1,codebase_community,codebase_community,yelp,1
0.85,0.35,0.3,0.25,0.2,0.15,0.15,0.1,0.1,0.05,0.05,0.0,0.0,0.0,0.0,0.5,0,cre_Docs_and_Epenses,cre_Docs_and_Epenses,cre_Docs_and_Epenses,1
0.8,0.2,0.0,0.0,0.0,0.0,0.0,0.0,0.0,0.0,0.0,0.0,0.0,0.0,0.0,0.6,0,codebase_community,codebase_community,twitter_1,1
0.95,0.6,0.5,0.4,0.3,0.2,0.1,0.1,0.1,0.1,0.1,0.0,0.0,0.0,0.0,0.35,0,cre_Docs_and_Epenses,cre_Docs_and_Epenses,cre_Docs_and_Epenses,1
0.85,0.75,0.7,0.65,0.3,0.15,0.1,0.05,0.05,0.0,0.0,0.0,0.0,0.0,0.0,0.1,1,cre_Docs_and_Epenses,cre_Docs_and_Epenses,cre_Docs_and_Epenses,1
0.7,0.1,0.1,0.05,0.05,0.0,0.0,0.0,0.0,0.0,0.0,0.0,0.0,0.0,0.0,0.6,0,codebase_community,codebase_community,epinions_1,1
0.95,0.05,0.0,0.0,0.0,0.0,0.0,0.0,0.0,0.0,0.0,0.0,0.0,0.0,0.0,0.9,0,cre_Docs_and_Epenses,cre_Docs_and_Epenses,cre_Docs_and_Epenses,1
0.9,0.8,0.7,0.6,0.6,0.6,0.3,0.2,0.2,0.1,0.1,0.1,0.1,0.1,0.1,0.1,1,codebase_community,codebase_community,twitter_1,1
0.7,0.2,0.0,0.0,0.0,0.0,0.0,0.0,0.0,0.0,0.0,0.0,0.0,0.0,0.0,0.5,0,codebase_community,codebase_community,twitter_1,1
0.9,0.0,0.0,0.0,0.0,0.0,0.0,0.0,0.0,0.0,0.0,0.0,0.0,0.0,0.0,0.9,0,codebase_community,codebase_community,twitter_1,1
0.85,0.4,0.3,0.3,0.2,0.2,0.1,0.1,0.1,0.05,0.05,0.05,0.0,0.0,0.0,0.45,0,cre_Docs_and_Epenses,cre_Docs_and_Epenses,cre_Docs_and_Epenses,1
0.85,0.8,0.75,0.65,0.2,0.15,0.1,0.1,0.05,0.05,0.0,0.0,0.0,0.0,0.0,0.05,1,cre_Docs_and_Epenses,cre_Docs_and_Epenses,cre_Docs_and_Epenses,1
0.4,0.3,0.3,0.2,0.0,0.0,0.0,0.0,0.0,0.0,0.0,0.0,0.0,0.0,0.0,0.1,1,codebase_community,codebase_community,twitter_1,1
0.9,0.85,0.8,0.35,0.3,0.2,0.15,0.1,0.05,0.05,0.0,0.0,0.0,0.0,0.0,0.05,1,cre_Docs_and_Epenses,cre_Docs_and_Epenses,cre_Docs_and_Epenses,1
0.95,0.85,0.1,0.0,0.0,0.0,0.0,0.0,0.0,0.0,0.0,0.0,0.0,0.0,0.0,0.1,1,cre_Docs_and_Epenses,cre_Docs_and_Epenses,cre_Docs_and_Epenses,1
0.3,0.25,0.2,0.1,0.1,0.05,0.0,0.0,0.0,0.0,0.0,0.0,0.0,0.0,0.0,0.05,1,codebase_community,codebase_community,academic,1
0.9,0.75,0.7,0.1,0.1,0.05,0.05,0.05,0.05,0.0,0.0,0.0,0.0,0.0,0.0,0.15,1,cre_Docs_and_Epenses,cre_Docs_and_Epenses,cre_Docs_and_Epenses,1
0.7,0.6,0.5,0.3,0.2,0.2,0.1,0.1,0.1,0.1,0.1,0.1,0.1,0.1,0.1,0.1,1,codebase_community,codebase_community,epinions_1,1
0.85,0.35,0.3,0.25,0.2,0.1,0.05,0.05,0.05,0.05,0.0,0.0,0.0,0.0,0.0,0.5,0,cre_Docs_and_Epenses,cre_Docs_and_Epenses,cre_Docs_and_Epenses,1
0.2,0.1,0.1,0.0,0.0,0.0,0.0,0.0,0.0,0.0,0.0,0.0,0.0,0.0,0.0,0.1,1,codebase_community,codebase_community,twitter_1,1
0.7,0.6,0.4,0.3,0.2,0.0,0.0,0.0,0.0,0.0,0.0,0.0,0.0,0.0,0.0,0.1,1,codebase_community,codebase_community,epinions_1,1
0.85,0.75,0.3,0.2,0.15,0.1,0.1,0.05,0.05,0.05,0.0,0.0,0.0,0.0,0.0,0.1,1,cre_Docs_and_Epenses,cre_Docs_and_Epenses,cre_Docs_and_Epenses,1
0.0,0.0,0.0,0.0,0.0,0.0,0.0,0.0,0.0,0.0,0.0,0.0,0.0,0.0,0.0,0.0,1,codebase_community,codebase_community,codebase_community,1
0.85,0.75,0.7,0.65,0.2,0.1,0.1,0.1,0.1,0.1,0.1,0.1,0.05,0.05,0.05,0.1,1,cre_Docs_and_Epenses,cre_Docs_and_Epenses,cre_Docs_and_Epenses,1
0.85,0.75,0.7,0.65,0.6,0.55,0.45,0.3,0.2,0.15,0.1,0.0,0.0,0.0,0.0,0.1,1,cre_Docs_and_Epenses,cre_Docs_and_Epenses,cre_Docs_and_Epenses,1
0.6,0.2,0.1,0.05,0.05,0.0,0.0,0.0,0.0,0.0,0.0,0.0,0.0,0.0,0.0,0.4,0,codebase_community,codebase_community,twitter_1,1
0.8,0.7,0.0,0.0,0.0,0.0,0.0,0.0,0.0,0.0,0.0,0.0,0.0,0.0,0.0,0.1,1,codebase_community,codebase_community,academic,1
0.85,0.75,0.65,0.6,0.55,0.4,0.35,0.3,0.2,0.15,0.1,0.0,0.0,0.0,0.0,0.1,1,cre_Docs_and_Epenses,cre_Docs_and_Epenses,cre_Docs_and_Epenses,1
0.85,0.8,0.75,0.7,0.65,0.3,0.25,0.2,0.15,0.1,0.0,0.0,0.0,0.0,0.0,0.05,1,cre_Docs_and_Epenses,customers_card_transactions,customers_card_transactions,0
0.2,0.2,0.15,0.1,0.1,0.05,0.05,0.0,0.0,0.0,0.0,0.0,0.0,0.0,0.0,0.0,1,codebase_community,codebase_community,twitter_1,1
0.7,0.1,0.05,0.05,0.05,0.05,0.0,0.0,0.0,0.0,0.0,0.0,0.0,0.0,0.0,0.6,0,codebase_community,talkingdata,scholar,0
0.85,0.8,0.6,0.1,0.1,0.1,0.05,0.05,0.0,0.0,0.0,0.0,0.0,0.0,0.0,0.05,1,cre_Docs_and_Epenses,customers_card_transactions,customers_card_transactions,0
0.85,0.75,0.0,0.0,0.0,0.0,0.0,0.0,0.0,0.0,0.0,0.0,0.0,0.0,0.0,0.1,1,cre_Drama_Workshop_Groups,codebase_comments,e_government,0
0.8,0.1,0.05,0.0,0.0,0.0,0.0,0.0,0.0,0.0,0.0,0.0,0.0,0.0,0.0,0.7,0,codebase_community,codebase_community,twitter_1,1
0.6,0.5,0.4,0.3,0.2,0.1,0.0,0.0,0.0,0.0,0.0,0.0,0.0,0.0,0.0,0.1,1,codebase_community,codebase_community,yelp,1
0.95,0.1,0.05,0.05,0.05,0.01,0.01,0.01,0.01,0.01,0.01,0.01,0.0,0.0,0.0,0.85,0,cre_Drama_Workshop_Groups,cre_Drama_Workshop_Groups,cre_Drama_Workshop_Groups,1
0.95,0.05,0.02,0.01,0.0,0.0,0.0,0.0,0.0,0.0,0.0,0.0,0.0,0.0,0.0,0.9,0,cre_Drama_Workshop_Groups,cre_Drama_Workshop_Groups,cre_Drama_Workshop_Groups,1
0.35,0.3,0.25,0.2,0.15,0.15,0.1,0.05,0.0,0.0,0.0,0.0,0.0,0.0,0.0,0.05,1,codebase_community,codebase_community,scholar,1
0.7,0.7,0.7,0.7,0.2,0.1,0.1,0.1,0.1,0.1,0.1,0.1,0.1,0.1,0.1,0.0,1,codebase_community,codebase_community,scholar,1
0.95,0.05,0.01,0.01,0.01,0.01,0.01,0.01,0.01,0.01,0.01,0.01,0.01,0.0,0.0,0.9,0,cre_Drama_Workshop_Groups,cre_Drama_Workshop_Groups,cre_Drama_Workshop_Groups,1
0.7,0.1,0.05,0.05,0.05,0.0,0.0,0.0,0.0,0.0,0.0,0.0,0.0,0.0,0.0,0.6,0,codebase_community,codebase_community,cre_Doc_and_collections,1
0.95,0.1,0.1,0.1,0.1,0.1,0.1,0.1,0.05,0.05,0.05,0.05,0.05,0.05,0.0,0.85,0,cre_Drama_Workshop_Groups,cre_Drama_Workshop_Groups,cre_Drama_Workshop_Groups,1
0.1,0.0,0.0,0.0,0.0,0.0,0.0,0.0,0.0,0.0,0.0,0.0,0.0,0.0,0.0,0.1,1,codebase_community,codebase_community,voter_1,1
0.98,0.97,0.96,0.95,0.93,0.92,0.85,0.1,0.05,0.03,0.01,0.0,0.0,0.0,0.0,0.01,1,cre_Drama_Workshop_Groups,products_gen_characteristics,manufactory_1,0
0.7,0.6,0.5,0.4,0.3,0.0,0.0,0.0,0.0,0.0,0.0,0.0,0.0,0.0,0.0,0.1,1,codebase_community,codebase_community,epinions_1,1
0.99,0.98,0.97,0.96,0.95,0.93,0.9,0.1,0.05,0.03,0.02,0.01,0.0,0.0,0.0,0.01,1,cre_Drama_Workshop_Groups,products_gen_characteristics,e_commerce,0
0.95,0.0,0.0,0.0,0.0,0.0,0.0,0.0,0.0,0.0,0.0,0.0,0.0,0.0,0.0,0.95,0,codebase_community,codebase_community,imdb,1
0.95,0.95,0.9,0.9,0.85,0.75,0.7,0.1,0.05,0.01,0.01,0.0,0.0,0.0,0.0,0.0,1,cre_Drama_Workshop_Groups,products_gen_characteristics,products_gen_characteristics,0
0.95,0.95,0.9,0.85,0.75,0.7,0.65,0.1,0.1,0.05,0.0,0.0,0.0,0.0,0.0,0.0,1,cre_Drama_Workshop_Groups,products_gen_characteristics,customers_and_products_contacts,0
0.75,0.6,0.4,0.2,0.1,0.05,0.05,0.0,0.0,0.0,0.0,0.0,0.0,0.0,0.0,0.15,1,codebase_community,codebase_community,real_estate_rentals,1
0.4,0.15,0.15,0.15,0.1,0.05,0.0,0.0,0.0,0.0,0.0,0.0,0.0,0.0,0.0,0.25,0,codebase_community,codebase_community,real_estate_rentals,1
0.85,0.85,0.8,0.8,0.75,0.2,0.1,0.1,0.05,0.05,0.0,0.0,0.0,0.0,0.0,0.0,1,cre_Drama_Workshop_Groups,customers_and_orders,customers_and_orders,0
0.8,0.1,0.1,0.0,0.0,0.0,0.0,0.0,0.0,0.0,0.0,0.0,0.0,0.0,0.0,0.7,0,codebase_community,codebase_community,twitter_1,1
0.9,0.88,0.85,0.8,0.7,0.65,0.5,0.05,0.0,0.0,0.0,0.0,0.0,0.0,0.0,0.02,1,cre_Drama_Workshop_Groups,store_product,customers_and_orders,0
0.95,0.95,0.95,0.9,0.9,0.85,0.8,0.8,0.05,0.05,0.05,0.05,0.0,0.0,0.0,0.0,1,codebase_community,codebase_community,activity_1,1
0.95,0.92,0.9,0.89,0.88,0.87,0.85,0.75,0.7,0.65,0.6,0.0,0.0,0.0,0.0,0.03,1,cre_Drama_Workshop_Groups,customers_and_orders,customers_and_orders,0
0.6,0.3,0.2,0.1,0.1,0.1,0.1,0.1,0.1,0.1,0.1,0.1,0.1,0.1,0.1,0.3,0,codebase_community,codebase_community,twitter_1,1
0.95,0.95,0.95,0.95,0.95,0.95,0.7,0.6,0.1,0.1,0.0,0.0,0.0,0.0,0.0,0.0,1,cre_Drama_Workshop_Groups,customers_and_orders,customers_and_orders,0
0.2,0.1,0.0,0.0,0.0,0.0,0.0,0.0,0.0,0.0,0.0,0.0,0.0,0.0,0.0,0.1,1,codebase_community,codebase_community,twitter_1,1
0.7,0.15,0.1,0.05,0.0,0.0,0.0,0.0,0.0,0.0,0.0,0.0,0.0,0.0,0.0,0.55,0,codebase_community,codebase_community,epinions_1,1
0.85,0.75,0.7,0.7,0.65,0.65,0.6,0.55,0.4,0.35,0.0,0.0,0.0,0.0,0.0,0.1,1,cre_Drama_Workshop_Groups,customer_deliveries,customer_deliveries,0
0.6,0.4,0.3,0.3,0.2,0.0,0.0,0.0,0.0,0.0,0.0,0.0,0.0,0.0,0.0,0.2,1,codebase_community,codebase_community,twitter_1,1
0.95,0.85,0.75,0.7,0.65,0.6,0.6,0.55,0.5,0.45,0.4,0.0,0.0,0.0,0.0,0.1,1,cre_Drama_Workshop_Groups,customer_deliveries,customer_deliveries,0
0.8,0.7,0.1,0.1,0.0,0.0,0.0,0.0,0.0,0.0,0.0,0.0,0.0,0.0,0.0,0.1,1,codebase_community,codebase_community,twitter_1,1
0.95,0.05,0.05,0.01,0.01,0.01,0.01,0.01,0.01,0.01,0.0,0.0,0.0,0.0,0.0,0.9,0,cre_Drama_Workshop_Groups,cre_Drama_Workshop_Groups,cre_Drama_Workshop_Groups,1
0.3,0.2,0.1,0.1,0.1,0.0,0.0,0.0,0.0,0.0,0.0,0.0,0.0,0.0,0.0,0.1,1,codebase_community,codebase_community,twitter_1,1
0.85,0.75,0.7,0.65,0.6,0.1,0.05,0.0,0.0,0.0,0.0,0.0,0.0,0.0,0.0,0.1,1,codebase_community,codebase_community,twitter_1,1
1.0,0.0,0.0,0.0,0.0,0.0,0.0,0.0,0.0,0.0,0.0,0.0,0.0,0.0,0.0,1.0,0,cre_Drama_Workshop_Groups,cre_Drama_Workshop_Groups,cre_Drama_Workshop_Groups,1
0.85,0.8,0.8,0.8,0.8,0.75,0.75,0.65,0.0,0.0,0.0,0.0,0.0,0.0,0.0,0.05,1,cre_Drama_Workshop_Groups,retails,customers_and_products_contacts,0
0.4,0.3,0.2,0.1,0.0,0.0,0.0,0.0,0.0,0.0,0.0,0.0,0.0,0.0,0.0,0.1,1,codebase_community,codebase_community,poker_player,1
0.95,0.0,0.0,0.0,0.0,0.0,0.0,0.0,0.0,0.0,0.0,0.0,0.0,0.0,0.0,0.95,0,cre_Drama_Workshop_Groups,cre_Drama_Workshop_Groups,cre_Drama_Workshop_Groups,1
0.9,0.85,0.85,0.85,0.8,0.8,0.8,0.75,0.65,0.0,0.0,0.0,0.0,0.0,0.0,0.05,1,cre_Drama_Workshop_Groups,retails,customers_and_orders,0
0.95,0.0,0.0,0.0,0.0,0.0,0.0,0.0,0.0,0.0,0.0,0.0,0.0,0.0,0.0,0.95,0,cre_Drama_Workshop_Groups,cre_Drama_Workshop_Groups,cre_Drama_Workshop_Groups,1
0.95,0.0,0.0,0.0,0.0,0.0,0.0,0.0,0.0,0.0,0.0,0.0,0.0,0.0,0.0,0.95,0,cre_Drama_Workshop_Groups,cre_Drama_Workshop_Groups,cre_Drama_Workshop_Groups,1
1.0,0.0,0.0,0.0,0.0,0.0,0.0,0.0,0.0,0.0,0.0,0.0,0.0,0.0,0.0,1.0,0,cre_Drama_Workshop_Groups,cre_Drama_Workshop_Groups,cre_Drama_Workshop_Groups,1
0.95,0.05,0.05,0.05,0.0,0.0,0.0,0.0,0.0,0.0,0.0,0.0,0.0,0.0,0.0,0.9,0,cre_Drama_Workshop_Groups,cre_Drama_Workshop_Groups,cre_Drama_Workshop_Groups,1
0.95,0.8,0.8,0.7,0.7,0.6,0.6,0.6,0.0,0.0,0.0,0.0,0.0,0.0,0.0,0.15,1,cre_Drama_Workshop_Groups,shipping,cre_Drama_Workshop_Groups,0
0.9,0.85,0.1,0.1,0.05,0.05,0.05,0.05,0.05,0.05,0.0,0.0,0.0,0.0,0.0,0.05,1,cre_Drama_Workshop_Groups,apartment_rentals,apartment_rentals,0
0.85,0.75,0.75,0.75,0.7,0.7,0.0,0.0,0.0,0.0,0.0,0.0,0.0,0.0,0.0,0.1,1,cre_Drama_Workshop_Groups,shipping,cre_Drama_Workshop_Groups,0
0.95,0.9,0.05,0.05,0.05,0.05,0.05,0.0,0.0,0.0,0.0,0.0,0.0,0.0,0.0,0.05,1,cre_Drama_Workshop_Groups,apartment_rentals,products_for_hire,0
0.95,0.0,0.0,0.0,0.0,0.0,0.0,0.0,0.0,0.0,0.0,0.0,0.0,0.0,0.0,0.95,0,cre_Drama_Workshop_Groups,cre_Drama_Workshop_Groups,cre_Drama_Workshop_Groups,1
0.95,0.6,0.1,0.1,0.05,0.05,0.05,0.01,0.01,0.01,0.01,0.01,0.0,0.0,0.0,0.35,0,cre_Drama_Workshop_Groups,cre_Drama_Workshop_Groups,cre_Drama_Workshop_Groups,1
0.95,0.15,0.15,0.1,0.1,0.1,0.05,0.05,0.05,0.05,0.0,0.0,0.0,0.0,0.0,0.8,0,cre_Drama_Workshop_Groups,cre_Drama_Workshop_Groups,cre_Drama_Workshop_Groups,1
0.95,0.7,0.3,0.2,0.1,0.1,0.1,0.05,0.05,0.05,0.0,0.0,0.0,0.0,0.0,0.25,0,cre_Drama_Workshop_Groups,cre_Drama_Workshop_Groups,cre_Drama_Workshop_Groups,1
0.85,0.7,0.65,0.6,0.5,0.5,0.4,0.3,0.2,0.1,0.1,0.1,0.0,0.0,0.0,0.15,1,cre_Drama_Workshop_Groups,book_1,cre_Drama_Workshop_Groups,0
0.9,0.85,0.8,0.75,0.6,0.3,0.2,0.1,0.1,0.1,0.1,0.1,0.1,0.1,0.1,0.05,1,cre_Drama_Workshop_Groups,debit_card_specializing,e_commerce,0
0.95,0.85,0.8,0.8,0.75,0.7,0.7,0.7,0.2,0.15,0.1,0.1,0.1,0.05,0.0,0.1,1,cre_Drama_Workshop_Groups,book_1,book_1,0
0.9,0.85,0.75,0.7,0.4,0.3,0.2,0.1,0.1,0.1,0.05,0.0,0.0,0.0,0.0,0.05,1,cre_Drama_Workshop_Groups,e_commerce,cre_Drama_Workshop_Groups,0
0.95,0.9,0.85,0.7,0.6,0.5,0.3,0.2,0.1,0.05,0.0,0.0,0.0,0.0,0.0,0.05,1,cre_Drama_Workshop_Groups,customers_and_invoices,customers_and_invoices,0
0.95,0.75,0.6,0.2,0.2,0.1,0.1,0.1,0.1,0.1,0.1,0.1,0.0,0.0,0.0,0.2,1,cre_Drama_Workshop_Groups,products_gen_characteristics,cre_Drama_Workshop_Groups,0
0.85,0.7,0.1,0.05,0.0,0.0,0.0,0.0,0.0,0.0,0.0,0.0,0.0,0.0,0.0,0.15,1,cre_Theme_park,phone_market,cre_Theme_park,0
0.7,0.2,0.2,0.1,0.1,0.1,0.1,0.1,0.1,0.1,0.05,0.05,0.0,0.0,0.0,0.5,0,cre_Drama_Workshop_Groups,store_product,cre_Drama_Workshop_Groups,0
0.85,0.75,0.2,0.15,0.1,0.05,0.05,0.05,0.05,0.0,0.0,0.0,0.0,0.0,0.0,0.1,1,cre_Theme_park,phone_market,phone_market,0
0.95,0.7,0.1,0.1,0.1,0.1,0.1,0.1,0.1,0.1,0.0,0.0,0.0,0.0,0.0,0.25,0,cre_Theme_park,museum_visit,museum_visit,0
0.95,0.85,0.05,0.03,0.02,0.01,0.01,0.01,0.01,0.01,0.01,0.01,0.0,0.0,0.0,0.1,1,cre_Theme_park,cre_Theme_park,cre_Theme_park,1
0.95,0.1,0.05,0.05,0.05,0.05,0.05,0.05,0.05,0.05,0.05,0.0,0.0,0.0,0.0,0.85,0,cre_Theme_park,cre_Theme_park,cre_Theme_park,1
0.95,0.9,0.85,0.75,0.7,0.6,0.2,0.1,0.05,0.05,0.05,0.0,0.0,0.0,0.0,0.05,1,cre_Drama_Workshop_Groups,customers_and_invoices,customers_and_invoices,0
0.95,0.6,0.1,0.1,0.1,0.05,0.05,0.05,0.05,0.05,0.05,0.05,0.0,0.0,0.0,0.35,0,cre_Theme_park,cre_Theme_park,cre_Theme_park,1
0.99,0.98,0.97,0.96,0.95,0.94,0.93,0.92,0.91,0.9,0.89,0.88,0.87,0.86,0.85,0.01,1,cre_Theme_park,cre_Theme_park,cre_Theme_park,1
0.99,0.98,0.97,0.96,0.95,0.94,0.93,0.92,0.91,0.9,0.89,0.88,0.87,0.86,0.85,0.01,1,cre_Theme_park,cre_Theme_park,cre_Theme_park,1
0.95,0.05,0.0,0.0,0.0,0.0,0.0,0.0,0.0,0.0,0.0,0.0,0.0,0.0,0.0,0.9,0,cre_Theme_park,cre_Theme_park,cre_Theme_park,1
0.9,0.0,0.0,0.0,0.0,0.0,0.0,0.0,0.0,0.0,0.0,0.0,0.0,0.0,0.0,0.9,0,cre_Theme_park,cre_Theme_park,cre_Theme_park,1
0.95,0.75,0.1,0.05,0.05,0.05,0.05,0.05,0.05,0.05,0.05,0.0,0.0,0.0,0.0,0.2,1,cre_Theme_park,cre_Theme_park,cre_Theme_park,1
0.95,0.1,0.05,0.0,0.0,0.0,0.0,0.0,0.0,0.0,0.0,0.0,0.0,0.0,0.0,0.85,0,cre_Theme_park,cre_Theme_park,cre_Theme_park,1
0.95,0.05,0.0,0.0,0.0,0.0,0.0,0.0,0.0,0.0,0.0,0.0,0.0,0.0,0.0,0.9,0,cre_Theme_park,cre_Theme_park,cre_Theme_park,1
0.9,0.0,0.0,0.0,0.0,0.0,0.0,0.0,0.0,0.0,0.0,0.0,0.0,0.0,0.0,0.9,0,cre_Theme_park,cre_Theme_park,cre_Theme_park,1
0.95,0.85,0.8,0.75,0.1,0.05,0.05,0.05,0.05,0.0,0.0,0.0,0.0,0.0,0.0,0.1,1,cre_Theme_park,cre_Theme_park,inn_1,1
0.95,0.85,0.75,0.7,0.1,0.1,0.05,0.05,0.05,0.05,0.05,0.0,0.0,0.0,0.0,0.1,1,cre_Theme_park,cre_Theme_park,inn_1,1
0.85,0.75,0.7,0.1,0.1,0.05,0.05,0.05,0.05,0.0,0.0,0.0,0.0,0.0,0.0,0.1,1,cre_Theme_park,cre_Theme_park,cre_Theme_park,1
1.0,0.0,0.0,0.0,0.0,0.0,0.0,0.0,0.0,0.0,0.0,0.0,0.0,0.0,0.0,1.0,0,cre_Drama_Workshop_Groups,cre_Drama_Workshop_Groups,cre_Drama_Workshop_Groups,1
0.85,0.75,0.2,0.2,0.2,0.1,0.1,0.1,0.1,0.05,0.0,0.0,0.0,0.0,0.0,0.1,1,cre_Theme_park,cre_Theme_park,cre_Theme_park,1
0.95,0.05,0.05,0.05,0.05,0.05,0.05,0.05,0.05,0.0,0.0,0.0,0.0,0.0,0.0,0.9,0,cre_Theme_park,cre_Theme_park,cre_Theme_park,1
0.85,0.15,0.1,0.05,0.05,0.05,0.05,0.0,0.0,0.0,0.0,0.0,0.0,0.0,0.0,0.7,0,cre_Theme_park,cre_Theme_park,cre_Theme_park,1
0.95,0.1,0.05,0.05,0.05,0.05,0.05,0.05,0.0,0.0,0.0,0.0,0.0,0.0,0.0,0.85,0,cre_Theme_park,cre_Theme_park,cre_Theme_park,1
0.9,0.2,0.1,0.1,0.1,0.05,0.05,0.05,0.05,0.0,0.0,0.0,0.0,0.0,0.0,0.7,0,cre_Theme_park,cre_Theme_park,cre_Theme_park,1
0.95,0.0,0.0,0.0,0.0,0.0,0.0,0.0,0.0,0.0,0.0,0.0,0.0,0.0,0.0,0.95,0,cre_Theme_park,trains,cre_Theme_park,0
0.85,0.6,0.6,0.2,0.1,0.1,0.1,0.05,0.0,0.0,0.0,0.0,0.0,0.0,0.0,0.25,0,cre_Theme_park,cre_Theme_park,cre_Theme_park,1
0.95,0.85,0.1,0.1,0.05,0.05,0.05,0.0,0.0,0.0,0.0,0.0,0.0,0.0,0.0,0.1,1,cre_Theme_park,cre_Theme_park,cre_Theme_park,1
0.95,0.7,0.2,0.1,0.05,0.05,0.05,0.0,0.0,0.0,0.0,0.0,0.0,0.0,0.0,0.25,0,cre_Theme_park,cre_Theme_park,cre_Theme_park,1
0.95,0.6,0.1,0.05,0.05,0.05,0.05,0.0,0.0,0.0,0.0,0.0,0.0,0.0,0.0,0.35,0,cre_Theme_park,cre_Theme_park,cre_Theme_park,1
0.95,0.75,0.05,0.05,0.05,0.05,0.05,0.05,0.0,0.0,0.0,0.0,0.0,0.0,0.0,0.2,1,cre_Theme_park,cre_Theme_park,cre_Theme_park,1
0.95,0.1,0.1,0.05,0.05,0.05,0.05,0.0,0.0,0.0,0.0,0.0,0.0,0.0,0.0,0.85,0,cre_Theme_park,cre_Theme_park,cre_Theme_park,1
0.95,0.05,0.0,0.0,0.0,0.0,0.0,0.0,0.0,0.0,0.0,0.0,0.0,0.0,0.0,0.9,0,cre_Theme_park,cre_Theme_park,cre_Theme_park,1
0.95,0.1,0.1,0.0,0.0,0.0,0.0,0.0,0.0,0.0,0.0,0.0,0.0,0.0,0.0,0.85,0,cre_Theme_park,cre_Theme_park,cre_Theme_park,1
0.95,0.1,0.1,0.05,0.05,0.01,0.01,0.01,0.01,0.01,0.0,0.0,0.0,0.0,0.0,0.85,0,cre_Theme_park,cre_Theme_park,cre_Theme_park,1
0.95,0.1,0.05,0.0,0.0,0.0,0.0,0.0,0.0,0.0,0.0,0.0,0.0,0.0,0.0,0.85,0,cre_Theme_park,cre_Theme_park,cre_Theme_park,1
0.95,0.05,0.05,0.01,0.01,0.01,0.01,0.01,0.01,0.01,0.0,0.0,0.0,0.0,0.0,0.9,0,cre_Theme_park,cre_Theme_park,cre_Theme_park,1
0.95,0.05,0.01,0.01,0.01,0.01,0.01,0.01,0.01,0.01,0.0,0.0,0.0,0.0,0.0,0.9,0,cre_Theme_park,cre_Theme_park,cre_Theme_park,1
0.95,0.9,0.0,0.0,0.0,0.0,0.0,0.0,0.0,0.0,0.0,0.0,0.0,0.0,0.0,0.05,1,cre_Theme_park,cre_Theme_park,cre_Theme_park,1
0.95,0.05,0.0,0.0,0.0,0.0,0.0,0.0,0.0,0.0,0.0,0.0,0.0,0.0,0.0,0.9,0,cre_Theme_park,cre_Theme_park,cre_Theme_park,1
0.95,0.85,0.0,0.0,0.0,0.0,0.0,0.0,0.0,0.0,0.0,0.0,0.0,0.0,0.0,0.1,1,cre_Theme_park,cre_Theme_park,cre_Theme_park,1
0.95,0.85,0.0,0.0,0.0,0.0,0.0,0.0,0.0,0.0,0.0,0.0,0.0,0.0,0.0,0.1,1,cre_Theme_park,cre_Theme_park,cre_Theme_park,1
0.95,0.0,0.0,0.0,0.0,0.0,0.0,0.0,0.0,0.0,0.0,0.0,0.0,0.0,0.0,0.95,0,csu_1,csu_1,csu_1,1
0.95,0.05,0.0,0.0,0.0,0.0,0.0,0.0,0.0,0.0,0.0,0.0,0.0,0.0,0.0,0.9,0,csu_1,csu_1,csu_1,1
0.85,0.75,0.05,0.05,0.05,0.05,0.05,0.05,0.05,0.0,0.0,0.0,0.0,0.0,0.0,0.1,1,cre_Theme_park,cre_Theme_park,cre_Theme_park,1
0.85,0.75,0.2,0.15,0.1,0.1,0.1,0.05,0.05,0.0,0.0,0.0,0.0,0.0,0.0,0.1,1,cre_Theme_park,cre_Theme_park,cre_Theme_park,1
0.95,0.05,0.0,0.0,0.0,0.0,0.0,0.0,0.0,0.0,0.0,0.0,0.0,0.0,0.0,0.9,0,csu_1,csu_1,csu_1,1
0.95,0.05,0.0,0.0,0.0,0.0,0.0,0.0,0.0,0.0,0.0,0.0,0.0,0.0,0.0,0.9,0,csu_1,csu_1,csu_1,1
0.98,0.15,0.08,0.05,0.02,0.01,0.0,0.0,0.0,0.0,0.0,0.0,0.0,0.0,0.0,0.83,0,csu_1,csu_1,csu_1,1
0.95,0.05,0.05,0.05,0.05,0.0,0.0,0.0,0.0,0.0,0.0,0.0,0.0,0.0,0.0,0.9,0,csu_1,csu_1,csu_1,1
0.95,0.85,0.0,0.0,0.0,0.0,0.0,0.0,0.0,0.0,0.0,0.0,0.0,0.0,0.0,0.1,1,cre_Theme_park,cre_Theme_park,cre_Theme_park,1
0.95,0.15,0.1,0.05,0.01,0.01,0.01,0.01,0.01,0.01,0.0,0.0,0.0,0.0,0.0,0.8,0,csu_1,csu_1,csu_1,1
0.95,0.1,0.1,0.05,0.05,0.01,0.01,0.01,0.01,0.01,0.01,0.0,0.0,0.0,0.0,0.85,0,csu_1,csu_1,csu_1,1
0.95,0.05,0.01,0.01,0.01,0.01,0.01,0.01,0.01,0.0,0.0,0.0,0.0,0.0,0.0,0.9,0,csu_1,csu_1,csu_1,1
0.95,0.85,0.8,0.05,0.05,0.05,0.05,0.0,0.0,0.0,0.0,0.0,0.0,0.0,0.0,0.1,1,csu_1,csu_1,csu_1,1
0.98,0.01,0.01,0.01,0.01,0.01,0.01,0.01,0.0,0.0,0.0,0.0,0.0,0.0,0.0,0.97,0,csu_1,csu_1,csu_1,1
0.95,0.05,0.0,0.0,0.0,0.0,0.0,0.0,0.0,0.0,0.0,0.0,0.0,0.0,0.0,0.9,0,csu_1,csu_1,csu_1,1
0.95,0.6,0.5,0.4,0.3,0.2,0.2,0.2,0.1,0.1,0.1,0.0,0.0,0.0,0.0,0.35,0,csu_1,csu_1,csu_1,1
0.95,0.05,0.0,0.0,0.0,0.0,0.0,0.0,0.0,0.0,0.0,0.0,0.0,0.0,0.0,0.9,0,csu_1,csu_1,csu_1,1
0.95,0.05,0.01,0.01,0.01,0.01,0.01,0.01,0.01,0.01,0.0,0.0,0.0,0.0,0.0,0.9,0,csu_1,csu_1,csu_1,1
0.95,0.05,0.0,0.0,0.0,0.0,0.0,0.0,0.0,0.0,0.0,0.0,0.0,0.0,0.0,0.9,0,csu_1,csu_1,csu_1,1
0.95,0.05,0.0,0.0,0.0,0.0,0.0,0.0,0.0,0.0,0.0,0.0,0.0,0.0,0.0,0.9,0,csu_1,csu_1,csu_1,1
0.95,0.05,0.0,0.0,0.0,0.0,0.0,0.0,0.0,0.0,0.0,0.0,0.0,0.0,0.0,0.9,0,csu_1,csu_1,csu_1,1
0.95,0.05,0.03,0.02,0.02,0.01,0.01,0.01,0.0,0.0,0.0,0.0,0.0,0.0,0.0,0.9,0,csu_1,csu_1,csu_1,1
0.9,0.05,0.05,0.05,0.05,0.05,0.05,0.05,0.05,0.05,0.05,0.0,0.0,0.0,0.0,0.85,0,csu_1,csu_1,csu_1,1
0.95,0.05,0.05,0.05,0.05,0.05,0.05,0.05,0.05,0.05,0.05,0.0,0.0,0.0,0.0,0.9,0,csu_1,csu_1,csu_1,1
0.95,0.05,0.02,0.01,0.01,0.01,0.01,0.0,0.0,0.0,0.0,0.0,0.0,0.0,0.0,0.9,0,csu_1,csu_1,csu_1,1
0.9,0.05,0.05,0.05,0.05,0.0,0.0,0.0,0.0,0.0,0.0,0.0,0.0,0.0,0.0,0.85,0,csu_1,csu_1,csu_1,1
0.95,0.05,0.01,0.01,0.01,0.01,0.01,0.01,0.01,0.01,0.01,0.0,0.0,0.0,0.0,0.9,0,csu_1,csu_1,csu_1,1
0.95,0.05,0.02,0.02,0.01,0.01,0.01,0.01,0.0,0.0,0.0,0.0,0.0,0.0,0.0,0.9,0,csu_1,csu_1,csu_1,1
0.95,0.1,0.1,0.1,0.05,0.05,0.05,0.05,0.05,0.05,0.0,0.0,0.0,0.0,0.0,0.85,0,csu_1,csu_1,csu_1,1
0.85,0.6,0.2,0.15,0.1,0.05,0.05,0.05,0.0,0.0,0.0,0.0,0.0,0.0,0.0,0.25,0,csu_1,csu_1,csu_1,1
0.85,0.1,0.1,0.1,0.05,0.05,0.05,0.05,0.05,0.0,0.0,0.0,0.0,0.0,0.0,0.75,0,csu_1,csu_1,csu_1,1
0.95,0.2,0.15,0.1,0.1,0.1,0.1,0.1,0.05,0.05,0.05,0.0,0.0,0.0,0.0,0.75,0,csu_1,csu_1,csu_1,1
0.95,0.05,0.05,0.0,0.0,0.0,0.0,0.0,0.0,0.0,0.0,0.0,0.0,0.0,0.0,0.9,0,csu_1,csu_1,csu_1,1
0.95,0.05,0.0,0.0,0.0,0.0,0.0,0.0,0.0,0.0,0.0,0.0,0.0,0.0,0.0,0.9,0,csu_1,csu_1,csu_1,1
0.95,0.01,0.01,0.01,0.01,0.01,0.01,0.01,0.01,0.0,0.0,0.0,0.0,0.0,0.0,0.94,0,csu_1,csu_1,csu_1,1
0.95,0.05,0.0,0.0,0.0,0.0,0.0,0.0,0.0,0.0,0.0,0.0,0.0,0.0,0.0,0.9,0,csu_1,csu_1,csu_1,1
0.95,0.1,0.05,0.05,0.05,0.05,0.0,0.0,0.0,0.0,0.0,0.0,0.0,0.0,0.0,0.85,0,csu_1,csu_1,csu_1,1
0.95,0.1,0.1,0.1,0.1,0.05,0.05,0.05,0.0,0.0,0.0,0.0,0.0,0.0,0.0,0.85,0,csu_1,csu_1,csu_1,1
0.85,0.75,0.5,0.3,0.2,0.2,0.15,0.1,0.1,0.1,0.05,0.0,0.0,0.0,0.0,0.1,1,culture_company,book_publishing_company,book_2,0
0.95,0.9,0.85,0.7,0.3,0.2,0.1,0.1,0.05,0.0,0.0,0.0,0.0,0.0,0.0,0.05,1,culture_company,imdb,imdb,0
0.95,0.9,0.85,0.1,0.05,0.05,0.01,0.01,0.01,0.0,0.0,0.0,0.0,0.0,0.0,0.05,1,culture_company,imdb,imdb,0
0.98,0.96,0.95,0.95,0.95,0.95,0.02,0.01,0.01,0.0,0.0,0.0,0.0,0.0,0.0,0.02,1,culture_company,imdb,imdb,0
0.95,0.9,0.8,0.7,0.6,0.3,0.1,0.05,0.0,0.0,0.0,0.0,0.0,0.0,0.0,0.05,1,culture_company,imdb,imdb,0
0.95,0.85,0.75,0.65,0.55,0.45,0.35,0.25,0.15,0.0,0.0,0.0,0.0,0.0,0.0,0.1,1,culture_company,film_rank,culture_company,0
0.95,0.85,0.8,0.75,0.65,0.55,0.1,0.05,0.05,0.0,0.0,0.0,0.0,0.0,0.0,0.1,1,culture_company,movie_1,movie_1,0
0.95,0.95,0.9,0.85,0.1,0.1,0.1,0.05,0.05,0.0,0.0,0.0,0.0,0.0,0.0,0.0,1,culture_company,movie_1,movie_1,0
0.95,0.75,0.0,0.0,0.0,0.0,0.0,0.0,0.0,0.0,0.0,0.0,0.0,0.0,0.0,0.2,1,culture_company,movies_4,imdb,0
0.85,0.8,0.75,0.7,0.65,0.6,0.3,0.2,0.0,0.0,0.0,0.0,0.0,0.0,0.0,0.05,1,culture_company,imdb,imdb,0
0.98,0.95,0.9,0.85,0.75,0.7,0.6,0.1,0.05,0.0,0.0,0.0,0.0,0.0,0.0,0.03,1,culture_company,imdb,movie_1,0
0.95,0.9,0.05,0.01,0.01,0.01,0.01,0.01,0.01,0.0,0.0,0.0,0.0,0.0,0.0,0.05,1,culture_company,imdb,imdb,0
0.85,0.8,0.75,0.75,0.7,0.65,0.1,0.05,0.05,0.05,0.05,0.0,0.0,0.0,0.0,0.05,1,culture_company,culture_company,culture_company,1
0.9,0.85,0.15,0.15,0.1,0.1,0.1,0.1,0.05,0.05,0.05,0.0,0.0,0.0,0.0,0.05,1,culture_company,culture_company,imdb,1
0.95,0.7,0.1,0.1,0.1,0.1,0.1,0.1,0.1,0.1,0.05,0.05,0.0,0.0,0.0,0.25,0,culture_company,culture_company,culture_company,1
0.9,0.85,0.75,0.7,0.65,0.5,0.4,0.3,0.3,0.2,0.0,0.0,0.0,0.0,0.0,0.05,1,culture_company,culture_company,imdb,1
0.9,0.85,0.75,0.6,0.5,0.3,0.2,0.1,0.1,0.05,0.0,0.0,0.0,0.0,0.0,0.05,1,culture_company,culture_company,imdb,1
0.95,0.9,0.85,0.8,0.7,0.3,0.2,0.2,0.1,0.1,0.0,0.0,0.0,0.0,0.0,0.05,1,customer_complaints,products_gen_characteristics,products_gen_characteristics,0
0.98,0.95,0.7,0.6,0.4,0.3,0.3,0.2,0.05,0.0,0.0,0.0,0.0,0.0,0.0,0.03,1,culture_company,film_rank,culture_company,0
0.9,0.85,0.85,0.8,0.7,0.1,0.05,0.0,0.0,0.0,0.0,0.0,0.0,0.0,0.0,0.05,1,culture_company,culture_company,book_press,1
0.95,0.85,0.85,0.8,0.75,0.75,0.7,0.6,0.3,0.1,0.05,0.0,0.0,0.0,0.0,0.1,1,customer_complaints,customer_complaints,customer_complaints,1
0.95,0.35,0.3,0.25,0.2,0.15,0.1,0.1,0.05,0.05,0.05,0.0,0.0,0.0,0.0,0.6,0,customer_complaints,customer_complaints,customer_complaints,1
0.95,0.85,0.05,0.01,0.0,0.0,0.0,0.0,0.0,0.0,0.0,0.0,0.0,0.0,0.0,0.1,1,customer_complaints,customer_complaints,customer_complaints,1
0.95,0.75,0.1,0.05,0.05,0.05,0.05,0.0,0.0,0.0,0.0,0.0,0.0,0.0,0.0,0.2,1,customer_complaints,customer_complaints,customer_complaints,1
0.95,0.85,0.75,0.7,0.1,0.0,0.0,0.0,0.0,0.0,0.0,0.0,0.0,0.0,0.0,0.1,1,customer_complaints,student_1,customer_complaints,0
0.95,0.9,0.9,0.85,0.75,0.0,0.0,0.0,0.0,0.0,0.0,0.0,0.0,0.0,0.0,0.05,1,customer_complaints,student_1,customer_complaints,0
0.95,0.75,0.3,0.2,0.15,0.1,0.1,0.05,0.05,0.05,0.0,0.0,0.0,0.0,0.0,0.2,1,customer_complaints,customer_complaints,customer_complaints,1
0.95,0.95,0.9,0.9,0.85,0.85,0.8,0.75,0.1,0.05,0.0,0.0,0.0,0.0,0.0,0.0,1,customer_complaints,products_gen_characteristics,products_gen_characteristics,0
0.95,0.75,0.75,0.05,0.05,0.05,0.05,0.05,0.05,0.05,0.05,0.05,0.0,0.0,0.0,0.2,1,customer_complaints,customer_complaints,customer_complaints,1
0.95,0.05,0.02,0.01,0.01,0.01,0.01,0.01,0.0,0.0,0.0,0.0,0.0,0.0,0.0,0.9,0,customer_complaints,customer_complaints,customer_complaints,1
0.95,0.01,0.01,0.01,0.01,0.0,0.0,0.0,0.0,0.0,0.0,0.0,0.0,0.0,0.0,0.94,0,customer_complaints,customer_complaints,customer_complaints,1
0.95,0.85,0.05,0.03,0.02,0.02,0.02,0.01,0.01,0.01,0.01,0.01,0.0,0.0,0.0,0.1,1,customer_complaints,customer_complaints,customer_complaints,1
0.75,0.7,0.7,0.65,0.65,0.6,0.55,0.5,0.5,0.3,0.0,0.0,0.0,0.0,0.0,0.05,1,customer_complaints,customers_and_invoices,customers_card_transactions,0
1.0,0.7,0.2,0.2,0.15,0.15,0.1,0.1,0.1,0.1,0.1,0.05,0.0,0.0,0.0,0.3,0,customer_complaints,customer_complaints,customer_complaints,1
0.95,0.75,0.1,0.1,0.1,0.05,0.05,0.05,0.05,0.05,0.05,0.0,0.0,0.0,0.0,0.2,1,customer_complaints,customer_complaints,customer_complaints,1
0.8,0.75,0.7,0.7,0.5,0.3,0.2,0.1,0.0,0.0,0.0,0.0,0.0,0.0,0.0,0.05,1,customer_complaints,geo,customers_and_products_contacts,0
0.95,0.85,0.75,0.7,0.7,0.6,0.2,0.1,0.1,0.0,0.0,0.0,0.0,0.0,0.0,0.1,1,customer_complaints,regional_sales,geo,0
0.95,0.2,0.15,0.1,0.1,0.05,0.05,0.0,0.0,0.0,0.0,0.0,0.0,0.0,0.0,0.75,0,customer_complaints,customer_complaints,customer_complaints,1
0.95,0.7,0.05,0.03,0.02,0.01,0.01,0.01,0.01,0.0,0.0,0.0,0.0,0.0,0.0,0.25,0,customer_complaints,customer_complaints,customer_complaints,1
0.95,0.9,0.85,0.85,0.8,0.8,0.75,0.7,0.1,0.1,0.05,0.05,0.0,0.0,0.0,0.05,1,customer_deliveries,customers_and_products_contacts,customers_and_products_contacts,0
0.9,0.85,0.8,0.75,0.75,0.7,0.7,0.65,0.1,0.1,0.1,0.1,0.0,0.0,0.0,0.05,1,customer_complaints,customers_and_products_contacts,customers_and_products_contacts,0
0.95,0.9,0.85,0.8,0.75,0.7,0.6,0.2,0.15,0.1,0.05,0.05,0.05,0.0,0.0,0.05,1,customer_complaints,customers_and_products_contacts,customers_and_products_contacts,0
0.8,0.5,0.4,0.3,0.2,0.2,0.1,0.1,0.1,0.0,0.0,0.0,0.0,0.0,0.0,0.3,0,customer_deliveries,human_resources,hr_1,0
0.7,0.65,0.65,0.6,0.6,0.55,0.5,0.4,0.3,0.3,0.2,0.0,0.0,0.0,0.0,0.05,1,customer_complaints,customers_and_invoices,customers_and_invoices,0
0.95,0.0,0.0,0.0,0.0,0.0,0.0,0.0,0.0,0.0,0.0,0.0,0.0,0.0,0.0,0.95,0,customer_deliveries,customer_deliveries,customer_deliveries,1
0.85,0.8,0.8,0.75,0.7,0.6,0.5,0.3,0.0,0.0,0.0,0.0,0.0,0.0,0.0,0.05,1,customer_deliveries,financial,customers_and_orders,0
0.95,0.95,0.95,0.95,0.95,0.9,0.9,0.85,0.8,0.8,0.75,0.7,0.0,0.0,0.0,0.0,1,customer_deliveries,customers_card_transactions,customers_card_transactions,0
0.95,0.9,0.85,0.8,0.75,0.7,0.65,0.6,0.5,0.4,0.35,0.25,0.2,0.15,0.1,0.05,1,customer_deliveries,customers_and_products_contacts,customers_and_addresses,0
0.9,0.1,0.1,0.1,0.05,0.05,0.05,0.05,0.05,0.05,0.05,0.0,0.0,0.0,0.0,0.8,0,customer_deliveries,flight_4,flight_4,0
0.95,0.9,0.85,0.75,0.75,0.7,0.7,0.7,0.6,0.3,0.0,0.0,0.0,0.0,0.0,0.05,1,customer_deliveries,customers_and_products_contacts,geo,0
0.95,0.1,0.05,0.05,0.0,0.0,0.0,0.0,0.0,0.0,0.0,0.0,0.0,0.0,0.0,0.85,0,customers_and_addresses,customers_and_addresses,customers_and_addresses,1
0.95,0.85,0.1,0.1,0.05,0.05,0.05,0.05,0.01,0.01,0.01,0.01,0.0,0.0,0.0,0.1,1,customers_and_addresses,customers_and_addresses,customers_and_addresses,1
0.95,0.2,0.1,0.05,0.05,0.05,0.01,0.01,0.01,0.01,0.0,0.0,0.0,0.0,0.0,0.75,0,customers_and_addresses,customers_and_addresses,customers_and_addresses,1
0.95,0.05,0.02,0.01,0.01,0.01,0.01,0.01,0.01,0.01,0.01,0.01,0.01,0.0,0.0,0.9,0,customers_and_addresses,customers_and_addresses,customers_and_addresses,1
0.98,0.97,0.96,0.95,0.94,0.93,0.92,0.85,0.8,0.75,0.0,0.0,0.0,0.0,0.0,0.01,1,customers_and_addresses,customers_and_invoices,customers_and_orders,0
0.95,0.9,0.85,0.8,0.75,0.7,0.7,0.1,0.1,0.1,0.1,0.1,0.1,0.0,0.0,0.05,1,customers_and_addresses,customers_and_addresses,customers_and_addresses,1
0.95,0.9,0.9,0.85,0.85,0.8,0.75,0.2,0.1,0.05,0.05,0.05,0.0,0.0,0.0,0.05,1,customers_and_addresses,customers_and_addresses,customers_and_products_contacts,1
0.9,0.89,0.88,0.87,0.86,0.85,0.7,0.65,0.6,0.4,0.3,0.0,0.0,0.0,0.0,0.01,1,customers_and_addresses,customers_and_invoices,customers_and_invoices,0
0.95,0.95,0.95,0.9,0.9,0.9,0.9,0.85,0.7,0.1,0.05,0.0,0.0,0.0,0.0,0.0,1,customers_and_addresses,customers_and_invoices,customers_and_products_contacts,0
0.95,0.92,0.9,0.9,0.88,0.85,0.8,0.75,0.7,0.65,0.1,0.05,0.0,0.0,0.0,0.03,1,customers_and_addresses,e_commerce,customers_and_orders,0
0.95,0.94,0.93,0.92,0.91,0.9,0.88,0.85,0.75,0.6,0.5,0.2,0.0,0.0,0.0,0.01,1,customers_and_addresses,customers_and_orders,customers_and_orders,0
0.9,0.9,0.9,0.85,0.85,0.8,0.7,0.1,0.1,0.1,0.05,0.0,0.0,0.0,0.0,0.0,1,customers_and_addresses,epinions_1,customers_and_invoices,0
0.85,0.8,0.75,0.7,0.7,0.7,0.7,0.65,0.6,0.05,0.05,0.05,0.05,0.0,0.0,0.05,1,customers_and_addresses,products_gen_characteristics,customers_and_products_contacts,0
0.98,0.97,0.96,0.95,0.94,0.93,0.92,0.02,0.01,0.01,0.0,0.0,0.0,0.0,0.0,0.01,1,customers_and_addresses,customers_and_invoices,customers_and_invoices,0
0.9,0.7,0.6,0.3,0.2,0.1,0.1,0.1,0.1,0.05,0.05,0.05,0.05,0.0,0.0,0.2,0,customers_and_addresses,customers_and_addresses,customers_and_addresses,1
0.95,0.95,0.9,0.9,0.9,0.85,0.8,0.1,0.05,0.0,0.0,0.0,0.0,0.0,0.0,0.0,1,customers_and_addresses,customers_and_products_contacts,customers_and_products_contacts,0
0.95,0.7,0.6,0.4,0.3,0.2,0.1,0.1,0.0,0.0,0.0,0.0,0.0,0.0,0.0,0.25,0,customers_and_addresses,talkingdata,customers_and_addresses,0
0.95,0.95,0.95,0.95,0.95,0.95,0.05,0.05,0.05,0.05,0.05,0.05,0.0,0.0,0.0,0.0,1,customers_and_addresses,customers_and_addresses,customers_and_addresses,1
0.9,0.9,0.9,0.85,0.8,0.7,0.7,0.0,0.0,0.0,0.0,0.0,0.0,0.0,0.0,0.0,1,customers_and_addresses,customers_and_products_contacts,tracking_orders,0
0.95,0.95,0.95,0.95,0.9,0.9,0.85,0.1,0.05,0.05,0.0,0.0,0.0,0.0,0.0,0.0,1,customers_and_addresses,customers_and_addresses,customers_and_addresses,1
0.9,0.8,0.8,0.8,0.7,0.7,0.7,0.3,0.1,0.1,0.0,0.0,0.0,0.0,0.0,0.1,1,customers_and_addresses,customers_and_products_contacts,tracking_orders,0
0.95,0.95,0.9,0.9,0.9,0.9,0.85,0.8,0.1,0.1,0.05,0.0,0.0,0.0,0.0,0.0,1,customers_and_addresses,tracking_orders,tracking_orders,0
0.9,0.85,0.85,0.85,0.8,0.75,0.7,0.7,0.65,0.5,0.3,0.0,0.0,0.0,0.0,0.05,1,customers_and_addresses,e_commerce,customers_and_orders,0
0.95,0.9,0.88,0.87,0.85,0.82,0.8,0.75,0.65,0.1,0.05,0.0,0.0,0.0,0.0,0.05,1,customers_and_addresses,customers_campaigns_ecommerce,tracking_orders,0
0.98,0.97,0.96,0.95,0.94,0.92,0.9,0.1,0.05,0.01,0.01,0.01,0.0,0.0,0.0,0.01,1,customers_and_addresses,customers_and_orders,e_commerce,0
0.9,0.89,0.88,0.87,0.85,0.83,0.82,0.15,0.1,0.05,0.01,0.0,0.0,0.0,0.0,0.01,1,customers_and_addresses,customers_and_orders,e_commerce,0
0.9,0.88,0.85,0.82,0.8,0.78,0.75,0.1,0.05,0.0,0.0,0.0,0.0,0.0,0.0,0.02,1,customers_and_addresses,customers_and_invoices,customers_and_invoices,0
0.93,0.92,0.9,0.88,0.87,0.85,0.83,0.8,0.75,0.1,0.0,0.0,0.0,0.0,0.0,0.01,1,customers_and_addresses,customers_and_invoices,tracking_orders,0
0.9,0.9,0.85,0.85,0.8,0.8,0.8,0.6,0.3,0.2,0.1,0.1,0.0,0.0,0.0,0.0,1,customers_and_addresses,bakery_1,e_commerce,0
0.96,0.95,0.93,0.92,0.9,0.88,0.85,0.8,0.78,0.75,0.7,0.65,0.62,0.6,0.0,0.01,1,customers_and_addresses,customers_and_products_contacts,tracking_orders,0
0.98,0.97,0.96,0.95,0.95,0.1,0.1,0.05,0.05,0.0,0.0,0.0,0.0,0.0,0.0,0.01,1,customers_and_addresses,customers_and_orders,e_commerce,0
0.95,0.9,0.9,0.85,0.85,0.5,0.3,0.2,0.2,0.1,0.0,0.0,0.0,0.0,0.0,0.05,1,customers_and_addresses,customers_and_orders,customers_and_orders,0
0.95,0.95,0.9,0.85,0.1,0.1,0.1,0.05,0.05,0.0,0.0,0.0,0.0,0.0,0.0,0.0,1,customers_and_addresses,store_product,customers_and_orders,0
0.85,0.8,0.8,0.75,0.7,0.3,0.1,0.05,0.05,0.05,0.0,0.0,0.0,0.0,0.0,0.05,1,customers_and_addresses,epinions_1,customers_and_orders,0
0.95,0.95,0.95,0.95,0.95,0.95,0.95,0.85,0.85,0.75,0.0,0.0,0.0,0.0,0.0,0.0,1,customers_and_addresses,customers_and_products_contacts,customers_and_products_contacts,0
0.9,0.85,0.85,0.8,0.75,0.75,0.7,0.65,0.2,0.1,0.1,0.05,0.0,0.0,0.0,0.05,1,customers_and_addresses,customers_card_transactions,customers_and_products_contacts,0
0.85,0.85,0.85,0.85,0.2,0.1,0.05,0.05,0.05,0.05,0.0,0.0,0.0,0.0,0.0,0.0,1,customers_and_addresses,customers_card_transactions,customers_and_addresses,0
0.95,0.95,0.95,0.95,0.95,0.9,0.9,0.7,0.6,0.1,0.0,0.0,0.0,0.0,0.0,0.0,1,customers_and_addresses,customers_and_products_contacts,customers_and_products_contacts,0
0.95,0.95,0.95,0.9,0.9,0.9,0.9,0.7,0.1,0.1,0.0,0.0,0.0,0.0,0.0,0.0,1,customers_and_addresses,customers_and_products_contacts,customers_and_orders,0
0.85,0.8,0.75,0.7,0.7,0.7,0.7,0.65,0.6,0.1,0.1,0.05,0.0,0.0,0.0,0.05,1,customers_and_addresses,bakery_1,customers_and_invoices,0
0.95,0.95,0.95,0.95,0.9,0.9,0.9,0.85,0.8,0.8,0.7,0.6,0.5,0.0,0.0,0.0,1,customers_and_addresses,customers_and_orders,customers_and_orders,0
0.95,0.95,0.95,0.95,0.95,0.95,0.95,0.05,0.05,0.05,0.05,0.0,0.0,0.0,0.0,0.0,1,customers_and_addresses,customers_and_orders,customers_and_orders,0
0.95,0.9,0.9,0.9,0.85,0.85,0.8,0.75,0.75,0.7,0.7,0.7,0.6,0.5,0.0,0.05,1,customers_and_addresses,customers_and_orders,customers_and_orders,0
0.95,0.95,0.95,0.95,0.95,0.95,0.9,0.7,0.1,0.1,0.0,0.0,0.0,0.0,0.0,0.0,1,customers_and_addresses,customers_and_products_contacts,customers_and_products_contacts,0
0.95,0.9,0.85,0.2,0.15,0.1,0.1,0.05,0.05,0.05,0.05,0.0,0.0,0.0,0.0,0.05,1,customers_and_invoices,tracking_share_transactions,tracking_share_transactions,0
0.95,0.85,0.75,0.2,0.15,0.1,0.05,0.05,0.05,0.05,0.05,0.0,0.0,0.0,0.0,0.1,1,customers_and_invoices,customers_card_transactions,customers_card_transactions,0
0.95,0.85,0.75,0.7,0.3,0.2,0.15,0.1,0.1,0.1,0.05,0.0,0.0,0.0,0.0,0.1,1,customers_and_invoices,customers_card_transactions,customers_card_transactions,0
0.95,0.85,0.7,0.3,0.1,0.1,0.1,0.05,0.05,0.0,0.0,0.0,0.0,0.0,0.0,0.1,1,customers_and_invoices,customers_card_transactions,customers_card_transactions,0
0.95,0.85,0.7,0.1,0.1,0.05,0.05,0.05,0.05,0.05,0.0,0.0,0.0,0.0,0.0,0.1,1,customers_and_invoices,customers_card_transactions,customers_card_transactions,0
0.95,0.9,0.85,0.1,0.1,0.1,0.05,0.05,0.05,0.0,0.0,0.0,0.0,0.0,0.0,0.05,1,customers_and_invoices,customers_card_transactions,customers_card_transactions,0
0.95,0.85,0.75,0.6,0.3,0.2,0.15,0.1,0.1,0.05,0.05,0.0,0.0,0.0,0.0,0.1,1,customers_and_invoices,customers_card_transactions,customers_card_transactions,0
0.95,0.95,0.1,0.1,0.1,0.1,0.1,0.05,0.05,0.0,0.0,0.0,0.0,0.0,0.0,0.0,1,customers_and_invoices,store_product,e_commerce,0
0.95,0.95,0.7,0.7,0.7,0.6,0.6,0.3,0.3,0.1,0.1,0.0,0.0,0.0,0.0,0.0,1,customers_and_invoices,products_gen_characteristics,e_commerce,0
0.98,0.97,0.96,0.95,0.01,0.01,0.01,0.01,0.01,0.01,0.01,0.0,0.0,0.0,0.0,0.01,1,customers_and_invoices,products_gen_characteristics,e_commerce,0
0.98,0.97,0.95,0.01,0.01,0.01,0.01,0.01,0.01,0.01,0.01,0.01,0.01,0.0,0.0,0.01,1,customers_and_invoices,products_gen_characteristics,e_commerce,0
0.95,0.85,0.8,0.7,0.7,0.2,0.1,0.05,0.05,0.0,0.0,0.0,0.0,0.0,0.0,0.1,1,customers_and_invoices,customers_and_invoices,customers_and_invoices,1
0.95,0.85,0.8,0.8,0.75,0.7,0.65,0.15,0.1,0.05,0.05,0.05,0.0,0.0,0.0,0.1,1,customers_and_invoices,customers_and_invoices,customers_and_invoices,1
0.98,0.95,0.92,0.9,0.88,0.85,0.01,0.01,0.01,0.01,0.01,0.01,0.0,0.0,0.0,0.03,1,customers_and_invoices,customers_and_invoices,customers_and_invoices,1
0.95,0.85,0.8,0.75,0.7,0.65,0.05,0.05,0.01,0.01,0.01,0.01,0.0,0.0,0.0,0.1,1,customers_and_invoices,customers_and_invoices,customers_and_invoices,1
0.95,0.95,0.95,0.95,0.9,0.05,0.05,0.05,0.05,0.05,0.0,0.0,0.0,0.0,0.0,0.0,1,customers_and_invoices,customers_and_invoices,customers_and_invoices,1
0.98,0.97,0.95,0.85,0.85,0.8,0.1,0.1,0.1,0.1,0.05,0.05,0.0,0.0,0.0,0.01,1,customers_and_invoices,tracking_orders,customers_and_invoices,0
0.98,0.98,0.97,0.97,0.95,0.95,0.1,0.1,0.1,0.05,0.05,0.05,0.0,0.0,0.0,0.0,1,customers_and_invoices,customers_and_invoices,store_1,1
0.95,0.85,0.8,0.75,0.7,0.65,0.3,0.25,0.2,0.2,0.15,0.1,0.1,0.0,0.0,0.1,1,customers_and_invoices,tracking_orders,customers_and_invoices,0
0.95,0.85,0.75,0.6,0.5,0.45,0.4,0.3,0.2,0.15,0.1,0.0,0.0,0.0,0.0,0.1,1,customers_and_invoices,tracking_orders,customers_and_invoices,0
0.95,0.85,0.75,0.2,0.2,0.15,0.1,0.1,0.1,0.1,0.05,0.05,0.05,0.0,0.0,0.1,1,customers_and_invoices,tracking_orders,customers_and_invoices,0
0.9,0.85,0.8,0.7,0.65,0.6,0.5,0.35,0.3,0.1,0.1,0.0,0.0,0.0,0.0,0.05,1,customers_and_invoices,tracking_orders,customers_and_invoices,0
0.95,0.9,0.85,0.7,0.1,0.1,0.1,0.1,0.1,0.1,0.05,0.0,0.0,0.0,0.0,0.05,1,customers_and_invoices,tracking_orders,customers_and_invoices,0
0.95,0.92,0.9,0.88,0.85,0.8,0.75,0.7,0.65,0.6,0.5,0.45,0.3,0.0,0.0,0.03,1,customers_and_invoices,customers_and_products_contacts,customers_and_products_contacts,0
0.95,0.95,0.95,0.95,0.95,0.95,0.95,0.95,0.95,0.1,0.1,0.1,0.0,0.0,0.0,0.0,1,customers_and_invoices,customers_and_orders,customers_and_orders,0
0.85,0.82,0.8,0.78,0.75,0.73,0.72,0.7,0.2,0.15,0.1,0.0,0.0,0.0,0.0,0.03,1,customers_and_invoices,e_commerce,e_commerce,0
0.95,0.92,0.9,0.88,0.85,0.2,0.15,0.1,0.05,0.0,0.0,0.0,0.0,0.0,0.0,0.03,1,customers_and_invoices,customers_and_orders,customers_and_orders,0
0.95,0.94,0.93,0.92,0.91,0.9,0.85,0.1,0.05,0.01,0.0,0.0,0.0,0.0,0.0,0.01,1,customers_and_invoices,customers_and_orders,customers_and_orders,0
0.95,0.92,0.9,0.88,0.85,0.75,0.15,0.1,0.05,0.0,0.0,0.0,0.0,0.0,0.0,0.03,1,customers_and_invoices,customers_and_orders,customers_and_orders,0
0.95,0.95,0.95,0.95,0.95,0.95,0.95,0.9,0.1,0.1,0.05,0.05,0.0,0.0,0.0,0.0,1,customers_and_invoices,customers_and_orders,customers_and_orders,0
0.95,0.95,0.95,0.95,0.95,0.95,0.95,0.05,0.05,0.05,0.0,0.0,0.0,0.0,0.0,0.0,1,customers_and_invoices,tracking_orders,tracking_orders,0
0.95,0.95,0.95,0.95,0.95,0.95,0.95,0.05,0.05,0.05,0.05,0.01,0.0,0.0,0.0,0.0,1,customers_and_invoices,customers_and_orders,customers_and_orders,0
0.95,0.85,0.8,0.8,0.75,0.7,0.7,0.65,0.5,0.4,0.4,0.3,0.2,0.0,0.0,0.1,1,customers_and_invoices,customers_and_products_contacts,customers_and_products_contacts,0
0.95,0.95,0.95,0.95,0.95,0.95,0.85,0.85,0.85,0.75,0.75,0.75,0.0,0.0,0.0,0.0,1,customers_and_invoices,customers_and_orders,customers_and_orders,0
0.95,0.95,0.95,0.95,0.95,0.9,0.85,0.85,0.75,0.75,0.7,0.0,0.0,0.0,0.0,0.0,1,customers_and_invoices,customers_and_orders,customers_and_orders,0
0.95,0.95,0.95,0.95,0.95,0.95,0.95,0.9,0.85,0.85,0.1,0.1,0.1,0.0,0.0,0.0,1,customers_and_invoices,customers_and_orders,customers_and_orders,0
0.95,0.95,0.95,0.95,0.95,0.95,0.9,0.85,0.85,0.75,0.7,0.0,0.0,0.0,0.0,0.0,1,customers_and_invoices,customers_and_orders,customers_and_orders,0
0.95,0.94,0.93,0.92,0.91,0.9,0.88,0.85,0.15,0.1,0.0,0.0,0.0,0.0,0.0,0.01,1,customers_and_invoices,customers_and_orders,customers_and_orders,0
0.95,0.95,0.95,0.95,0.9,0.9,0.9,0.85,0.1,0.1,0.0,0.0,0.0,0.0,0.0,0.0,1,customers_and_invoices,customers_and_orders,customers_and_orders,0
0.95,0.93,0.92,0.9,0.88,0.85,0.8,0.78,0.75,0.15,0.1,0.05,0.0,0.0,0.0,0.02,1,customers_and_invoices,customers_and_orders,e_commerce,0
0.9,0.88,0.85,0.82,0.8,0.75,0.68,0.65,0.55,0.3,0.2,0.0,0.0,0.0,0.0,0.02,1,customers_and_invoices,customers_and_orders,e_commerce,0
0.95,0.9,0.85,0.8,0.75,0.3,0.2,0.15,0.1,0.05,0.05,0.05,0.01,0.01,0.0,0.05,1,customers_and_products_contacts,customers_and_orders,customers_and_orders,0
0.95,0.95,0.95,0.95,0.95,0.1,0.05,0.05,0.05,0.0,0.0,0.0,0.0,0.0,0.0,0.0,1,customers_and_products_contacts,customers_and_orders,customers_and_orders,0
0.95,0.9,0.9,0.85,0.85,0.8,0.75,0.1,0.0,0.0,0.0,0.0,0.0,0.0,0.0,0.05,1,customers_and_products_contacts,products_gen_characteristics,products_gen_characteristics,0
0.95,0.9,0.85,0.8,0.75,0.6,0.3,0.2,0.15,0.1,0.05,0.05,0.05,0.0,0.0,0.05,1,customers_and_products_contacts,customers_and_products_contacts,customers_and_products_contacts,1
0.95,0.93,0.92,0.9,0.85,0.8,0.75,0.7,0.2,0.15,0.1,0.05,0.0,0.0,0.0,0.02,1,customers_and_products_contacts,products_gen_characteristics,e_commerce,0
0.95,0.9,0.9,0.9,0.85,0.85,0.85,0.8,0.75,0.7,0.2,0.1,0.0,0.0,0.0,0.05,1,customers_and_products_contacts,customers_card_transactions,e_commerce,0
0.9,0.85,0.8,0.8,0.75,0.75,0.7,0.6,0.2,0.1,0.1,0.0,0.0,0.0,0.0,0.05,1,customers_and_products_contacts,products_gen_characteristics,e_commerce,0
0.95,0.0,0.0,0.0,0.0,0.0,0.0,0.0,0.0,0.0,0.0,0.0,0.0,0.0,0.0,0.95,0,customers_campaigns_ecommerce,customers_campaigns_ecommerce,customers_campaigns_ecommerce,1
0.95,0.95,0.95,0.95,0.9,0.9,0.85,0.85,0.1,0.1,0.05,0.05,0.0,0.0,0.0,0.0,1,customers_and_products_contacts,customers_and_products_contacts,customers_and_products_contacts,1
0.95,0.05,0.03,0.02,0.02,0.01,0.01,0.01,0.01,0.01,0.0,0.0,0.0,0.0,0.0,0.9,0,customers_campaigns_ecommerce,customers_campaigns_ecommerce,customers_campaigns_ecommerce,1
0.95,0.05,0.03,0.02,0.02,0.02,0.01,0.01,0.01,0.01,0.01,0.0,0.0,0.0,0.0,0.9,0,customers_campaigns_ecommerce,customers_campaigns_ecommerce,customers_campaigns_ecommerce,1
0.95,0.1,0.05,0.03,0.02,0.01,0.01,0.01,0.01,0.0,0.0,0.0,0.0,0.0,0.0,0.85,0,customers_campaigns_ecommerce,customers_campaigns_ecommerce,customers_campaigns_ecommerce,1
0.9,0.85,0.75,0.7,0.65,0.6,0.4,0.3,0.2,0.1,0.0,0.0,0.0,0.0,0.0,0.05,1,customers_campaigns_ecommerce,e_commerce,customers_campaigns_ecommerce,0
0.98,0.98,0.95,0.85,0.85,0.85,0.0,0.0,0.0,0.0,0.0,0.0,0.0,0.0,0.0,0.0,1,customers_campaigns_ecommerce,customers_and_products_contacts,behavior_monitoring,0
0.95,0.0,0.0,0.0,0.0,0.0,0.0,0.0,0.0,0.0,0.0,0.0,0.0,0.0,0.0,0.95,0,customers_card_transactions,debit_card_specializing,customers_card_transactions,0
0.95,0.15,0.1,0.1,0.05,0.05,0.05,0.05,0.05,0.05,0.05,0.05,0.05,0.05,0.05,0.8,0,customers_card_transactions,customers_card_transactions,customers_card_transactions,1
0.95,0.1,0.05,0.05,0.05,0.05,0.05,0.0,0.0,0.0,0.0,0.0,0.0,0.0,0.0,0.85,0,customers_card_transactions,customers_card_transactions,customers_card_transactions,1
0.95,0.8,0.75,0.7,0.6,0.1,0.05,0.05,0.01,0.01,0.01,0.01,0.0,0.0,0.0,0.15,1,customers_card_transactions,customers_card_transactions,customers_card_transactions,1
0.95,0.15,0.15,0.1,0.1,0.1,0.05,0.05,0.05,0.05,0.05,0.05,0.05,0.0,0.0,0.8,0,customers_card_transactions,customers_card_transactions,customers_card_transactions,1
0.95,0.85,0.7,0.1,0.05,0.05,0.05,0.05,0.05,0.05,0.05,0.05,0.05,0.0,0.0,0.1,1,customers_card_transactions,customers_card_transactions,customers_card_transactions,1
0.95,0.1,0.1,0.1,0.05,0.05,0.05,0.05,0.05,0.05,0.05,0.05,0.05,0.0,0.0,0.85,0,customers_card_transactions,customers_card_transactions,customers_card_transactions,1
0.95,0.3,0.2,0.2,0.15,0.15,0.1,0.1,0.05,0.05,0.05,0.05,0.0,0.0,0.0,0.65,0,customers_card_transactions,customers_card_transactions,customers_card_transactions,1
0.85,0.75,0.7,0.65,0.6,0.55,0.3,0.25,0.2,0.15,0.1,0.1,0.05,0.0,0.0,0.1,1,customers_campaigns_ecommerce,customers_and_products_contacts,customers_campaigns_ecommerce,0
0.9,0.85,0.8,0.75,0.7,0.6,0.3,0.1,0.05,0.05,0.05,0.0,0.0,0.0,0.0,0.05,1,customers_campaigns_ecommerce,e_commerce,customers_campaigns_ecommerce,0
0.95,0.05,0.05,0.05,0.05,0.05,0.05,0.05,0.05,0.05,0.05,0.05,0.05,0.0,0.0,0.9,0,customers_card_transactions,customers_card_transactions,customers_card_transactions,1
0.85,0.75,0.75,0.7,0.65,0.6,0.55,0.4,0.25,0.2,0.1,0.1,0.05,0.0,0.0,0.1,1,customers_card_transactions,small_bank_1,customers_card_transactions,0
0.95,0.2,0.15,0.15,0.1,0.1,0.1,0.05,0.05,0.05,0.05,0.05,0.05,0.0,0.0,0.75,0,customers_card_transactions,customers_card_transactions,customers_card_transactions,1
0.85,0.75,0.7,0.65,0.4,0.35,0.35,0.3,0.1,0.1,0.1,0.05,0.0,0.0,0.0,0.1,1,customers_card_transactions,small_bank_1,customers_card_transactions,0
0.95,0.1,0.05,0.0,0.0,0.0,0.0,0.0,0.0,0.0,0.0,0.0,0.0,0.0,0.0,0.85,0,customers_card_transactions,customers_card_transactions,customers_card_transactions,1
0.95,0.4,0.3,0.3,0.3,0.3,0.1,0.1,0.1,0.1,0.1,0.1,0.1,0.1,0.1,0.55,0,customers_card_transactions,card_games,customers_card_transactions,0
0.95,0.1,0.1,0.1,0.1,0.1,0.1,0.1,0.1,0.1,0.1,0.1,0.1,0.1,0.1,0.85,0,customers_card_transactions,card_games,customers_card_transactions,0
0.95,0.05,0.0,0.0,0.0,0.0,0.0,0.0,0.0,0.0,0.0,0.0,0.0,0.0,0.0,0.9,0,customers_card_transactions,customers_card_transactions,customers_card_transactions,1
0.95,0.05,0.0,0.0,0.0,0.0,0.0,0.0,0.0,0.0,0.0,0.0,0.0,0.0,0.0,0.9,0,customers_card_transactions,customers_card_transactions,customers_card_transactions,1
0.9,0.0,0.0,0.0,0.0,0.0,0.0,0.0,0.0,0.0,0.0,0.0,0.0,0.0,0.0,0.9,0,customers_card_transactions,card_games,customers_card_transactions,0
0.95,0.1,0.05,0.05,0.05,0.05,0.05,0.05,0.05,0.05,0.05,0.05,0.0,0.0,0.0,0.85,0,customers_card_transactions,customers_card_transactions,customers_card_transactions,1
0.95,0.05,0.05,0.05,0.05,0.05,0.05,0.05,0.05,0.0,0.0,0.0,0.0,0.0,0.0,0.9,0,customers_card_transactions,customers_card_transactions,customers_card_transactions,1
0.9,0.8,0.4,0.3,0.3,0.3,0.3,0.2,0.2,0.1,0.1,0.1,0.0,0.0,0.0,0.1,1,customers_card_transactions,customers_card_transactions,customers_card_transactions,1
0.95,0.7,0.2,0.15,0.15,0.15,0.15,0.1,0.1,0.05,0.05,0.05,0.0,0.0,0.0,0.25,0,customers_card_transactions,customers_card_transactions,customers_card_transactions,1
0.95,0.1,0.1,0.1,0.1,0.1,0.1,0.1,0.1,0.01,0.01,0.01,0.01,0.01,0.01,0.85,0,customers_card_transactions,card_games,customers_card_transactions,0
0.95,0.2,0.1,0.1,0.1,0.1,0.1,0.1,0.1,0.1,0.1,0.1,0.1,0.1,0.1,0.75,0,customers_card_transactions,card_games,customers_card_transactions,0
0.95,0.3,0.2,0.1,0.1,0.1,0.1,0.1,0.1,0.1,0.1,0.1,0.1,0.1,0.1,0.65,0,customers_card_transactions,card_games,customers_card_transactions,0
0.9,0.1,0.1,0.1,0.1,0.1,0.1,0.1,0.1,0.1,0.1,0.1,0.1,0.1,0.1,0.8,0,customers_card_transactions,customers_card_transactions,customers_card_transactions,1
0.95,0.15,0.1,0.1,0.05,0.05,0.05,0.05,0.05,0.05,0.0,0.0,0.0,0.0,0.0,0.8,0,customers_card_transactions,tracking_share_transactions,tracking_share_transactions,0
0.95,0.85,0.7,0.15,0.1,0.1,0.1,0.1,0.05,0.05,0.05,0.0,0.0,0.0,0.0,0.1,1,customers_card_transactions,tracking_share_transactions,tracking_share_transactions,0
0.95,0.85,0.1,0.05,0.02,0.01,0.01,0.0,0.0,0.0,0.0,0.0,0.0,0.0,0.0,0.1,1,customers_card_transactions,tracking_share_transactions,tracking_share_transactions,0
0.95,0.9,0.85,0.1,0.05,0.05,0.0,0.0,0.0,0.0,0.0,0.0,0.0,0.0,0.0,0.05,1,customers_card_transactions,customers_card_transactions,customers_card_transactions,1
0.95,0.85,0.7,0.6,0.2,0.2,0.2,0.1,0.1,0.1,0.1,0.0,0.0,0.0,0.0,0.1,1,customers_card_transactions,tracking_share_transactions,tracking_share_transactions,0
0.95,0.1,0.05,0.05,0.05,0.0,0.0,0.0,0.0,0.0,0.0,0.0,0.0,0.0,0.0,0.85,0,customers_card_transactions,customers_card_transactions,customers_card_transactions,1
0.95,0.9,0.85,0.1,0.05,0.05,0.05,0.0,0.0,0.0,0.0,0.0,0.0,0.0,0.0,0.05,1,customers_card_transactions,customers_card_transactions,customers_card_transactions,1
0.95,0.3,0.25,0.2,0.15,0.1,0.1,0.05,0.05,0.0,0.0,0.0,0.0,0.0,0.0,0.65,0,customers_card_transactions,customers_card_transactions,customers_card_transactions,1
0.95,0.9,0.85,0.75,0.65,0.55,0.1,0.0,0.0,0.0,0.0,0.0,0.0,0.0,0.0,0.05,1,customers_card_transactions,tracking_share_transactions,tracking_share_transactions,0
0.98,0.95,0.85,0.1,0.05,0.02,0.01,0.01,0.0,0.0,0.0,0.0,0.0,0.0,0.0,0.03,1,customers_card_transactions,customers_card_transactions,tracking_share_transactions,1
0.95,0.9,0.85,0.2,0.2,0.15,0.1,0.1,0.1,0.05,0.05,0.05,0.0,0.0,0.0,0.05,1,customers_card_transactions,tracking_share_transactions,tracking_share_transactions,0
0.9,0.85,0.8,0.05,0.05,0.05,0.0,0.0,0.0,0.0,0.0,0.0,0.0,0.0,0.0,0.05,1,customers_card_transactions,customers_card_transactions,customers_card_transactions,1
0.9,0.85,0.7,0.6,0.5,0.4,0.3,0.2,0.0,0.0,0.0,0.0,0.0,0.0,0.0,0.05,1,debate,party_host,world_1,0
0.95,0.85,0.7,0.1,0.1,0.1,0.05,0.05,0.05,0.05,0.0,0.0,0.0,0.0,0.0,0.1,1,customers_card_transactions,customers_card_transactions,customers_card_transactions,1
0.95,0.9,0.75,0.2,0.1,0.1,0.1,0.1,0.05,0.05,0.05,0.0,0.0,0.0,0.0,0.05,1,customers_card_transactions,customers_card_transactions,customers_card_transactions,1
0.95,0.02,0.01,0.01,0.01,0.01,0.01,0.0,0.0,0.0,0.0,0.0,0.0,0.0,0.0,0.93,0,debate,debate,debate,1
0.95,0.1,0.05,0.0,0.0,0.0,0.0,0.0,0.0,0.0,0.0,0.0,0.0,0.0,0.0,0.85,0,debate,debate,debate,1
0.95,0.1,0.05,0.0,0.0,0.0,0.0,0.0,0.0,0.0,0.0,0.0,0.0,0.0,0.0,0.85,0,debate,debate,debate,1
0.95,0.05,0.0,0.0,0.0,0.0,0.0,0.0,0.0,0.0,0.0,0.0,0.0,0.0,0.0,0.9,0,debate,debate,debate,1
0.95,0.1,0.05,0.05,0.0,0.0,0.0,0.0,0.0,0.0,0.0,0.0,0.0,0.0,0.0,0.85,0,debate,debate,debate,1
0.95,0.1,0.05,0.05,0.05,0.0,0.0,0.0,0.0,0.0,0.0,0.0,0.0,0.0,0.0,0.85,0,debate,debate,debate,1
0.95,0.6,0.0,0.0,0.0,0.0,0.0,0.0,0.0,0.0,0.0,0.0,0.0,0.0,0.0,0.35,0,debit_card_specializing,debit_card_specializing,customers_card_transactions,1
0.95,0.05,0.05,0.0,0.0,0.0,0.0,0.0,0.0,0.0,0.0,0.0,0.0,0.0,0.0,0.9,0,debate,debate,debate,1
0.9,0.85,0.8,0.75,0.7,0.6,0.55,0.15,0.1,0.05,0.0,0.0,0.0,0.0,0.0,0.05,1,debit_card_specializing,products_gen_characteristics,e_commerce,0
0.95,0.9,0.85,0.75,0.7,0.1,0.0,0.0,0.0,0.0,0.0,0.0,0.0,0.0,0.0,0.05,1,debit_card_specializing,debit_card_specializing,customers_card_transactions,1
0.8,0.7,0.6,0.4,0.3,0.2,0.2,0.1,0.1,0.0,0.0,0.0,0.0,0.0,0.0,0.1,1,debit_card_specializing,debit_card_specializing,e_commerce,1
0.8,0.6,0.2,0.1,0.0,0.0,0.0,0.0,0.0,0.0,0.0,0.0,0.0,0.0,0.0,0.2,0,debit_card_specializing,debit_card_specializing,customers_card_transactions,1
0.75,0.7,0.65,0.6,0.6,0.4,0.0,0.0,0.0,0.0,0.0,0.0,0.0,0.0,0.0,0.05,1,debit_card_specializing,debit_card_specializing,customers_and_invoices,1
0.85,0.75,0.7,0.0,0.0,0.0,0.0,0.0,0.0,0.0,0.0,0.0,0.0,0.0,0.0,0.1,1,debit_card_specializing,debit_card_specializing,customers_card_transactions,1
0.7,0.6,0.0,0.0,0.0,0.0,0.0,0.0,0.0,0.0,0.0,0.0,0.0,0.0,0.0,0.1,1,debit_card_specializing,debit_card_specializing,gas_company,1
0.8,0.75,0.75,0.7,0.7,0.6,0.5,0.0,0.0,0.0,0.0,0.0,0.0,0.0,0.0,0.05,1,debit_card_specializing,debit_card_specializing,customers_and_products_contacts,1
0.75,0.7,0.65,0.6,0.55,0.5,0.5,0.45,0.4,0.4,0.35,0.3,0.0,0.0,0.0,0.05,1,debit_card_specializing,debit_card_specializing,customers_card_transactions,1
0.8,0.2,0.15,0.1,0.1,0.1,0.1,0.05,0.05,0.0,0.0,0.0,0.0,0.0,0.0,0.6,0,debit_card_specializing,debit_card_specializing,gas_company,1
0.7,0.6,0.5,0.4,0.4,0.4,0.3,0.3,0.3,0.3,0.2,0.0,0.0,0.0,0.0,0.1,1,debit_card_specializing,debit_card_specializing,customers_card_transactions,1
0.7,0.6,0.6,0.5,0.5,0.4,0.2,0.1,0.0,0.0,0.0,0.0,0.0,0.0,0.0,0.1,1,debit_card_specializing,debit_card_specializing,customers_and_addresses,1
0.85,0.75,0.65,0.3,0.2,0.1,0.05,0.0,0.0,0.0,0.0,0.0,0.0,0.0,0.0,0.1,1,debit_card_specializing,debit_card_specializing,customers_card_transactions,1
0.25,0.2,0.2,0.15,0.15,0.1,0.1,0.05,0.05,0.0,0.0,0.0,0.0,0.0,0.0,0.05,1,debit_card_specializing,debit_card_specializing,driving_school,1
0.75,0.1,0.05,0.05,0.0,0.0,0.0,0.0,0.0,0.0,0.0,0.0,0.0,0.0,0.0,0.65,0,debit_card_specializing,debit_card_specializing,gas_company,1
0.8,0.6,0.3,0.2,0.1,0.01,0.01,0.01,0.01,0.01,0.01,0.01,0.01,0.01,0.01,0.2,0,debit_card_specializing,works_cycles,solvency_ii,0
0.95,0.9,0.9,0.85,0.85,0.8,0.7,0.1,0.1,0.1,0.1,0.05,0.05,0.0,0.0,0.05,1,debit_card_specializing,customers_and_invoices,customers_and_invoices,0
0.95,0.9,0.7,0.65,0.6,0.2,0.1,0.1,0.05,0.05,0.05,0.0,0.0,0.0,0.0,0.05,1,debit_card_specializing,debit_card_specializing,customers_card_transactions,1
0.85,0.8,0.75,0.0,0.0,0.0,0.0,0.0,0.0,0.0,0.0,0.0,0.0,0.0,0.0,0.05,1,debit_card_specializing,debit_card_specializing,customers_card_transactions,1
0.9,0.85,0.3,0.25,0.2,0.2,0.1,0.05,0.05,0.0,0.0,0.0,0.0,0.0,0.0,0.05,1,debit_card_specializing,debit_card_specializing,customers_and_invoices,1
0.85,0.75,0.6,0.5,0.5,0.4,0.3,0.2,0.0,0.0,0.0,0.0,0.0,0.0,0.0,0.1,1,debit_card_specializing,customers_card_transactions,customers_card_transactions,0
0.95,0.6,0.5,0.5,0.4,0.4,0.4,0.4,0.3,0.3,0.0,0.0,0.0,0.0,0.0,0.35,0,debit_card_specializing,debit_card_specializing,restaurant_bills,1
0.8,0.6,0.4,0.3,0.3,0.2,0.2,0.0,0.0,0.0,0.0,0.0,0.0,0.0,0.0,0.2,0,debit_card_specializing,debit_card_specializing,customers_card_transactions,1
0.8,0.7,0.6,0.3,0.2,0.1,0.1,0.0,0.0,0.0,0.0,0.0,0.0,0.0,0.0,0.1,1,debit_card_specializing,debit_card_specializing,customers_card_transactions,1
0.85,0.15,0.1,0.05,0.05,0.0,0.0,0.0,0.0,0.0,0.0,0.0,0.0,0.0,0.0,0.7,0,debit_card_specializing,gas_company,gas_company,0
0.6,0.2,0.1,0.1,0.0,0.0,0.0,0.0,0.0,0.0,0.0,0.0,0.0,0.0,0.0,0.4,0,debit_card_specializing,superstore,world_1,0
0.95,0.93,0.92,0.9,0.85,0.2,0.1,0.05,0.0,0.0,0.0,0.0,0.0,0.0,0.0,0.02,1,debit_card_specializing,sales,customers_and_invoices,0
0.95,0.9,0.88,0.85,0.8,0.75,0.7,0.6,0.3,0.1,0.0,0.0,0.0,0.0,0.0,0.05,1,debit_card_specializing,debit_card_specializing,customers_and_invoices,1
0.7,0.3,0.2,0.1,0.1,0.1,0.0,0.0,0.0,0.0,0.0,0.0,0.0,0.0,0.0,0.4,0,debit_card_specializing,store_product,gas_company,0
0.7,0.7,0.7,0.6,0.6,0.5,0.3,0.2,0.1,0.0,0.0,0.0,0.0,0.0,0.0,0.0,1,debit_card_specializing,debit_card_specializing,customers_and_invoices,1
0.95,0.4,0.3,0.2,0.1,0.1,0.1,0.1,0.05,0.05,0.05,0.0,0.0,0.0,0.0,0.55,0,decoration_competition,csu_1,decoration_competition,0
0.95,0.2,0.15,0.1,0.05,0.0,0.0,0.0,0.0,0.0,0.0,0.0,0.0,0.0,0.0,0.75,0,decoration_competition,club_leader,decoration_competition,0
0.95,0.1,0.1,0.05,0.05,0.05,0.0,0.0,0.0,0.0,0.0,0.0,0.0,0.0,0.0,0.85,0,decoration_competition,club_1,decoration_competition,0
0.95,0.15,0.1,0.05,0.05,0.0,0.0,0.0,0.0,0.0,0.0,0.0,0.0,0.0,0.0,0.8,0,decoration_competition,decoration_competition,decoration_competition,1
0.7,0.6,0.5,0.4,0.4,0.3,0.3,0.1,0.1,0.0,0.0,0.0,0.0,0.0,0.0,0.1,1,debit_card_specializing,debit_card_specializing,customers_card_transactions,1
0.95,0.85,0.7,0.6,0.3,0.2,0.2,0.1,0.1,0.1,0.05,0.05,0.0,0.0,0.0,0.1,1,decoration_competition,decoration_competition,decoration_competition,1
0.85,0.75,0.7,0.7,0.7,0.6,0.2,0.2,0.1,0.1,0.1,0.1,0.1,0.0,0.0,0.1,1,department_management,department_management,department_management,1
0.95,0.05,0.03,0.02,0.02,0.01,0.01,0.01,0.01,0.0,0.0,0.0,0.0,0.0,0.0,0.9,0,decoration_competition,decoration_competition,decoration_competition,1
0.95,0.05,0.03,0.02,0.02,0.02,0.01,0.01,0.01,0.01,0.01,0.01,0.0,0.0,0.0,0.9,0,department_management,department_management,department_management,1
0.3,0.2,0.15,0.1,0.1,0.05,0.05,0.0,0.0,0.0,0.0,0.0,0.0,0.0,0.0,0.1,1,department_management,imdb,imdb,0
0.85,0.4,0.3,0.25,0.2,0.15,0.15,0.15,0.15,0.1,0.05,0.05,0.05,0.0,0.0,0.45,0,decoration_competition,club_1,decoration_competition,0
0.95,0.4,0.3,0.2,0.15,0.1,0.05,0.05,0.05,0.05,0.02,0.01,0.0,0.0,0.0,0.55,0,department_management,department_management,department_management,1
0.9,0.3,0.2,0.1,0.1,0.05,0.05,0.05,0.05,0.0,0.0,0.0,0.0,0.0,0.0,0.6,0,department_management,department_management,department_management,1
0.85,0.0,0.0,0.0,0.0,0.0,0.0,0.0,0.0,0.0,0.0,0.0,0.0,0.0,0.0,0.85,0,department_management,legislator,department_management,0
0.95,0.05,0.05,0.01,0.01,0.01,0.01,0.01,0.01,0.01,0.01,0.01,0.01,0.0,0.0,0.9,0,decoration_competition,decoration_competition,decoration_competition,1
0.95,0.05,0.05,0.01,0.01,0.01,0.01,0.01,0.01,0.01,0.01,0.01,0.01,0.01,0.0,0.9,0,department_management,department_management,department_management,1
0.95,0.0,0.0,0.0,0.0,0.0,0.0,0.0,0.0,0.0,0.0,0.0,0.0,0.0,0.0,0.95,0,department_management,headphone_store,department_management,0
0.95,0.9,0.9,0.85,0.85,0.8,0.75,0.7,0.1,0.1,0.1,0.1,0.1,0.1,0.0,0.05,1,department_store,customers_and_addresses,customers_and_orders,0
0.95,0.95,0.95,0.9,0.9,0.9,0.85,0.85,0.1,0.1,0.1,0.1,0.1,0.0,0.0,0.0,1,department_store,customers_and_addresses,customers_and_addresses,0
0.9,0.2,0.1,0.1,0.1,0.1,0.1,0.1,0.1,0.1,0.1,0.05,0.05,0.0,0.0,0.7,0,department_store,department_store,department_store,1
0.85,0.2,0.2,0.15,0.1,0.1,0.1,0.05,0.05,0.05,0.05,0.05,0.05,0.0,0.0,0.65,0,department_store,department_store,department_store,1
0.95,0.93,0.92,0.9,0.85,0.1,0.1,0.05,0.05,0.05,0.05,0.01,0.0,0.0,0.0,0.02,1,department_store,customers_and_products_contacts,customers_and_products_contacts,0
0.85,0.8,0.8,0.75,0.7,0.7,0.7,0.65,0.6,0.3,0.2,0.1,0.0,0.0,0.0,0.05,1,department_store,customers_and_products_contacts,customers_and_products_contacts,0
0.85,0.8,0.75,0.6,0.5,0.35,0.3,0.25,0.2,0.15,0.1,0.0,0.0,0.0,0.0,0.05,1,department_store,conference,department_store,0
0.85,0.7,0.6,0.4,0.3,0.1,0.1,0.1,0.1,0.1,0.05,0.0,0.0,0.0,0.0,0.15,1,department_store,conference,department_store,0
0.9,0.85,0.8,0.75,0.7,0.7,0.65,0.6,0.6,0.5,0.1,0.0,0.0,0.0,0.0,0.05,1,department_store,cre_Doc_Workflow,department_store,0
0.9,0.85,0.8,0.75,0.75,0.7,0.7,0.65,0.6,0.6,0.5,0.4,0.0,0.0,0.0,0.05,1,department_store,cre_Doc_Workflow,department_store,0
0.85,0.05,0.03,0.02,0.02,0.01,0.01,0.01,0.01,0.01,0.01,0.0,0.0,0.0,0.0,0.8,0,department_store,customers_and_products_contacts,department_store,0
0.95,0.9,0.9,0.9,0.9,0.85,0.1,0.1,0.05,0.0,0.0,0.0,0.0,0.0,0.0,0.05,1,department_store,retails,customers_and_orders,0
0.95,0.85,0.85,0.8,0.75,0.7,0.65,0.1,0.05,0.05,0.05,0.01,0.0,0.0,0.0,0.1,1,department_store,customers_and_products_contacts,department_store,0
0.95,0.85,0.7,0.65,0.65,0.6,0.5,0.3,0.1,0.1,0.1,0.05,0.0,0.0,0.0,0.1,1,department_store,customers_and_products_contacts,department_store,0
0.95,0.01,0.01,0.01,0.01,0.01,0.01,0.01,0.01,0.01,0.01,0.0,0.0,0.0,0.0,0.94,0,department_store,customers_and_products_contacts,department_store,0
0.95,0.95,0.95,0.95,0.95,0.9,0.9,0.1,0.1,0.05,0.05,0.0,0.0,0.0,0.0,0.0,1,department_store,customers_and_orders,customers_and_orders,0
0.95,0.95,0.95,0.9,0.9,0.9,0.85,0.85,0.8,0.75,0.1,0.05,0.0,0.0,0.0,0.0,1,department_store,products_gen_characteristics,products_gen_characteristics,0
0.9,0.9,0.9,0.85,0.85,0.8,0.8,0.6,0.1,0.05,0.0,0.0,0.0,0.0,0.0,0.0,1,department_store,products_gen_characteristics,customers_and_products_contacts,0
0.85,0.75,0.7,0.0,0.0,0.0,0.0,0.0,0.0,0.0,0.0,0.0,0.0,0.0,0.0,0.1,1,department_store,retails,department_store,0
0.85,0.1,0.0,0.0,0.0,0.0,0.0,0.0,0.0,0.0,0.0,0.0,0.0,0.0,0.0,0.75,0,department_store,retails,department_store,0
0.95,0.15,0.15,0.1,0.05,0.05,0.05,0.0,0.0,0.0,0.0,0.0,0.0,0.0,0.0,0.8,0,department_store,department_store,department_store,1
0.85,0.35,0.3,0.25,0.2,0.2,0.15,0.1,0.05,0.0,0.0,0.0,0.0,0.0,0.0,0.5,0,department_store,department_store,department_store,1
0.9,0.85,0.8,0.75,0.7,0.65,0.6,0.5,0.4,0.35,0.3,0.0,0.0,0.0,0.0,0.05,1,department_store,customers_and_invoices,customers_and_orders,0
0.9,0.85,0.8,0.8,0.75,0.75,0.7,0.6,0.3,0.2,0.1,0.0,0.0,0.0,0.0,0.05,1,department_store,customers_and_invoices,customers_card_transactions,0
0.85,0.85,0.8,0.75,0.75,0.7,0.1,0.1,0.1,0.1,0.1,0.1,0.0,0.0,0.0,0.0,1,department_store,customers_and_products_contacts,customers_and_invoices,0
0.8,0.8,0.7,0.3,0.1,0.0,0.0,0.0,0.0,0.0,0.0,0.0,0.0,0.0,0.0,0.0,1,department_store,phone_market,e_commerce,0
0.9,0.9,0.85,0.7,0.0,0.0,0.0,0.0,0.0,0.0,0.0,0.0,0.0,0.0,0.0,0.0,1,department_store,phone_market,e_commerce,0
0.95,0.95,0.9,0.85,0.85,0.8,0.75,0.7,0.65,0.6,0.6,0.5,0.0,0.0,0.0,0.0,1,department_store,customers_and_products_contacts,customers_and_orders,0
0.95,0.95,0.9,0.9,0.85,0.8,0.75,0.7,0.6,0.2,0.1,0.0,0.0,0.0,0.0,0.0,1,department_store,products_gen_characteristics,e_commerce,0
0.9,0.9,0.9,0.9,0.85,0.7,0.6,0.5,0.3,0.2,0.0,0.0,0.0,0.0,0.0,0.0,1,department_store,products_gen_characteristics,customers_and_products_contacts,0
0.95,0.92,0.9,0.88,0.85,0.8,0.75,0.7,0.18,0.15,0.12,0.1,0.0,0.0,0.0,0.03,1,department_store,tracking_orders,tracking_orders,0
0.95,0.95,0.95,0.95,0.95,0.95,0.95,0.8,0.7,0.1,0.1,0.05,0.0,0.0,0.0,0.0,1,department_store,customers_and_products_contacts,customers_and_products_contacts,0
0.95,0.92,0.9,0.88,0.88,0.85,0.82,0.75,0.2,0.15,0.1,0.1,0.0,0.0,0.0,0.03,1,department_store,tracking_orders,tracking_orders,0
0.95,0.95,0.9,0.9,0.9,0.85,0.8,0.75,0.7,0.6,0.5,0.4,0.0,0.0,0.0,0.0,1,department_store,customers_and_invoices,customers_and_products_contacts,0
0.95,0.95,0.95,0.95,0.95,0.95,0.95,0.8,0.7,0.5,0.5,0.5,0.0,0.0,0.0,0.0,1,department_store,customers_and_products_contacts,customers_and_products_contacts,0
0.85,0.75,0.6,0.2,0.1,0.05,0.0,0.0,0.0,0.0,0.0,0.0,0.0,0.0,0.0,0.1,1,department_store,human_resources,department_store,0
0.9,0.85,0.8,0.8,0.75,0.7,0.2,0.2,0.2,0.1,0.05,0.05,0.0,0.0,0.0,0.05,1,department_store,customers_and_addresses,customers_and_products_contacts,0
0.95,0.95,0.95,0.95,0.95,0.95,0.9,0.85,0.1,0.1,0.05,0.05,0.0,0.0,0.0,0.0,1,department_store,customers_and_products_contacts,customers_and_products_contacts,0
0.85,0.8,0.75,0.75,0.75,0.7,0.0,0.0,0.0,0.0,0.0,0.0,0.0,0.0,0.0,0.05,1,department_store,works_cycles,department_store,0
0.9,0.85,0.8,0.7,0.6,0.1,0.1,0.05,0.05,0.0,0.0,0.0,0.0,0.0,0.0,0.05,1,department_store,products_gen_characteristics,e_commerce,0
0.95,0.9,0.85,0.8,0.75,0.6,0.1,0.1,0.05,0.05,0.05,0.05,0.05,0.0,0.0,0.05,1,department_store,customers_and_addresses,customers_and_products_contacts,0
0.95,0.9,0.9,0.85,0.7,0.6,0.2,0.1,0.1,0.1,0.05,0.0,0.0,0.0,0.0,0.05,1,department_store,products_gen_characteristics,department_store,0
0.95,0.9,0.9,0.9,0.85,0.85,0.85,0.8,0.75,0.2,0.1,0.05,0.0,0.0,0.0,0.05,1,department_store,products_gen_characteristics,headphone_store,0
0.95,0.95,0.95,0.9,0.9,0.85,0.75,0.7,0.7,0.3,0.2,0.2,0.1,0.0,0.0,0.0,1,department_store,product_catalog,customers_and_products_contacts,0
0.95,0.9,0.8,0.7,0.2,0.15,0.1,0.1,0.1,0.05,0.05,0.05,0.0,0.0,0.0,0.05,1,device,device,device,1
0.95,0.9,0.75,0.7,0.2,0.15,0.1,0.1,0.1,0.1,0.05,0.05,0.05,0.0,0.0,0.05,1,device,device,device,1
0.95,0.9,0.7,0.6,0.3,0.2,0.2,0.2,0.1,0.1,0.1,0.0,0.0,0.0,0.0,0.05,1,device,device,device,1
0.95,0.9,0.85,0.1,0.05,0.05,0.02,0.02,0.01,0.01,0.01,0.0,0.0,0.0,0.0,0.05,1,device,device,device,1
0.9,0.85,0.7,0.4,0.35,0.3,0.25,0.2,0.15,0.1,0.05,0.0,0.0,0.0,0.0,0.05,1,device,device,device,1
0.95,0.9,0.85,0.1,0.05,0.05,0.01,0.01,0.01,0.01,0.01,0.0,0.0,0.0,0.0,0.05,1,device,device,device,1
0.95,0.1,0.1,0.05,0.05,0.05,0.05,0.05,0.05,0.0,0.0,0.0,0.0,0.0,0.0,0.85,0,device,device,device,1
0.95,0.15,0.1,0.05,0.05,0.05,0.05,0.05,0.05,0.05,0.0,0.0,0.0,0.0,0.0,0.8,0,device,device,device,1
0.95,0.15,0.1,0.08,0.05,0.03,0.02,0.0,0.0,0.0,0.0,0.0,0.0,0.0,0.0,0.8,0,device,device,device,1
0.95,0.85,0.2,0.15,0.1,0.05,0.05,0.01,0.01,0.0,0.0,0.0,0.0,0.0,0.0,0.1,1,device,device,device,1
0.95,0.05,0.02,0.01,0.01,0.01,0.0,0.0,0.0,0.0,0.0,0.0,0.0,0.0,0.0,0.9,0,device,device,device,1
0.95,0.05,0.02,0.01,0.01,0.01,0.0,0.0,0.0,0.0,0.0,0.0,0.0,0.0,0.0,0.9,0,device,device,device,1
0.95,0.9,0.1,0.1,0.05,0.01,0.01,0.01,0.01,0.01,0.01,0.01,0.0,0.0,0.0,0.05,1,device,device,device,1
0.95,0.9,0.1,0.1,0.05,0.05,0.0,0.0,0.0,0.0,0.0,0.0,0.0,0.0,0.0,0.05,1,device,device,device,1
0.95,0.9,0.6,0.05,0.0,0.0,0.0,0.0,0.0,0.0,0.0,0.0,0.0,0.0,0.0,0.05,1,device,public_review_platform,device,0
0.95,0.85,0.6,0.1,0.1,0.05,0.05,0.05,0.05,0.0,0.0,0.0,0.0,0.0,0.0,0.1,1,device,yelp,device,0
0.95,0.85,0.7,0.3,0.2,0.2,0.1,0.1,0.1,0.05,0.05,0.0,0.0,0.0,0.0,0.1,1,device,device,device,1
0.95,0.9,0.7,0.1,0.1,0.1,0.1,0.1,0.05,0.05,0.05,0.0,0.0,0.0,0.0,0.05,1,device,device,device,1
0.95,0.9,0.7,0.2,0.15,0.1,0.1,0.1,0.05,0.05,0.05,0.0,0.0,0.0,0.0,0.05,1,device,device,device,1
0.95,0.85,0.7,0.1,0.05,0.05,0.05,0.05,0.05,0.05,0.05,0.0,0.0,0.0,0.0,0.1,1,device,device,device,1
0.95,0.85,0.1,0.05,0.0,0.0,0.0,0.0,0.0,0.0,0.0,0.0,0.0,0.0,0.0,0.1,1,document_management,codebase_community,document_management,0
0.95,0.85,0.8,0.75,0.0,0.0,0.0,0.0,0.0,0.0,0.0,0.0,0.0,0.0,0.0,0.1,1,document_management,codebase_community,document_management,0
0.95,0.0,0.0,0.0,0.0,0.0,0.0,0.0,0.0,0.0,0.0,0.0,0.0,0.0,0.0,0.95,0,document_management,document_management,document_management,1
0.95,0.1,0.1,0.1,0.05,0.05,0.05,0.05,0.05,0.0,0.0,0.0,0.0,0.0,0.0,0.85,0,document_management,document_management,document_management,1
0.85,0.7,0.65,0.6,0.5,0.3,0.2,0.15,0.1,0.1,0.0,0.0,0.0,0.0,0.0,0.15,1,document_management,document_management,document_management,1
0.95,0.7,0.3,0.1,0.05,0.05,0.05,0.05,0.0,0.0,0.0,0.0,0.0,0.0,0.0,0.25,0,document_management,document_management,document_management,1
0.95,0.9,0.9,0.7,0.1,0.1,0.05,0.05,0.05,0.0,0.0,0.0,0.0,0.0,0.0,0.05,1,document_management,cre_Doc_and_collections,document_management,0
0.9,0.88,0.85,0.85,0.82,0.8,0.75,0.35,0.3,0.2,0.1,0.0,0.0,0.0,0.0,0.02,1,document_management,cre_Doc_and_collections,cre_Doc_Tracking_DB,0
0.6,0.2,0.1,0.05,0.05,0.0,0.0,0.0,0.0,0.0,0.0,0.0,0.0,0.0,0.0,0.4,0,document_management,codebase_community,document_management,0
0.8,0.7,0.6,0.2,0.1,0.0,0.0,0.0,0.0,0.0,0.0,0.0,0.0,0.0,0.0,0.1,1,document_management,codebase_community,document_management,0
0.85,0.1,0.05,0.0,0.0,0.0,0.0,0.0,0.0,0.0,0.0,0.0,0.0,0.0,0.0,0.75,0,document_management,codebase_community,document_management,0
0.85,0.2,0.15,0.1,0.1,0.05,0.0,0.0,0.0,0.0,0.0,0.0,0.0,0.0,0.0,0.65,0,document_management,document_management,document_management,1
0.85,0.75,0.7,0.6,0.0,0.0,0.0,0.0,0.0,0.0,0.0,0.0,0.0,0.0,0.0,0.1,1,document_management,codebase_community,document_management,0
0.95,0.25,0.2,0.15,0.1,0.1,0.1,0.05,0.05,0.05,0.0,0.0,0.0,0.0,0.0,0.7,0,document_management,document_management,document_management,1
0.95,0.1,0.1,0.1,0.1,0.1,0.1,0.05,0.05,0.05,0.05,0.0,0.0,0.0,0.0,0.85,0,document_management,document_management,document_management,1
0.85,0.25,0.2,0.2,0.15,0.15,0.1,0.05,0.05,0.05,0.0,0.0,0.0,0.0,0.0,0.6,0,document_management,document_management,document_management,1
0.95,0.05,0.0,0.0,0.0,0.0,0.0,0.0,0.0,0.0,0.0,0.0,0.0,0.0,0.0,0.9,0,document_management,image_and_language,document_management,0
0.95,0.15,0.1,0.1,0.1,0.1,0.1,0.1,0.05,0.05,0.05,0.05,0.05,0.05,0.05,0.8,0,document_management,image_and_language,document_management,0
0.95,0.85,0.05,0.05,0.05,0.05,0.0,0.0,0.0,0.0,0.0,0.0,0.0,0.0,0.0,0.1,1,document_management,document_management,document_management,1
0.95,0.85,0.15,0.1,0.1,0.05,0.05,0.05,0.0,0.0,0.0,0.0,0.0,0.0,0.0,0.1,1,document_management,codebase_community,document_management,0
0.95,0.95,0.95,0.95,0.1,0.1,0.1,0.05,0.05,0.0,0.0,0.0,0.0,0.0,0.0,0.0,1,document_management,cre_Docs_and_Epenses,cre_Docs_and_Epenses,0
0.95,0.92,0.9,0.88,0.85,0.75,0.2,0.1,0.05,0.02,0.01,0.0,0.0,0.0,0.0,0.03,1,document_management,cre_Doc_Template_Mgt,tracking_grants_for_research,0
0.95,0.1,0.05,0.0,0.0,0.0,0.0,0.0,0.0,0.0,0.0,0.0,0.0,0.0,0.0,0.85,0,dorm_1,dorm_1,dorm_1,1
0.95,0.05,0.0,0.0,0.0,0.0,0.0,0.0,0.0,0.0,0.0,0.0,0.0,0.0,0.0,0.9,0,dorm_1,dorm_1,dorm_1,1
0.95,0.05,0.03,0.02,0.01,0.01,0.01,0.01,0.0,0.0,0.0,0.0,0.0,0.0,0.0,0.9,0,dorm_1,dorm_1,dorm_1,1
0.95,0.05,0.0,0.0,0.0,0.0,0.0,0.0,0.0,0.0,0.0,0.0,0.0,0.0,0.0,0.9,0,dorm_1,dorm_1,dorm_1,1
0.95,0.1,0.1,0.1,0.1,0.1,0.1,0.1,0.05,0.05,0.0,0.0,0.0,0.0,0.0,0.85,0,dorm_1,dorm_1,dorm_1,1
0.95,0.9,0.9,0.9,0.85,0.85,0.85,0.8,0.1,0.1,0.0,0.0,0.0,0.0,0.0,0.05,1,dorm_1,dorm_1,dorm_1,1
0.95,0.9,0.85,0.85,0.85,0.85,0.85,0.85,0.85,0.85,0.85,0.1,0.05,0.05,0.0,0.05,1,dorm_1,college_3,college_3,0
0.85,0.75,0.6,0.6,0.6,0.6,0.6,0.6,0.6,0.6,0.5,0.3,0.2,0.1,0.0,0.1,1,dorm_1,university_rank,college_3,0
0.95,0.9,0.1,0.05,0.05,0.05,0.05,0.05,0.05,0.05,0.01,0.01,0.01,0.0,0.0,0.05,1,dorm_1,address_1,address_1,0
0.95,0.1,0.1,0.1,0.1,0.1,0.1,0.1,0.05,0.05,0.05,0.05,0.05,0.05,0.0,0.85,0,dorm_1,address_1,address_1,0
0.95,0.95,0.9,0.85,0.85,0.8,0.7,0.1,0.05,0.05,0.0,0.0,0.0,0.0,0.0,0.0,1,dorm_1,address_1,address_1,0
0.95,0.9,0.85,0.8,0.75,0.75,0.7,0.6,0.2,0.1,0.1,0.0,0.0,0.0,0.0,0.05,1,dorm_1,address_1,address_1,0
0.95,0.1,0.1,0.1,0.1,0.1,0.1,0.1,0.1,0.05,0.05,0.05,0.01,0.01,0.0,0.85,0,dorm_1,address_1,address_1,0
0.95,0.95,0.9,0.85,0.8,0.75,0.75,0.75,0.75,0.75,0.75,0.75,0.0,0.0,0.0,0.0,1,dorm_1,student_1,college_3,0
0.95,0.85,0.1,0.05,0.05,0.05,0.05,0.05,0.05,0.05,0.05,0.05,0.05,0.0,0.0,0.1,1,dorm_1,address_1,address_1,0
0.95,0.85,0.85,0.85,0.85,0.85,0.85,0.85,0.85,0.1,0.0,0.0,0.0,0.0,0.0,0.1,1,dorm_1,dorm_1,dorm_1,1
0.85,0.85,0.75,0.75,0.75,0.75,0.75,0.75,0.75,0.7,0.6,0.3,0.01,0.0,0.0,0.0,1,dorm_1,student_1,college_3,0
0.95,0.75,0.75,0.75,0.75,0.7,0.7,0.1,0.05,0.05,0.0,0.0,0.0,0.0,0.0,0.2,1,dorm_1,dorm_1,dorm_1,1
0.95,0.1,0.05,0.05,0.05,0.05,0.05,0.05,0.0,0.0,0.0,0.0,0.0,0.0,0.0,0.85,0,dorm_1,dorm_1,dorm_1,1
0.95,0.01,0.01,0.01,0.01,0.01,0.01,0.01,0.01,0.01,0.01,0.01,0.01,0.01,0.01,0.94,0,dorm_1,dorm_1,dorm_1,1
0.95,0.05,0.01,0.01,0.01,0.01,0.01,0.01,0.01,0.01,0.01,0.01,0.01,0.0,0.0,0.9,0,dorm_1,dorm_1,dorm_1,1
0.95,0.05,0.02,0.02,0.01,0.01,0.01,0.01,0.01,0.01,0.01,0.0,0.0,0.0,0.0,0.9,0,dorm_1,dorm_1,dorm_1,1
0.95,0.05,0.05,0.05,0.05,0.05,0.05,0.05,0.05,0.05,0.05,0.05,0.05,0.05,0.0,0.9,0,dorm_1,dorm_1,dorm_1,1
0.95,0.05,0.05,0.05,0.05,0.05,0.05,0.05,0.05,0.05,0.05,0.05,0.05,0.05,0.0,0.9,0,dorm_1,dorm_1,dorm_1,1
0.95,0.25,0.2,0.2,0.15,0.15,0.1,0.1,0.1,0.1,0.1,0.05,0.05,0.0,0.0,0.7,0,dorm_1,dorm_1,dorm_1,1
0.95,0.0,0.0,0.0,0.0,0.0,0.0,0.0,0.0,0.0,0.0,0.0,0.0,0.0,0.0,0.95,0,dorm_1,dorm_1,dorm_1,1
0.85,0.75,0.75,0.75,0.75,0.75,0.75,0.75,0.75,0.65,0.55,0.55,0.1,0.0,0.0,0.1,1,dorm_1,dorm_1,dorm_1,1
0.95,0.0,0.0,0.0,0.0,0.0,0.0,0.0,0.0,0.0,0.0,0.0,0.0,0.0,0.0,0.95,0,dorm_1,dorm_1,dorm_1,1
0.95,0.05,0.05,0.05,0.05,0.05,0.05,0.05,0.05,0.0,0.0,0.0,0.0,0.0,0.0,0.9,0,dorm_1,dorm_1,dorm_1,1
0.95,0.05,0.05,0.05,0.05,0.05,0.05,0.05,0.0,0.0,0.0,0.0,0.0,0.0,0.0,0.9,0,dorm_1,dorm_1,dorm_1,1
0.95,0.1,0.1,0.05,0.05,0.05,0.05,0.05,0.05,0.01,0.01,0.0,0.0,0.0,0.0,0.85,0,dorm_1,dorm_1,dorm_1,1
0.95,0.0,0.0,0.0,0.0,0.0,0.0,0.0,0.0,0.0,0.0,0.0,0.0,0.0,0.0,0.95,0,dorm_1,dorm_1,dorm_1,1
0.95,0.85,0.75,0.75,0.7,0.7,0.6,0.1,0.05,0.05,0.05,0.0,0.0,0.0,0.0,0.1,1,dorm_1,dorm_1,dorm_1,1
0.95,0.0,0.0,0.0,0.0,0.0,0.0,0.0,0.0,0.0,0.0,0.0,0.0,0.0,0.0,0.95,0,dorm_1,dorm_1,dorm_1,1
0.95,0.0,0.0,0.0,0.0,0.0,0.0,0.0,0.0,0.0,0.0,0.0,0.0,0.0,0.0,0.95,0,dorm_1,dorm_1,dorm_1,1
0.95,0.0,0.0,0.0,0.0,0.0,0.0,0.0,0.0,0.0,0.0,0.0,0.0,0.0,0.0,0.95,0,dorm_1,dorm_1,dorm_1,1
0.95,0.05,0.0,0.0,0.0,0.0,0.0,0.0,0.0,0.0,0.0,0.0,0.0,0.0,0.0,0.9,0,dorm_1,dorm_1,dorm_1,1
0.95,0.05,0.01,0.01,0.01,0.01,0.01,0.01,0.01,0.01,0.01,0.01,0.0,0.0,0.0,0.9,0,dorm_1,dorm_1,dorm_1,1
0.95,0.0,0.0,0.0,0.0,0.0,0.0,0.0,0.0,0.0,0.0,0.0,0.0,0.0,0.0,0.95,0,dorm_1,dorm_1,dorm_1,1
0.95,0.0,0.0,0.0,0.0,0.0,0.0,0.0,0.0,0.0,0.0,0.0,0.0,0.0,0.0,0.95,0,dorm_1,dorm_1,dorm_1,1
0.95,0.0,0.0,0.0,0.0,0.0,0.0,0.0,0.0,0.0,0.0,0.0,0.0,0.0,0.0,0.95,0,dorm_1,dorm_1,dorm_1,1
0.95,0.0,0.0,0.0,0.0,0.0,0.0,0.0,0.0,0.0,0.0,0.0,0.0,0.0,0.0,0.95,0,dorm_1,dorm_1,dorm_1,1
0.95,0.0,0.0,0.0,0.0,0.0,0.0,0.0,0.0,0.0,0.0,0.0,0.0,0.0,0.0,0.95,0,dorm_1,dorm_1,dorm_1,1
0.95,0.05,0.01,0.01,0.01,0.01,0.01,0.01,0.01,0.01,0.01,0.0,0.0,0.0,0.0,0.9,0,dorm_1,dorm_1,dorm_1,1
0.95,0.0,0.0,0.0,0.0,0.0,0.0,0.0,0.0,0.0,0.0,0.0,0.0,0.0,0.0,0.95,0,dorm_1,dorm_1,dorm_1,1
0.95,0.0,0.0,0.0,0.0,0.0,0.0,0.0,0.0,0.0,0.0,0.0,0.0,0.0,0.0,0.95,0,dorm_1,dorm_1,dorm_1,1
0.95,0.05,0.05,0.05,0.05,0.05,0.05,0.05,0.0,0.0,0.0,0.0,0.0,0.0,0.0,0.9,0,dorm_1,dorm_1,dorm_1,1
0.95,0.0,0.0,0.0,0.0,0.0,0.0,0.0,0.0,0.0,0.0,0.0,0.0,0.0,0.0,0.95,0,dorm_1,dorm_1,dorm_1,1
0.95,0.0,0.0,0.0,0.0,0.0,0.0,0.0,0.0,0.0,0.0,0.0,0.0,0.0,0.0,0.95,0,dorm_1,dorm_1,dorm_1,1
0.95,0.0,0.0,0.0,0.0,0.0,0.0,0.0,0.0,0.0,0.0,0.0,0.0,0.0,0.0,0.95,0,dorm_1,dorm_1,dorm_1,1
0.95,0.9,0.85,0.85,0.8,0.75,0.7,0.7,0.65,0.6,0.5,0.4,0.3,0.0,0.0,0.05,1,driving_school,customers_card_transactions,customers_and_addresses,0
0.95,0.9,0.85,0.75,0.7,0.65,0.6,0.5,0.45,0.3,0.2,0.1,0.0,0.0,0.0,0.05,1,driving_school,customers_card_transactions,customers_and_addresses,0
0.95,0.95,0.95,0.95,0.95,0.95,0.95,0.9,0.9,0.9,0.8,0.7,0.6,0.0,0.0,0.0,1,driving_school,customers_and_addresses,customers_and_addresses,0
0.85,0.85,0.8,0.75,0.7,0.65,0.6,0.5,0.4,0.2,0.1,0.1,0.0,0.0,0.0,0.0,1,driving_school,customers_and_addresses,customers_and_products_contacts,0
0.95,0.85,0.8,0.8,0.75,0.7,0.6,0.3,0.2,0.1,0.1,0.0,0.0,0.0,0.0,0.1,1,driving_school,customers_and_addresses,driving_school,0
0.95,0.9,0.9,0.9,0.9,0.9,0.9,0.9,0.9,0.9,0.05,0.05,0.05,0.0,0.0,0.05,1,driving_school,customers_card_transactions,customers_card_transactions,0
0.7,0.7,0.7,0.3,0.2,0.1,0.1,0.1,0.05,0.0,0.0,0.0,0.0,0.0,0.0,0.0,1,driving_school,customers_and_addresses,customers_and_products_contacts,0
0.85,0.15,0.15,0.15,0.1,0.05,0.05,0.05,0.05,0.05,0.05,0.0,0.0,0.0,0.0,0.7,0,driving_school,customers_and_addresses,driving_school,0
0.9,0.85,0.8,0.8,0.75,0.7,0.65,0.6,0.15,0.1,0.05,0.0,0.0,0.0,0.0,0.05,1,driving_school,driving_school,driving_school,1
0.95,0.85,0.8,0.75,0.1,0.1,0.1,0.05,0.05,0.05,0.0,0.0,0.0,0.0,0.0,0.1,1,driving_school,driving_school,driving_school,1
0.85,0.8,0.75,0.7,0.65,0.55,0.4,0.3,0.2,0.1,0.0,0.0,0.0,0.0,0.0,0.05,1,driving_school,loan_1,loan_1,0
0.8,0.7,0.7,0.6,0.5,0.4,0.2,0.2,0.1,0.1,0.0,0.0,0.0,0.0,0.0,0.1,1,driving_school,financial,driving_school,0
0.95,0.94,0.93,0.92,0.91,0.9,0.9,0.85,0.8,0.75,0.2,0.15,0.1,0.0,0.0,0.01,1,driving_school,customers_and_products_contacts,customers_and_products_contacts,0
0.9,0.85,0.75,0.7,0.65,0.6,0.6,0.55,0.5,0.3,0.3,0.1,0.1,0.0,0.0,0.05,1,driving_school,customers_card_transactions,driving_school,0
0.95,0.9,0.75,0.7,0.65,0.6,0.55,0.5,0.3,0.2,0.2,0.1,0.1,0.0,0.0,0.05,1,driving_school,customers_card_transactions,driving_school,0
0.95,0.85,0.8,0.8,0.75,0.7,0.7,0.65,0.6,0.3,0.2,0.1,0.0,0.0,0.0,0.1,1,driving_school,sakila_1,sakila_1,0
0.98,0.97,0.97,0.96,0.95,0.9,0.85,0.8,0.7,0.1,0.1,0.0,0.0,0.0,0.0,0.01,1,driving_school,customers_and_products_contacts,customers_and_products_contacts,0
0.95,0.9,0.9,0.85,0.7,0.6,0.3,0.1,0.1,0.0,0.0,0.0,0.0,0.0,0.0,0.05,1,driving_school,customers_and_products_contacts,customers_and_products_contacts,0
0.95,0.85,0.8,0.75,0.7,0.1,0.05,0.05,0.05,0.05,0.01,0.01,0.0,0.0,0.0,0.1,1,driving_school,customers_and_products_contacts,customers_and_products_contacts,0
0.85,0.85,0.8,0.75,0.7,0.7,0.7,0.7,0.6,0.2,0.0,0.0,0.0,0.0,0.0,0.0,1,driving_school,shipping,world_1,0
0.9,0.9,0.85,0.8,0.7,0.7,0.65,0.6,0.5,0.4,0.3,0.1,0.0,0.0,0.0,0.0,1,driving_school,shipping,chinook_1,0
0.95,0.9,0.85,0.8,0.75,0.7,0.7,0.6,0.05,0.05,0.01,0.01,0.0,0.0,0.0,0.05,1,driving_school,customers_and_products_contacts,customers_and_products_contacts,0
0.9,0.85,0.8,0.75,0.7,0.7,0.7,0.65,0.6,0.5,0.5,0.4,0.1,0.1,0.1,0.05,1,driving_school,customers_card_transactions,customers_card_transactions,0
0.95,0.9,0.85,0.8,0.8,0.75,0.6,0.5,0.5,0.4,0.3,0.3,0.0,0.0,0.0,0.05,1,driving_school,customers_card_transactions,customers_card_transactions,0
0.85,0.75,0.65,0.3,0.25,0.2,0.15,0.1,0.1,0.1,0.1,0.05,0.0,0.0,0.0,0.1,1,driving_school,customers_and_addresses,driving_school,0
0.85,0.8,0.75,0.75,0.75,0.7,0.7,0.7,0.6,0.6,0.6,0.5,0.3,0.0,0.0,0.05,1,driving_school,customers_and_addresses,driving_school,0
0.9,0.85,0.8,0.75,0.65,0.55,0.5,0.4,0.35,0.3,0.2,0.1,0.05,0.0,0.0,0.05,1,driving_school,customers_card_transactions,sakila_1,0
0.85,0.8,0.75,0.6,0.5,0.25,0.2,0.15,0.1,0.1,0.05,0.05,0.05,0.0,0.0,0.05,1,driving_school,customers_card_transactions,customers_card_transactions,0
0.7,0.6,0.5,0.4,0.3,0.3,0.2,0.2,0.2,0.2,0.1,0.0,0.0,0.0,0.0,0.1,1,driving_school,financial,products_for_hire,0
0.95,0.05,0.0,0.0,0.0,0.0,0.0,0.0,0.0,0.0,0.0,0.0,0.0,0.0,0.0,0.9,0,driving_school,driving_school,driving_school,1
0.9,0.85,0.8,0.75,0.75,0.7,0.7,0.65,0.6,0.3,0.1,0.0,0.0,0.0,0.0,0.05,1,driving_school,financial,e_commerce,0
0.95,0.05,0.05,0.05,0.0,0.0,0.0,0.0,0.0,0.0,0.0,0.0,0.0,0.0,0.0,0.9,0,driving_school,driving_school,driving_school,1
0.85,0.2,0.1,0.0,0.0,0.0,0.0,0.0,0.0,0.0,0.0,0.0,0.0,0.0,0.0,0.65,0,driving_school,driving_school,driving_school,1
0.85,0.75,0.2,0.15,0.1,0.1,0.05,0.0,0.0,0.0,0.0,0.0,0.0,0.0,0.0,0.1,1,driving_school,student_1,driving_school,0
0.95,0.9,0.85,0.8,0.75,0.65,0.2,0.1,0.05,0.05,0.0,0.0,0.0,0.0,0.0,0.05,1,driving_school,driving_school,driving_school,1
0.9,0.4,0.3,0.25,0.2,0.15,0.1,0.05,0.05,0.0,0.0,0.0,0.0,0.0,0.0,0.5,0,driving_school,driving_school,driving_school,1
0.9,0.3,0.3,0.3,0.2,0.2,0.1,0.1,0.1,0.0,0.0,0.0,0.0,0.0,0.0,0.6,0,driving_school,driving_school,driving_school,1
0.9,0.25,0.2,0.15,0.15,0.1,0.1,0.05,0.05,0.0,0.0,0.0,0.0,0.0,0.0,0.65,0,driving_school,driving_school,driving_school,1
0.95,0.9,0.05,0.01,0.01,0.01,0.01,0.0,0.0,0.0,0.0,0.0,0.0,0.0,0.0,0.05,1,driving_school,student_1,driving_school,0
0.95,0.05,0.01,0.01,0.01,0.01,0.01,0.01,0.01,0.01,0.01,0.01,0.01,0.01,0.01,0.9,0,driving_school,student_1,driving_school,0
0.9,0.15,0.15,0.1,0.1,0.1,0.1,0.1,0.05,0.05,0.05,0.05,0.0,0.0,0.0,0.75,0,driving_school,driving_school,driving_school,1
0.95,0.15,0.1,0.1,0.1,0.1,0.05,0.05,0.05,0.05,0.05,0.0,0.0,0.0,0.0,0.8,0,driving_school,driving_school,driving_school,1
0.95,0.95,0.95,0.95,0.9,0.85,0.8,0.7,0.1,0.1,0.0,0.0,0.0,0.0,0.0,0.0,1,driving_school,store_1,store_1,0
0.85,0.75,0.75,0.15,0.1,0.1,0.05,0.05,0.05,0.05,0.05,0.0,0.0,0.0,0.0,0.1,1,driving_school,student_1,driving_school,0
0.85,0.8,0.75,0.7,0.7,0.05,0.05,0.05,0.05,0.05,0.0,0.0,0.0,0.0,0.0,0.05,1,e_government,e_government,e_government,1
0.95,0.95,0.95,0.95,0.95,0.85,0.85,0.85,0.0,0.0,0.0,0.0,0.0,0.0,0.0,0.0,1,driving_school,sakila_1,sakila_1,0
0.85,0.8,0.75,0.75,0.75,0.7,0.65,0.6,0.55,0.5,0.0,0.0,0.0,0.0,0.0,0.05,1,driving_school,student_1,college_1,0
0.95,0.15,0.1,0.0,0.0,0.0,0.0,0.0,0.0,0.0,0.0,0.0,0.0,0.0,0.0,0.8,0,driving_school,driving_school,driving_school,1
0.95,0.85,0.8,0.75,0.7,0.1,0.1,0.1,0.1,0.05,0.05,0.05,0.0,0.0,0.0,0.1,1,e_government,e_government,e_government,1
0.95,0.85,0.75,0.7,0.6,0.3,0.25,0.2,0.1,0.0,0.0,0.0,0.0,0.0,0.0,0.1,1,e_government,geo,geo,0
0.95,0.2,0.1,0.05,0.05,0.0,0.0,0.0,0.0,0.0,0.0,0.0,0.0,0.0,0.0,0.75,0,e_government,geo,geo,0
0.95,0.2,0.15,0.1,0.05,0.05,0.05,0.0,0.0,0.0,0.0,0.0,0.0,0.0,0.0,0.75,0,e_government,geo,geo,0
0.95,0.9,0.85,0.8,0.75,0.6,0.2,0.1,0.05,0.0,0.0,0.0,0.0,0.0,0.0,0.05,1,e_government,geo,geo,0
0.8,0.7,0.7,0.7,0.6,0.5,0.4,0.0,0.0,0.0,0.0,0.0,0.0,0.0,0.0,0.1,1,e_government,codebase_comments,e_government,0
0.95,0.85,0.8,0.7,0.4,0.3,0.2,0.2,0.1,0.1,0.1,0.1,0.0,0.0,0.0,0.1,1,e_government,e_government,party_people,1
0.95,0.85,0.8,0.75,0.65,0.6,0.2,0.15,0.1,0.1,0.1,0.1,0.0,0.0,0.0,0.1,1,e_government,e_government,party_people,1
0.85,0.75,0.75,0.7,0.7,0.65,0.1,0.1,0.05,0.0,0.0,0.0,0.0,0.0,0.0,0.1,1,e_government,financial,e_government,0
0.98,0.95,0.85,0.8,0.8,0.75,0.7,0.6,0.6,0.0,0.0,0.0,0.0,0.0,0.0,0.03,1,e_government,codebase_comments,e_government,0
0.95,0.85,0.8,0.75,0.1,0.1,0.05,0.0,0.0,0.0,0.0,0.0,0.0,0.0,0.0,0.1,1,e_government,e_government,e_government,1
0.9,0.85,0.75,0.7,0.7,0.7,0.65,0.6,0.0,0.0,0.0,0.0,0.0,0.0,0.0,0.05,1,e_government,codebase_comments,e_government,0
0.95,0.05,0.03,0.03,0.02,0.01,0.01,0.01,0.01,0.01,0.0,0.0,0.0,0.0,0.0,0.9,0,e_government,e_government,e_government,1
0.85,0.8,0.75,0.7,0.05,0.02,0.01,0.01,0.0,0.0,0.0,0.0,0.0,0.0,0.0,0.05,1,e_government,geo,customers_and_products_contacts,0
0.95,0.92,0.9,0.01,0.01,0.01,0.01,0.01,0.01,0.0,0.0,0.0,0.0,0.0,0.0,0.03,1,e_government,geo,customers_and_products_contacts,0
0.95,0.85,0.75,0.6,0.2,0.2,0.2,0.1,0.1,0.0,0.0,0.0,0.0,0.0,0.0,0.1,1,e_government,e_government,e_government,1
0.95,0.9,0.2,0.2,0.2,0.2,0.1,0.1,0.1,0.1,0.1,0.0,0.0,0.0,0.0,0.05,1,e_government,e_government,e_government,1
0.95,0.85,0.1,0.1,0.1,0.1,0.05,0.05,0.05,0.05,0.05,0.0,0.0,0.0,0.0,0.1,1,e_government,e_government,e_government,1
0.9,0.85,0.75,0.25,0.2,0.2,0.15,0.1,0.1,0.1,0.05,0.05,0.0,0.0,0.0,0.05,1,e_government,e_government,e_government,1
0.85,0.6,0.5,0.3,0.2,0.2,0.1,0.1,0.1,0.1,0.1,0.0,0.0,0.0,0.0,0.25,0,e_learning,course_teach,e_learning,0
0.85,0.05,0.05,0.03,0.02,0.01,0.01,0.01,0.01,0.01,0.01,0.0,0.0,0.0,0.0,0.8,0,e_learning,course_teach,e_learning,0
0.85,0.75,0.4,0.3,0.2,0.1,0.1,0.0,0.0,0.0,0.0,0.0,0.0,0.0,0.0,0.1,1,e_learning,computer_student,e_learning,0
0.95,0.85,0.75,0.2,0.15,0.15,0.1,0.05,0.0,0.0,0.0,0.0,0.0,0.0,0.0,0.1,1,e_learning,cs_semester,e_learning,0
0.95,0.85,0.75,0.3,0.25,0.2,0.2,0.1,0.05,0.05,0.05,0.05,0.0,0.0,0.0,0.1,1,e_learning,course_teach,e_learning,0
0.95,0.7,0.6,0.4,0.3,0.2,0.15,0.1,0.1,0.05,0.05,0.05,0.05,0.0,0.0,0.25,0,e_learning,e_learning,e_learning,1
0.95,0.8,0.75,0.7,0.65,0.6,0.3,0.1,0.1,0.05,0.05,0.05,0.0,0.0,0.0,0.15,1,e_learning,e_learning,e_learning,1
0.95,0.5,0.4,0.3,0.25,0.2,0.15,0.1,0.1,0.05,0.05,0.05,0.05,0.0,0.0,0.45,0,e_learning,e_learning,e_learning,1
0.95,0.85,0.8,0.75,0.7,0.6,0.15,0.1,0.05,0.01,0.01,0.01,0.01,0.0,0.0,0.1,1,e_learning,e_learning,e_learning,1
0.95,0.85,0.7,0.6,0.3,0.2,0.2,0.1,0.1,0.05,0.05,0.0,0.0,0.0,0.0,0.1,1,e_learning,course_teach,e_learning,0
0.95,0.85,0.8,0.75,0.7,0.6,0.5,0.1,0.05,0.05,0.0,0.0,0.0,0.0,0.0,0.1,1,e_learning,college_1,e_learning,0
0.9,0.85,0.75,0.7,0.7,0.65,0.6,0.1,0.1,0.05,0.05,0.05,0.0,0.0,0.0,0.05,1,e_learning,cs_semester,student_transcripts_tracking,0
0.9,0.85,0.8,0.8,0.8,0.75,0.6,0.5,0.3,0.2,0.1,0.05,0.0,0.0,0.0,0.05,1,e_learning,cs_semester,e_learning,0
0.9,0.85,0.85,0.85,0.85,0.8,0.1,0.1,0.05,0.05,0.05,0.05,0.0,0.0,0.0,0.05,1,e_learning,student_transcripts_tracking,student_transcripts_tracking,0
0.85,0.8,0.75,0.7,0.7,0.65,0.6,0.6,0.1,0.1,0.1,0.1,0.0,0.0,0.0,0.05,1,e_learning,student_transcripts_tracking,student_transcripts_tracking,0
0.9,0.85,0.8,0.75,0.7,0.65,0.5,0.3,0.2,0.1,0.1,0.1,0.0,0.0,0.0,0.05,1,e_learning,cs_semester,e_learning,0
0.95,0.9,0.85,0.8,0.8,0.75,0.6,0.1,0.1,0.05,0.05,0.05,0.0,0.0,0.0,0.05,1,e_learning,student_transcripts_tracking,student_transcripts_tracking,0
0.95,0.9,0.85,0.85,0.8,0.75,0.7,0.1,0.1,0.1,0.1,0.1,0.0,0.0,0.0,0.05,1,e_learning,student_transcripts_tracking,student_transcripts_tracking,0
0.95,0.85,0.8,0.75,0.7,0.7,0.65,0.2,0.15,0.1,0.1,0.05,0.0,0.0,0.0,0.1,1,e_learning,e_learning,e_learning,1
0.85,0.75,0.65,0.3,0.1,0.1,0.05,0.05,0.05,0.05,0.05,0.0,0.0,0.0,0.0,0.1,1,e_learning,e_learning,e_learning,1
0.85,0.75,0.2,0.15,0.1,0.05,0.05,0.0,0.0,0.0,0.0,0.0,0.0,0.0,0.0,0.1,1,e_learning,e_learning,e_learning,1
0.9,0.85,0.2,0.15,0.1,0.05,0.05,0.02,0.01,0.01,0.01,0.0,0.0,0.0,0.0,0.05,1,e_learning,e_learning,e_learning,1
0.9,0.7,0.1,0.1,0.1,0.05,0.05,0.05,0.05,0.0,0.0,0.0,0.0,0.0,0.0,0.2,0,e_learning,e_learning,e_learning,1
0.9,0.85,0.8,0.75,0.65,0.25,0.2,0.2,0.15,0.15,0.1,0.05,0.05,0.0,0.0,0.05,1,e_learning,student_transcripts_tracking,e_learning,0
0.95,0.7,0.6,0.4,0.3,0.2,0.2,0.1,0.1,0.1,0.1,0.05,0.0,0.0,0.0,0.25,0,e_learning,student_assessment,e_learning,0
0.9,0.85,0.75,0.65,0.55,0.4,0.35,0.3,0.2,0.15,0.1,0.1,0.0,0.0,0.0,0.05,1,e_learning,student_assessment,e_learning,0
0.95,0.85,0.75,0.6,0.5,0.3,0.25,0.2,0.1,0.1,0.1,0.05,0.0,0.0,0.0,0.1,1,e_learning,student_assessment,e_learning,0
0.9,0.85,0.8,0.8,0.75,0.6,0.5,0.4,0.4,0.4,0.2,0.1,0.0,0.0,0.0,0.05,1,e_learning,e_learning,e_learning,1
0.9,0.85,0.8,0.75,0.7,0.6,0.25,0.2,0.15,0.1,0.1,0.05,0.0,0.0,0.0,0.05,1,e_learning,e_learning,e_learning,1
0.95,0.92,0.9,0.85,0.75,0.65,0.55,0.5,0.45,0.35,0.3,0.1,0.0,0.0,0.0,0.03,1,e_learning,student_transcripts_tracking,student_transcripts_tracking,0
0.95,0.2,0.2,0.1,0.1,0.1,0.1,0.1,0.1,0.1,0.05,0.05,0.0,0.0,0.0,0.75,0,e_learning,student_transcripts_tracking,student_transcripts_tracking,0
0.95,0.9,0.85,0.8,0.8,0.7,0.6,0.5,0.3,0.2,0.1,0.1,0.0,0.0,0.0,0.05,1,e_learning,student_transcripts_tracking,student_transcripts_tracking,0
0.95,0.92,0.9,0.85,0.2,0.15,0.1,0.1,0.05,0.05,0.0,0.0,0.0,0.0,0.0,0.03,1,match_season,school_player,school_player,0
0.95,0.85,0.8,0.75,0.7,0.2,0.1,0.1,0.05,0.05,0.0,0.0,0.0,0.0,0.0,0.1,1,match_season,school_player,school_player,0
0.9,0.2,0.2,0.15,0.1,0.05,0.05,0.05,0.05,0.05,0.0,0.0,0.0,0.0,0.0,0.7,0,match_season,soccer_3,soccer_3,0
0.95,0.85,0.75,0.7,0.65,0.15,0.1,0.1,0.1,0.05,0.0,0.0,0.0,0.0,0.0,0.1,1,match_season,school_player,match_season,0
0.85,0.8,0.7,0.6,0.1,0.1,0.1,0.05,0.05,0.05,0.05,0.05,0.05,0.0,0.0,0.05,1,match_season,soccer_2,baseball_1,0
0.8,0.7,0.6,0.5,0.4,0.3,0.3,0.2,0.2,0.1,0.1,0.05,0.0,0.0,0.0,0.1,1,match_season,soccer_2,soccer_1,0
0.95,0.9,0.9,0.85,0.75,0.75,0.7,0.7,0.6,0.1,0.1,0.1,0.0,0.0,0.0,0.05,1,match_season,match_season,soccer_3,1
1.0,0.95,0.9,0.9,0.85,0.8,0.75,0.6,0.2,0.1,0.1,0.0,0.0,0.0,0.0,0.05,1,match_season,baseball_1,school_player,0
0.95,0.9,0.85,0.8,0.75,0.6,0.4,0.3,0.2,0.1,0.05,0.05,0.0,0.0,0.0,0.05,1,match_season,school_player,school_player,0
0.9,0.85,0.8,0.75,0.7,0.3,0.3,0.3,0.3,0.3,0.2,0.1,0.0,0.0,0.0,0.05,1,e_learning,student_transcripts_tracking,student_transcripts_tracking,0
0.95,0.93,0.92,0.91,0.9,0.88,0.85,0.8,0.7,0.6,0.3,0.2,0.0,0.0,0.0,0.02,1,match_season,match_season,match_season,1
0.95,0.9,0.85,0.75,0.65,0.2,0.1,0.1,0.05,0.05,0.05,0.0,0.0,0.0,0.0,0.05,1,match_season,soccer_2,match_season,0
0.95,0.85,0.8,0.75,0.2,0.15,0.1,0.05,0.05,0.05,0.0,0.0,0.0,0.0,0.0,0.1,1,match_season,match_season,match_season,1
0.95,0.85,0.8,0.2,0.15,0.1,0.05,0.05,0.05,0.0,0.0,0.0,0.0,0.0,0.0,0.1,1,match_season,match_season,match_season,1
0.95,0.1,0.1,0.05,0.05,0.05,0.05,0.05,0.0,0.0,0.0,0.0,0.0,0.0,0.0,0.85,0,match_season,match_season,match_season,1
0.85,0.75,0.7,0.7,0.65,0.6,0.3,0.2,0.1,0.1,0.05,0.05,0.0,0.0,0.0,0.1,1,match_season,match_season,soccer_2,1
0.9,0.85,0.8,0.75,0.7,0.7,0.65,0.6,0.5,0.4,0.3,0.2,0.1,0.0,0.0,0.05,1,match_season,soccer_2,soccer_2,0
0.95,0.9,0.9,0.85,0.8,0.8,0.75,0.3,0.25,0.2,0.15,0.1,0.1,0.05,0.0,0.05,1,match_season,soccer_2,soccer_2,0
0.95,0.85,0.75,0.7,0.65,0.4,0.3,0.2,0.2,0.15,0.1,0.1,0.05,0.05,0.0,0.1,1,match_season,soccer_2,soccer_2,0
0.95,0.85,0.75,0.1,0.08,0.07,0.05,0.03,0.02,0.02,0.01,0.01,0.01,0.0,0.0,0.1,1,match_season,soccer_2,soccer_2,0
0.85,0.8,0.75,0.7,0.65,0.6,0.55,0.5,0.4,0.35,0.3,0.3,0.2,0.0,0.0,0.05,1,match_season,soccer_2,soccer_2,0
0.85,0.75,0.75,0.75,0.05,0.05,0.05,0.05,0.05,0.05,0.0,0.0,0.0,0.0,0.0,0.1,1,match_season,match_season,match_season,1
0.95,0.9,0.85,0.75,0.7,0.1,0.1,0.05,0.05,0.05,0.0,0.0,0.0,0.0,0.0,0.05,1,match_season,soccer_1,match_season,0
0.95,0.95,0.9,0.7,0.6,0.2,0.1,0.1,0.1,0.1,0.0,0.0,0.0,0.0,0.0,0.0,1,match_season,match_season,match_season,1
0.85,0.2,0.15,0.1,0.1,0.05,0.05,0.05,0.05,0.0,0.0,0.0,0.0,0.0,0.0,0.65,0,match_season,match_season,match_season,1
0.9,0.8,0.7,0.1,0.1,0.05,0.05,0.05,0.05,0.05,0.05,0.05,0.0,0.0,0.0,0.1,1,match_season,soccer_2,soccer_2,0
0.99,0.0,0.0,0.0,0.0,0.0,0.0,0.0,0.0,0.0,0.0,0.0,0.0,0.0,0.0,0.99,0,medicine_enzyme_interaction,medicine_enzyme_interaction,medicine_enzyme_interaction,1
1.0,0.0,0.0,0.0,0.0,0.0,0.0,0.0,0.0,0.0,0.0,0.0,0.0,0.0,0.0,1.0,0,medicine_enzyme_interaction,medicine_enzyme_interaction,medicine_enzyme_interaction,1
1.0,0.0,0.0,0.0,0.0,0.0,0.0,0.0,0.0,0.0,0.0,0.0,0.0,0.0,0.0,1.0,0,medicine_enzyme_interaction,medicine_enzyme_interaction,medicine_enzyme_interaction,1
0.95,0.05,0.0,0.0,0.0,0.0,0.0,0.0,0.0,0.0,0.0,0.0,0.0,0.0,0.0,0.9,0,medicine_enzyme_interaction,medicine_enzyme_interaction,medicine_enzyme_interaction,1
0.95,0.05,0.0,0.0,0.0,0.0,0.0,0.0,0.0,0.0,0.0,0.0,0.0,0.0,0.0,0.9,0,medicine_enzyme_interaction,medicine_enzyme_interaction,medicine_enzyme_interaction,1
0.95,0.0,0.0,0.0,0.0,0.0,0.0,0.0,0.0,0.0,0.0,0.0,0.0,0.0,0.0,0.95,0,medicine_enzyme_interaction,medicine_enzyme_interaction,medicine_enzyme_interaction,1
0.95,0.05,0.0,0.0,0.0,0.0,0.0,0.0,0.0,0.0,0.0,0.0,0.0,0.0,0.0,0.9,0,medicine_enzyme_interaction,medicine_enzyme_interaction,medicine_enzyme_interaction,1
0.95,0.05,0.0,0.0,0.0,0.0,0.0,0.0,0.0,0.0,0.0,0.0,0.0,0.0,0.0,0.9,0,medicine_enzyme_interaction,medicine_enzyme_interaction,medicine_enzyme_interaction,1
0.95,0.01,0.01,0.01,0.01,0.01,0.01,0.01,0.0,0.0,0.0,0.0,0.0,0.0,0.0,0.94,0,medicine_enzyme_interaction,medicine_enzyme_interaction,medicine_enzyme_interaction,1
0.95,0.0,0.0,0.0,0.0,0.0,0.0,0.0,0.0,0.0,0.0,0.0,0.0,0.0,0.0,0.95,0,medicine_enzyme_interaction,medicine_enzyme_interaction,medicine_enzyme_interaction,1
0.95,0.0,0.0,0.0,0.0,0.0,0.0,0.0,0.0,0.0,0.0,0.0,0.0,0.0,0.0,0.95,0,medicine_enzyme_interaction,medicine_enzyme_interaction,medicine_enzyme_interaction,1
0.95,0.01,0.01,0.01,0.01,0.01,0.01,0.01,0.01,0.0,0.0,0.0,0.0,0.0,0.0,0.94,0,medicine_enzyme_interaction,medicine_enzyme_interaction,medicine_enzyme_interaction,1
0.95,0.95,0.9,0.9,0.85,0.7,0.3,0.2,0.2,0.2,0.1,0.1,0.0,0.0,0.0,0.0,1,match_season,soccer_2,match_season,0
0.95,0.0,0.0,0.0,0.0,0.0,0.0,0.0,0.0,0.0,0.0,0.0,0.0,0.0,0.0,0.95,0,medicine_enzyme_interaction,medicine_enzyme_interaction,medicine_enzyme_interaction,1
1.0,0.0,0.0,0.0,0.0,0.0,0.0,0.0,0.0,0.0,0.0,0.0,0.0,0.0,0.0,1.0,0,medicine_enzyme_interaction,medicine_enzyme_interaction,medicine_enzyme_interaction,1
0.95,0.0,0.0,0.0,0.0,0.0,0.0,0.0,0.0,0.0,0.0,0.0,0.0,0.0,0.0,0.95,0,medicine_enzyme_interaction,medicine_enzyme_interaction,medicine_enzyme_interaction,1
0.95,0.0,0.0,0.0,0.0,0.0,0.0,0.0,0.0,0.0,0.0,0.0,0.0,0.0,0.0,0.95,0,medicine_enzyme_interaction,medicine_enzyme_interaction,medicine_enzyme_interaction,1
0.95,0.02,0.01,0.01,0.01,0.01,0.01,0.01,0.01,0.01,0.0,0.0,0.0,0.0,0.0,0.93,0,medicine_enzyme_interaction,medicine_enzyme_interaction,medicine_enzyme_interaction,1
0.95,0.0,0.0,0.0,0.0,0.0,0.0,0.0,0.0,0.0,0.0,0.0,0.0,0.0,0.0,0.95,0,medicine_enzyme_interaction,medicine_enzyme_interaction,medicine_enzyme_interaction,1
0.95,0.0,0.0,0.0,0.0,0.0,0.0,0.0,0.0,0.0,0.0,0.0,0.0,0.0,0.0,0.95,0,medicine_enzyme_interaction,medicine_enzyme_interaction,medicine_enzyme_interaction,1
0.95,0.05,0.0,0.0,0.0,0.0,0.0,0.0,0.0,0.0,0.0,0.0,0.0,0.0,0.0,0.9,0,medicine_enzyme_interaction,medicine_enzyme_interaction,medicine_enzyme_interaction,1
0.9,0.05,0.05,0.05,0.05,0.05,0.05,0.05,0.0,0.0,0.0,0.0,0.0,0.0,0.0,0.85,0,medicine_enzyme_interaction,medicine_enzyme_interaction,medicine_enzyme_interaction,1
0.95,0.0,0.0,0.0,0.0,0.0,0.0,0.0,0.0,0.0,0.0,0.0,0.0,0.0,0.0,0.95,0,medicine_enzyme_interaction,medicine_enzyme_interaction,medicine_enzyme_interaction,1
0.95,0.0,0.0,0.0,0.0,0.0,0.0,0.0,0.0,0.0,0.0,0.0,0.0,0.0,0.0,0.95,0,mountain_photos,mountain_photos,mountain_photos,1
0.95,0.1,0.0,0.0,0.0,0.0,0.0,0.0,0.0,0.0,0.0,0.0,0.0,0.0,0.0,0.85,0,mountain_photos,mountain_photos,mountain_photos,1
0.95,0.1,0.05,0.0,0.0,0.0,0.0,0.0,0.0,0.0,0.0,0.0,0.0,0.0,0.0,0.85,0,mountain_photos,mountain_photos,mountain_photos,1
0.95,0.05,0.0,0.0,0.0,0.0,0.0,0.0,0.0,0.0,0.0,0.0,0.0,0.0,0.0,0.9,0,mountain_photos,mountain_photos,mountain_photos,1
0.95,0.05,0.01,0.0,0.0,0.0,0.0,0.0,0.0,0.0,0.0,0.0,0.0,0.0,0.0,0.9,0,mountain_photos,mountain_photos,mountain_photos,1
0.95,0.2,0.1,0.05,0.05,0.05,0.05,0.05,0.05,0.0,0.0,0.0,0.0,0.0,0.0,0.75,0,mountain_photos,mountain_photos,mountain_photos,1
0.95,0.8,0.1,0.05,0.05,0.05,0.05,0.05,0.0,0.0,0.0,0.0,0.0,0.0,0.0,0.15,1,movie_1,movie_1,movie_1,1
0.95,0.05,0.0,0.0,0.0,0.0,0.0,0.0,0.0,0.0,0.0,0.0,0.0,0.0,0.0,0.9,0,mountain_photos,mountain_photos,mountain_photos,1
0.95,0.05,0.0,0.0,0.0,0.0,0.0,0.0,0.0,0.0,0.0,0.0,0.0,0.0,0.0,0.9,0,mountain_photos,mountain_photos,mountain_photos,1
0.99,0.98,0.97,0.96,0.95,0.94,0.93,0.92,0.91,0.9,0.89,0.88,0.87,0.86,0.85,0.01,1,mountain_photos,mountain_photos,mountain_photos,1
0.95,0.85,0.75,0.6,0.2,0.1,0.1,0.1,0.0,0.0,0.0,0.0,0.0,0.0,0.0,0.1,1,movie_1,movie_1,movie_1,1
0.9,0.7,0.2,0.2,0.1,0.1,0.1,0.05,0.0,0.0,0.0,0.0,0.0,0.0,0.0,0.2,0,movie_1,movie_1,movie_1,1
0.95,0.9,0.75,0.7,0.65,0.6,0.2,0.15,0.1,0.0,0.0,0.0,0.0,0.0,0.0,0.05,1,movie_1,imdb,imdb,0
0.98,0.95,0.9,0.85,0.15,0.1,0.1,0.1,0.05,0.0,0.0,0.0,0.0,0.0,0.0,0.03,1,movie_1,movie_1,imdb,1
0.95,0.85,0.75,0.7,0.65,0.6,0.55,0.45,0.35,0.0,0.0,0.0,0.0,0.0,0.0,0.1,1,movie_1,imdb,imdb,0
0.95,0.9,0.85,0.85,0.8,0.75,0.1,0.1,0.05,0.0,0.0,0.0,0.0,0.0,0.0,0.05,1,movie_1,imdb,imdb,0
0.95,0.9,0.85,0.75,0.7,0.6,0.5,0.3,0.2,0.0,0.0,0.0,0.0,0.0,0.0,0.05,1,movie_1,imdb,imdb,0
0.95,0.85,0.8,0.75,0.7,0.6,0.1,0.1,0.05,0.0,0.0,0.0,0.0,0.0,0.0,0.1,1,movie_1,imdb,imdb,0
0.95,0.9,0.85,0.8,0.75,0.7,0.6,0.3,0.05,0.0,0.0,0.0,0.0,0.0,0.0,0.05,1,movie_1,imdb,imdb,0
0.95,0.85,0.7,0.6,0.15,0.1,0.05,0.05,0.01,0.0,0.0,0.0,0.0,0.0,0.0,0.1,1,movie_1,imdb,imdb,0
0.9,0.85,0.8,0.75,0.7,0.6,0.2,0.1,0.0,0.0,0.0,0.0,0.0,0.0,0.0,0.05,1,movie_1,movie_1,movie_1,1
0.9,0.8,0.7,0.6,0.2,0.1,0.0,0.0,0.0,0.0,0.0,0.0,0.0,0.0,0.0,0.1,1,movie_1,movie_1,movie_1,1
0.95,0.9,0.6,0.5,0.4,0.3,0.2,0.2,0.0,0.0,0.0,0.0,0.0,0.0,0.0,0.05,1,movie_1,movie_platform,movie_1,0
0.95,0.85,0.7,0.6,0.5,0.2,0.15,0.1,0.0,0.0,0.0,0.0,0.0,0.0,0.0,0.1,1,movie_1,movie_platform,movie_2,0
0.95,0.9,0.7,0.6,0.4,0.3,0.3,0.1,0.1,0.1,0.1,0.1,0.1,0.1,0.1,0.05,1,movie_1,movie_platform,movie_1,0
0.95,0.85,0.75,0.3,0.2,0.1,0.0,0.0,0.0,0.0,0.0,0.0,0.0,0.0,0.0,0.1,1,movie_1,movie_1,movie_1,1
0.95,0.85,0.75,0.15,0.1,0.1,0.05,0.0,0.0,0.0,0.0,0.0,0.0,0.0,0.0,0.1,1,movie_1,movie_platform,movie_2,0
0.95,0.9,0.85,0.85,0.8,0.75,0.7,0.65,0.0,0.0,0.0,0.0,0.0,0.0,0.0,0.05,1,movie_1,movie_1,movie_1,1
0.95,0.85,0.75,0.6,0.5,0.3,0.2,0.1,0.0,0.0,0.0,0.0,0.0,0.0,0.0,0.1,1,movie_1,movie_1,movie_1,1
0.95,0.85,0.75,0.6,0.3,0.2,0.1,0.1,0.0,0.0,0.0,0.0,0.0,0.0,0.0,0.1,1,movie_1,movie_1,movie_1,1
0.95,0.9,0.85,0.75,0.1,0.1,0.1,0.0,0.0,0.0,0.0,0.0,0.0,0.0,0.0,0.05,1,movie_1,movie_1,movie_1,1
0.95,0.1,0.05,0.05,0.05,0.05,0.05,0.0,0.0,0.0,0.0,0.0,0.0,0.0,0.0,0.85,0,movie_1,movie_1,movie_1,1
0.85,0.75,0.6,0.4,0.3,0.2,0.1,0.0,0.0,0.0,0.0,0.0,0.0,0.0,0.0,0.1,1,movie_1,movie_platform,movie_1,0
0.85,0.75,0.7,0.6,0.3,0.2,0.1,0.1,0.0,0.0,0.0,0.0,0.0,0.0,0.0,0.1,1,movie_1,movie_platform,movie_1,0
0.95,0.85,0.7,0.6,0.5,0.4,0.3,0.0,0.0,0.0,0.0,0.0,0.0,0.0,0.0,0.1,1,movie_1,movie_platform,movie_1,0
0.95,0.9,0.85,0.75,0.3,0.2,0.15,0.1,0.0,0.0,0.0,0.0,0.0,0.0,0.0,0.05,1,movie_1,movie_1,book_review,1
0.95,0.85,0.6,0.2,0.15,0.15,0.1,0.05,0.0,0.0,0.0,0.0,0.0,0.0,0.0,0.1,1,movie_1,movie_1,movie_1,1
0.95,0.85,0.8,0.75,0.1,0.0,0.0,0.0,0.0,0.0,0.0,0.0,0.0,0.0,0.0,0.1,1,movie_1,epinions_1,movie_1,0
0.9,0.7,0.6,0.3,0.1,0.05,0.05,0.0,0.0,0.0,0.0,0.0,0.0,0.0,0.0,0.2,0,movie_1,movie_1,movie_1,1
0.95,0.9,0.7,0.6,0.3,0.2,0.1,0.1,0.0,0.0,0.0,0.0,0.0,0.0,0.0,0.05,1,movie_1,movie_1,movie_1,1
0.95,0.85,0.8,0.75,0.3,0.2,0.05,0.0,0.0,0.0,0.0,0.0,0.0,0.0,0.0,0.1,1,movie_1,movie_1,movie_1,1
0.9,0.7,0.3,0.2,0.1,0.1,0.1,0.0,0.0,0.0,0.0,0.0,0.0,0.0,0.0,0.2,0,movie_1,movie_1,movie_1,1
0.95,0.85,0.75,0.1,0.05,0.05,0.05,0.05,0.0,0.0,0.0,0.0,0.0,0.0,0.0,0.1,1,movie_1,movie_1,movie_1,1
0.9,0.85,0.75,0.2,0.15,0.1,0.1,0.1,0.0,0.0,0.0,0.0,0.0,0.0,0.0,0.05,1,movie_1,movie_1,movie_1,1
0.95,0.75,0.6,0.2,0.1,0.1,0.05,0.05,0.0,0.0,0.0,0.0,0.0,0.0,0.0,0.2,1,movie_1,movie_1,movie_1,1
0.95,0.85,0.8,0.75,0.7,0.3,0.1,0.0,0.0,0.0,0.0,0.0,0.0,0.0,0.0,0.1,1,movie_1,movie_1,movie_1,1
0.95,0.85,0.7,0.6,0.1,0.05,0.0,0.0,0.0,0.0,0.0,0.0,0.0,0.0,0.0,0.1,1,movie_1,epinions_1,movie_1,0
0.95,0.9,0.85,0.8,0.05,0.05,0.05,0.0,0.0,0.0,0.0,0.0,0.0,0.0,0.0,0.05,1,movie_1,epinions_1,movie_1,0
0.95,0.85,0.8,0.75,0.1,0.05,0.05,0.0,0.0,0.0,0.0,0.0,0.0,0.0,0.0,0.1,1,movie_1,epinions_1,movie_1,0
0.95,0.9,0.85,0.8,0.1,0.0,0.0,0.0,0.0,0.0,0.0,0.0,0.0,0.0,0.0,0.05,1,movie_1,epinions_1,movie_1,0
0.9,0.85,0.7,0.6,0.3,0.2,0.2,0.1,0.0,0.0,0.0,0.0,0.0,0.0,0.0,0.05,1,movie_1,movie_1,movie_1,1
0.9,0.85,0.85,0.7,0.6,0.5,0.4,0.3,0.1,0.0,0.0,0.0,0.0,0.0,0.0,0.05,1,movie_1,movie_1,movie_1,1
0.9,0.85,0.75,0.75,0.7,0.65,0.6,0.5,0.4,0.0,0.0,0.0,0.0,0.0,0.0,0.05,1,movie_1,imdb,imdb,0
0.95,0.9,0.85,0.75,0.6,0.5,0.3,0.1,0.05,0.0,0.0,0.0,0.0,0.0,0.0,0.05,1,movie_1,movie_1,movie_1,1
0.95,0.85,0.8,0.75,0.1,0.0,0.0,0.0,0.0,0.0,0.0,0.0,0.0,0.0,0.0,0.1,1,movie_1,epinions_1,movie_1,0
0.95,0.85,0.8,0.75,0.05,0.0,0.0,0.0,0.0,0.0,0.0,0.0,0.0,0.0,0.0,0.1,1,movie_1,epinions_1,movie_1,0
0.95,0.7,0.4,0.3,0.3,0.2,0.1,0.1,0.0,0.0,0.0,0.0,0.0,0.0,0.0,0.25,0,movie_1,movie_1,movie_1,1
0.8,0.75,0.75,0.75,0.7,0.65,0.6,0.6,0.1,0.1,0.0,0.0,0.0,0.0,0.0,0.05,1,music_1,music_2,store_1,0
0.95,0.85,0.75,0.7,0.5,0.4,0.3,0.2,0.1,0.1,0.1,0.0,0.0,0.0,0.0,0.1,1,music_1,music_1,music_1,1
0.85,0.2,0.15,0.1,0.1,0.1,0.1,0.1,0.1,0.1,0.1,0.0,0.0,0.0,0.0,0.65,0,music_1,music_1,music_1,1
0.95,0.9,0.7,0.6,0.1,0.1,0.05,0.05,0.0,0.0,0.0,0.0,0.0,0.0,0.0,0.05,1,movie_1,movie_1,movie_1,1
0.85,0.3,0.2,0.2,0.1,0.1,0.1,0.1,0.1,0.1,0.1,0.0,0.0,0.0,0.0,0.55,0,music_1,music_1,music_1,1
0.95,0.9,0.85,0.85,0.8,0.75,0.3,0.1,0.1,0.1,0.0,0.0,0.0,0.0,0.0,0.05,1,music_1,music_1,music_1,1
0.95,0.85,0.8,0.8,0.75,0.7,0.65,0.1,0.1,0.1,0.0,0.0,0.0,0.0,0.0,0.1,1,music_1,music_1,music_1,1
0.95,0.9,0.2,0.15,0.1,0.1,0.1,0.1,0.05,0.05,0.0,0.0,0.0,0.0,0.0,0.05,1,music_1,language_corpus,music_1,0
0.8,0.7,0.3,0.2,0.2,0.2,0.2,0.2,0.2,0.2,0.1,0.1,0.1,0.1,0.1,0.1,1,music_1,language_corpus,music_1,0
0.7,0.6,0.2,0.1,0.1,0.1,0.1,0.1,0.0,0.0,0.0,0.0,0.0,0.0,0.0,0.1,1,music_1,language_corpus,music_1,0
0.85,0.75,0.25,0.2,0.15,0.1,0.1,0.05,0.05,0.05,0.05,0.0,0.0,0.0,0.0,0.1,1,music_1,music_1,music_1,1
0.95,0.9,0.85,0.3,0.2,0.2,0.15,0.1,0.1,0.05,0.05,0.05,0.0,0.0,0.0,0.05,1,music_1,music_1,music_1,1
0.95,0.85,0.75,0.7,0.6,0.3,0.2,0.2,0.1,0.0,0.0,0.0,0.0,0.0,0.0,0.1,1,music_1,music_1,music_1,1
0.95,0.85,0.75,0.65,0.2,0.1,0.1,0.1,0.05,0.05,0.05,0.0,0.0,0.0,0.0,0.1,1,music_1,sing_contest,music_1,0
0.95,0.7,0.6,0.2,0.1,0.1,0.1,0.1,0.05,0.05,0.0,0.0,0.0,0.0,0.0,0.25,0,music_1,music_1,music_1,1
0.95,0.9,0.85,0.2,0.2,0.15,0.1,0.1,0.1,0.05,0.05,0.05,0.0,0.0,0.0,0.05,1,music_1,singer,singer,0
0.85,0.75,0.6,0.5,0.3,0.25,0.2,0.15,0.1,0.1,0.05,0.0,0.0,0.0,0.0,0.1,1,music_1,music_1,music_1,1
0.95,0.9,0.85,0.8,0.75,0.7,0.6,0.4,0.3,0.2,0.1,0.0,0.0,0.0,0.0,0.05,1,music_1,music_1,music_1,1
0.9,0.85,0.8,0.55,0.3,0.3,0.25,0.2,0.2,0.15,0.1,0.1,0.0,0.0,0.0,0.05,1,music_1,singer,music_1,0
0.95,0.85,0.1,0.1,0.1,0.1,0.05,0.05,0.05,0.05,0.0,0.0,0.0,0.0,0.0,0.1,1,music_1,music_1,music_1,1
0.85,0.2,0.15,0.15,0.1,0.1,0.05,0.05,0.05,0.0,0.0,0.0,0.0,0.0,0.0,0.65,0,music_1,music_1,music_1,1
0.85,0.75,0.6,0.25,0.2,0.15,0.1,0.1,0.05,0.05,0.0,0.0,0.0,0.0,0.0,0.1,1,music_1,music_1,music_1,1
0.85,0.8,0.75,0.2,0.15,0.1,0.05,0.05,0.01,0.01,0.0,0.0,0.0,0.0,0.0,0.05,1,music_1,music_1,music_1,1
0.85,0.6,0.4,0.3,0.3,0.2,0.2,0.1,0.1,0.1,0.0,0.0,0.0,0.0,0.0,0.25,0,music_1,music_1,music_1,1
0.85,0.65,0.3,0.25,0.2,0.2,0.15,0.1,0.1,0.05,0.0,0.0,0.0,0.0,0.0,0.2,1,music_1,music_1,music_1,1
0.95,0.7,0.6,0.1,0.1,0.05,0.05,0.05,0.05,0.0,0.0,0.0,0.0,0.0,0.0,0.25,0,music_1,music_1,music_1,1
0.95,0.85,0.7,0.6,0.4,0.3,0.2,0.1,0.1,0.0,0.0,0.0,0.0,0.0,0.0,0.1,1,music_1,music_1,music_1,1
0.95,0.85,0.2,0.15,0.1,0.05,0.05,0.01,0.01,0.01,0.0,0.0,0.0,0.0,0.0,0.1,1,music_1,music_1,music_1,1
0.95,0.7,0.2,0.15,0.1,0.05,0.02,0.01,0.01,0.01,0.01,0.0,0.0,0.0,0.0,0.25,0,music_1,music_1,music_1,1
0.85,0.75,0.65,0.4,0.3,0.25,0.2,0.2,0.15,0.1,0.1,0.05,0.05,0.0,0.0,0.1,1,music_1,music_1,music_1,1
0.85,0.3,0.25,0.2,0.15,0.15,0.1,0.1,0.1,0.05,0.05,0.05,0.05,0.0,0.0,0.55,0,music_1,music_1,music_1,1
0.9,0.85,0.8,0.7,0.6,0.5,0.4,0.3,0.2,0.2,0.1,0.1,0.1,0.0,0.0,0.05,1,music_1,music_4,singer,0
0.95,0.85,0.7,0.6,0.5,0.3,0.2,0.1,0.1,0.1,0.1,0.1,0.0,0.0,0.0,0.1,1,music_1,music_1,music_1,1
0.95,0.75,0.7,0.6,0.5,0.3,0.2,0.1,0.1,0.05,0.05,0.05,0.0,0.0,0.0,0.2,1,music_1,music_1,music_1,1
0.85,0.75,0.7,0.65,0.6,0.4,0.3,0.1,0.05,0.0,0.0,0.0,0.0,0.0,0.0,0.1,1,music_1,sing_contest,music_1,0
0.9,0.85,0.8,0.75,0.7,0.65,0.6,0.3,0.2,0.15,0.1,0.05,0.0,0.0,0.0,0.05,1,music_1,music_4,singer,0
0.85,0.8,0.8,0.75,0.7,0.65,0.05,0.05,0.0,0.0,0.0,0.0,0.0,0.0,0.0,0.05,1,music_1,sing_contest,music_1,0
0.9,0.3,0.2,0.1,0.1,0.1,0.1,0.1,0.0,0.0,0.0,0.0,0.0,0.0,0.0,0.6,0,music_1,music_1,music_1,1
0.9,0.7,0.6,0.4,0.3,0.2,0.15,0.1,0.05,0.01,0.01,0.0,0.0,0.0,0.0,0.2,0,music_1,music_1,music_1,1
0.85,0.3,0.2,0.15,0.1,0.1,0.05,0.05,0.05,0.05,0.0,0.0,0.0,0.0,0.0,0.55,0,music_1,music_1,music_1,1
0.9,0.85,0.75,0.7,0.6,0.5,0.3,0.2,0.15,0.1,0.05,0.0,0.0,0.0,0.0,0.05,1,behavior_monitoring,real_estate_rentals,real_estate_rentals,0
0.95,0.75,0.1,0.05,0.05,0.05,0.05,0.01,0.01,0.01,0.01,0.01,0.01,0.01,0.0,0.2,1,behavior_monitoring,address_1,behavior_monitoring,0
0.85,0.8,0.75,0.4,0.3,0.25,0.2,0.15,0.1,0.1,0.05,0.05,0.05,0.0,0.0,0.05,1,behavior_monitoring,behavior_monitoring,behavior_monitoring,1
0.9,0.88,0.85,0.82,0.8,0.75,0.7,0.68,0.65,0.62,0.6,0.55,0.5,0.3,0.0,0.02,1,behavior_monitoring,address_1,student_transcripts_tracking,0
0.95,0.9,0.9,0.85,0.05,0.05,0.05,0.05,0.05,0.0,0.0,0.0,0.0,0.0,0.0,0.05,1,behavior_monitoring,student_1,behavior_monitoring,0
0.95,0.1,0.1,0.1,0.1,0.05,0.05,0.05,0.05,0.05,0.05,0.0,0.0,0.0,0.0,0.85,0,behavior_monitoring,student_1,behavior_monitoring,0
0.85,0.75,0.7,0.6,0.5,0.2,0.1,0.1,0.1,0.05,0.05,0.0,0.0,0.0,0.0,0.1,1,behavior_monitoring,student_1,behavior_monitoring,0
0.9,0.85,0.25,0.2,0.15,0.1,0.1,0.1,0.1,0.1,0.05,0.05,0.05,0.0,0.0,0.05,1,behavior_monitoring,behavior_monitoring,behavior_monitoring,1
0.85,0.8,0.75,0.3,0.1,0.1,0.1,0.1,0.1,0.1,0.05,0.05,0.05,0.05,0.0,0.05,1,behavior_monitoring,address_1,behavior_monitoring,0
0.95,0.85,0.8,0.75,0.1,0.1,0.05,0.01,0.01,0.01,0.01,0.01,0.01,0.0,0.0,0.1,1,behavior_monitoring,student_1,behavior_monitoring,0
0.95,0.05,0.0,0.0,0.0,0.0,0.0,0.0,0.0,0.0,0.0,0.0,0.0,0.0,0.0,0.9,0,bike_1,bike_1,bike_1,1
0.95,0.0,0.0,0.0,0.0,0.0,0.0,0.0,0.0,0.0,0.0,0.0,0.0,0.0,0.0,0.95,0,bike_1,bike_1,bike_1,1
0.95,0.01,0.01,0.01,0.01,0.01,0.01,0.01,0.01,0.01,0.01,0.01,0.0,0.0,0.0,0.94,0,bike_1,bike_1,bike_1,1
0.9,0.0,0.0,0.0,0.0,0.0,0.0,0.0,0.0,0.0,0.0,0.0,0.0,0.0,0.0,0.9,0,bike_1,bike_1,bike_1,1
0.95,0.05,0.05,0.05,0.05,0.0,0.0,0.0,0.0,0.0,0.0,0.0,0.0,0.0,0.0,0.9,0,bike_1,bike_1,bike_1,1
0.6,0.2,0.1,0.0,0.0,0.0,0.0,0.0,0.0,0.0,0.0,0.0,0.0,0.0,0.0,0.4,0,bike_1,bike_1,bike_1,1
0.95,0.0,0.0,0.0,0.0,0.0,0.0,0.0,0.0,0.0,0.0,0.0,0.0,0.0,0.0,0.95,0,bike_1,bike_1,bike_1,1
0.05,0.0,0.0,0.0,0.0,0.0,0.0,0.0,0.0,0.0,0.0,0.0,0.0,0.0,0.0,0.05,1,bike_1,bike_1,bike_1,1
0.95,0.0,0.0,0.0,0.0,0.0,0.0,0.0,0.0,0.0,0.0,0.0,0.0,0.0,0.0,0.95,0,bike_1,bike_1,bike_1,1
0.95,0.05,0.0,0.0,0.0,0.0,0.0,0.0,0.0,0.0,0.0,0.0,0.0,0.0,0.0,0.9,0,bike_1,bike_1,bike_1,1
0.95,0.05,0.0,0.0,0.0,0.0,0.0,0.0,0.0,0.0,0.0,0.0,0.0,0.0,0.0,0.9,0,bike_1,bike_1,bike_1,1
0.95,0.85,0.1,0.05,0.05,0.0,0.0,0.0,0.0,0.0,0.0,0.0,0.0,0.0,0.0,0.1,1,bike_1,bike_1,bike_1,1
0.95,0.01,0.01,0.01,0.01,0.01,0.01,0.01,0.01,0.0,0.0,0.0,0.0,0.0,0.0,0.94,0,bike_1,bike_1,bike_1,1
0.95,0.9,0.05,0.05,0.01,0.01,0.01,0.01,0.01,0.01,0.0,0.0,0.0,0.0,0.0,0.05,1,bike_1,bike_1,bike_1,1
0.6,0.0,0.0,0.0,0.0,0.0,0.0,0.0,0.0,0.0,0.0,0.0,0.0,0.0,0.0,0.6,0,bike_1,sales_in_weather,bike_1,0
0.7,0.6,0.1,0.0,0.0,0.0,0.0,0.0,0.0,0.0,0.0,0.0,0.0,0.0,0.0,0.1,1,bike_1,sales_in_weather,bike_1,0
0.85,0.75,0.15,0.05,0.01,0.01,0.01,0.01,0.01,0.01,0.01,0.01,0.0,0.0,0.0,0.1,1,bike_1,tv_shows,bike_1,0
0.85,0.75,0.4,0.3,0.2,0.1,0.1,0.05,0.05,0.05,0.05,0.05,0.0,0.0,0.0,0.1,1,bike_1,tv_shows,bike_1,0
0.95,0.05,0.05,0.05,0.05,0.05,0.05,0.0,0.0,0.0,0.0,0.0,0.0,0.0,0.0,0.9,0,bike_1,bike_1,bike_1,1
0.95,0.0,0.0,0.0,0.0,0.0,0.0,0.0,0.0,0.0,0.0,0.0,0.0,0.0,0.0,0.95,0,bike_1,bike_1,bike_1,1
0.0,0.0,0.0,0.0,0.0,0.0,0.0,0.0,0.0,0.0,0.0,0.0,0.0,0.0,0.0,0.0,1,bike_1,address,address,0
0.85,0.8,0.75,0.7,0.6,0.1,0.1,0.1,0.1,0.05,0.05,0.05,0.05,0.0,0.0,0.05,1,bike_1,bike_1,bike_1,1
0.7,0.1,0.0,0.0,0.0,0.0,0.0,0.0,0.0,0.0,0.0,0.0,0.0,0.0,0.0,0.6,0,bike_1,sales_in_weather,bike_1,0
0.2,0.1,0.0,0.0,0.0,0.0,0.0,0.0,0.0,0.0,0.0,0.0,0.0,0.0,0.0,0.1,1,bike_1,sales_in_weather,bike_1,0
0.95,0.9,0.05,0.05,0.01,0.01,0.01,0.01,0.01,0.01,0.01,0.01,0.0,0.0,0.0,0.05,1,bike_1,world_1,bike_1,0
0.95,0.0,0.0,0.0,0.0,0.0,0.0,0.0,0.0,0.0,0.0,0.0,0.0,0.0,0.0,0.95,0,bike_1,trains,bike_1,0
0.95,0.0,0.0,0.0,0.0,0.0,0.0,0.0,0.0,0.0,0.0,0.0,0.0,0.0,0.0,0.95,0,bike_1,trains,bike_1,0
0.95,0.0,0.0,0.0,0.0,0.0,0.0,0.0,0.0,0.0,0.0,0.0,0.0,0.0,0.0,0.95,0,bike_1,bike_1,bike_1,1
0.95,0.05,0.01,0.01,0.01,0.01,0.01,0.01,0.0,0.0,0.0,0.0,0.0,0.0,0.0,0.9,0,bike_1,bike_1,bike_1,1
0.95,0.05,0.0,0.0,0.0,0.0,0.0,0.0,0.0,0.0,0.0,0.0,0.0,0.0,0.0,0.9,0,bike_1,bike_1,bike_1,1
0.1,0.1,0.05,0.0,0.0,0.0,0.0,0.0,0.0,0.0,0.0,0.0,0.0,0.0,0.0,0.0,1,bike_1,address,bike_1,0
0.95,0.0,0.0,0.0,0.0,0.0,0.0,0.0,0.0,0.0,0.0,0.0,0.0,0.0,0.0,0.95,0,bike_1,bike_1,bike_1,1
0.95,0.01,0.01,0.01,0.01,0.01,0.01,0.01,0.01,0.01,0.0,0.0,0.0,0.0,0.0,0.94,0,bike_1,bike_1,bike_1,1
0.95,0.05,0.01,0.01,0.01,0.01,0.01,0.01,0.01,0.0,0.0,0.0,0.0,0.0,0.0,0.9,0,bike_1,bike_1,bike_1,1
0.6,0.0,0.0,0.0,0.0,0.0,0.0,0.0,0.0,0.0,0.0,0.0,0.0,0.0,0.0,0.6,0,bike_1,address,bike_1,0
0.7,0.1,0.05,0.05,0.0,0.0,0.0,0.0,0.0,0.0,0.0,0.0,0.0,0.0,0.0,0.6,0,bike_1,address,bike_1,0
0.95,0.0,0.0,0.0,0.0,0.0,0.0,0.0,0.0,0.0,0.0,0.0,0.0,0.0,0.0,0.95,0,bike_1,bike_1,bike_1,1
0.95,0.05,0.05,0.0,0.0,0.0,0.0,0.0,0.0,0.0,0.0,0.0,0.0,0.0,0.0,0.9,0,bike_1,bike_1,bike_1,1
0.7,0.0,0.0,0.0,0.0,0.0,0.0,0.0,0.0,0.0,0.0,0.0,0.0,0.0,0.0,0.7,0,bike_1,sales_in_weather,bike_1,0
0.2,0.0,0.0,0.0,0.0,0.0,0.0,0.0,0.0,0.0,0.0,0.0,0.0,0.0,0.0,0.2,0,bike_1,sales_in_weather,bike_1,0
0.95,0.85,0.0,0.0,0.0,0.0,0.0,0.0,0.0,0.0,0.0,0.0,0.0,0.0,0.0,0.1,1,bike_1,sales_in_weather,bike_1,0
0.95,0.85,0.1,0.1,0.05,0.05,0.05,0.05,0.05,0.0,0.0,0.0,0.0,0.0,0.0,0.1,1,bike_1,sales_in_weather,bike_1,0
0.95,0.05,0.0,0.0,0.0,0.0,0.0,0.0,0.0,0.0,0.0,0.0,0.0,0.0,0.0,0.9,0,bike_1,bike_1,bike_1,1
0.95,0.05,0.03,0.02,0.01,0.01,0.01,0.01,0.01,0.01,0.01,0.0,0.0,0.0,0.0,0.9,0,bike_1,bike_1,bike_1,1
0.85,0.1,0.0,0.0,0.0,0.0,0.0,0.0,0.0,0.0,0.0,0.0,0.0,0.0,0.0,0.75,0,bike_1,address,bike_1,0
0.75,0.0,0.0,0.0,0.0,0.0,0.0,0.0,0.0,0.0,0.0,0.0,0.0,0.0,0.0,0.75,0,bike_1,address,bike_1,0
0.9,0.7,0.3,0.2,0.2,0.1,0.1,0.1,0.1,0.1,0.0,0.0,0.0,0.0,0.0,0.2,0,bike_1,bike_1,bike_1,1
0.95,0.7,0.6,0.1,0.05,0.05,0.05,0.05,0.05,0.0,0.0,0.0,0.0,0.0,0.0,0.25,0,bike_1,bike_1,bike_1,1
0.95,0.0,0.0,0.0,0.0,0.0,0.0,0.0,0.0,0.0,0.0,0.0,0.0,0.0,0.0,0.95,0,bike_1,bike_1,bike_1,1
0.95,0.85,0.05,0.05,0.0,0.0,0.0,0.0,0.0,0.0,0.0,0.0,0.0,0.0,0.0,0.1,1,bike_1,bike_1,bike_1,1
0.95,0.05,0.05,0.05,0.0,0.0,0.0,0.0,0.0,0.0,0.0,0.0,0.0,0.0,0.0,0.9,0,bike_1,bike_1,bike_1,1
0.95,0.0,0.0,0.0,0.0,0.0,0.0,0.0,0.0,0.0,0.0,0.0,0.0,0.0,0.0,0.95,0,bike_1,bike_1,bike_1,1
0.95,0.05,0.0,0.0,0.0,0.0,0.0,0.0,0.0,0.0,0.0,0.0,0.0,0.0,0.0,0.9,0,body_builder,body_builder,body_builder,1
0.95,0.85,0.15,0.1,0.05,0.05,0.05,0.05,0.0,0.0,0.0,0.0,0.0,0.0,0.0,0.1,1,body_builder,world_1,body_builder,0
0.95,0.9,0.85,0.1,0.1,0.05,0.05,0.05,0.0,0.0,0.0,0.0,0.0,0.0,0.0,0.05,1,body_builder,body_builder,body_builder,1
0.95,0.6,0.3,0.1,0.05,0.0,0.0,0.0,0.0,0.0,0.0,0.0,0.0,0.0,0.0,0.35,0,body_builder,world_1,body_builder,0
0.95,0.05,0.05,0.0,0.0,0.0,0.0,0.0,0.0,0.0,0.0,0.0,0.0,0.0,0.0,0.9,0,body_builder,body_builder,body_builder,1
0.95,0.93,0.92,0.91,0.9,0.85,0.01,0.01,0.01,0.0,0.0,0.0,0.0,0.0,0.0,0.02,1,body_builder,body_builder,body_builder,1
0.85,0.8,0.75,0.75,0.7,0.7,0.7,0.3,0.2,0.2,0.1,0.1,0.1,0.1,0.05,0.05,1,body_builder,body_builder,body_builder,1
0.95,0.01,0.01,0.01,0.01,0.01,0.01,0.01,0.01,0.01,0.01,0.01,0.01,0.01,0.01,0.94,0,body_builder,world_1,body_builder,0
0.9,0.7,0.7,0.7,0.7,0.3,0.3,0.2,0.1,0.1,0.1,0.1,0.1,0.1,0.1,0.2,0,body_builder,body_builder,body_builder,1
0.95,0.75,0.7,0.7,0.6,0.05,0.05,0.05,0.05,0.05,0.0,0.0,0.0,0.0,0.0,0.2,1,body_builder,body_builder,body_builder,1
0.0,0.0,0.0,0.0,0.0,0.0,0.0,0.0,0.0,0.0,0.0,0.0,0.0,0.0,0.0,0.0,1,body_builder,epinions_1,epinions_1,0
0.95,0.85,0.1,0.05,0.05,0.0,0.0,0.0,0.0,0.0,0.0,0.0,0.0,0.0,0.0,0.1,1,body_builder,body_builder,body_builder,1
0.95,0.1,0.05,0.02,0.02,0.01,0.01,0.01,0.01,0.01,0.0,0.0,0.0,0.0,0.0,0.85,0,book_2,book_2,book_2,1
0.95,0.7,0.1,0.05,0.0,0.0,0.0,0.0,0.0,0.0,0.0,0.0,0.0,0.0,0.0,0.25,0,book_2,book_2,book_2,1
0.95,0.85,0.2,0.2,0.15,0.1,0.1,0.05,0.05,0.05,0.05,0.0,0.0,0.0,0.0,0.1,1,book_2,book_2,book_2,1
0.95,0.8,0.2,0.1,0.1,0.05,0.05,0.05,0.05,0.05,0.0,0.0,0.0,0.0,0.0,0.15,1,book_2,book_2,book_2,1
0.95,0.85,0.7,0.6,0.1,0.0,0.0,0.0,0.0,0.0,0.0,0.0,0.0,0.0,0.0,0.1,1,book_2,book_2,book_2,1
0.95,0.9,0.85,0.75,0.7,0.65,0.6,0.5,0.2,0.1,0.0,0.0,0.0,0.0,0.0,0.05,1,book_2,book_1,book_press,0
0.85,0.75,0.7,0.6,0.5,0.2,0.2,0.2,0.1,0.1,0.0,0.0,0.0,0.0,0.0,0.1,1,book_2,book_2,book_2,1
0.9,0.2,0.15,0.1,0.1,0.05,0.05,0.05,0.05,0.05,0.05,0.0,0.0,0.0,0.0,0.7,0,book_2,book_2,book_2,1
0.95,0.05,0.05,0.05,0.05,0.05,0.05,0.0,0.0,0.0,0.0,0.0,0.0,0.0,0.0,0.9,0,book_2,book_2,book_2,1
0.95,0.85,0.75,0.2,0.1,0.05,0.05,0.0,0.0,0.0,0.0,0.0,0.0,0.0,0.0,0.1,1,book_2,book_2,book_2,1
0.95,0.0,0.0,0.0,0.0,0.0,0.0,0.0,0.0,0.0,0.0,0.0,0.0,0.0,0.0,0.95,0,browser_web,browser_web,browser_web,1
0.95,0.05,0.05,0.05,0.05,0.05,0.05,0.05,0.05,0.0,0.0,0.0,0.0,0.0,0.0,0.9,0,browser_web,browser_web,browser_web,1
0.95,0.15,0.1,0.1,0.05,0.05,0.05,0.05,0.05,0.05,0.0,0.0,0.0,0.0,0.0,0.8,0,browser_web,browser_web,browser_web,1
0.95,0.0,0.0,0.0,0.0,0.0,0.0,0.0,0.0,0.0,0.0,0.0,0.0,0.0,0.0,0.95,0,browser_web,browser_web,browser_web,1
0.95,0.05,0.05,0.05,0.01,0.01,0.01,0.01,0.01,0.01,0.01,0.0,0.0,0.0,0.0,0.9,0,book_2,book_2,book_2,1
0.95,0.0,0.0,0.0,0.0,0.0,0.0,0.0,0.0,0.0,0.0,0.0,0.0,0.0,0.0,0.95,0,browser_web,browser_web,browser_web,1
0.95,0.0,0.0,0.0,0.0,0.0,0.0,0.0,0.0,0.0,0.0,0.0,0.0,0.0,0.0,0.95,0,browser_web,browser_web,browser_web,1
0.95,0.0,0.0,0.0,0.0,0.0,0.0,0.0,0.0,0.0,0.0,0.0,0.0,0.0,0.0,0.95,0,browser_web,browser_web,browser_web,1
0.95,0.6,0.05,0.0,0.0,0.0,0.0,0.0,0.0,0.0,0.0,0.0,0.0,0.0,0.0,0.35,0,browser_web,browser_web,browser_web,1
0.95,0.0,0.0,0.0,0.0,0.0,0.0,0.0,0.0,0.0,0.0,0.0,0.0,0.0,0.0,0.95,0,browser_web,browser_web,browser_web,1
0.2,0.2,0.1,0.1,0.1,0.0,0.0,0.0,0.0,0.0,0.0,0.0,0.0,0.0,0.0,0.0,1,california_schools,california_schools,school_finance,1
0.7,0.6,0.5,0.4,0.3,0.3,0.2,0.2,0.1,0.1,0.1,0.05,0.05,0.05,0.05,0.1,1,california_schools,california_schools,student_transcripts_tracking,1
0.2,0.15,0.1,0.1,0.05,0.05,0.05,0.0,0.0,0.0,0.0,0.0,0.0,0.0,0.0,0.05,1,california_schools,california_schools,school_finance,1
0.6,0.6,0.6,0.6,0.6,0.6,0.6,0.3,0.2,0.2,0.1,0.1,0.05,0.05,0.05,0.0,1,california_schools,california_schools,california_schools,1
0.3,0.2,0.1,0.0,0.0,0.0,0.0,0.0,0.0,0.0,0.0,0.0,0.0,0.0,0.0,0.1,1,california_schools,california_schools,school_bus,1
0.6,0.1,0.1,0.1,0.1,0.05,0.05,0.0,0.0,0.0,0.0,0.0,0.0,0.0,0.0,0.5,0,california_schools,california_schools,student_transcripts_tracking,1
0.3,0.2,0.2,0.2,0.1,0.1,0.1,0.0,0.0,0.0,0.0,0.0,0.0,0.0,0.0,0.1,1,california_schools,california_schools,school_finance,1
0.1,0.0,0.0,0.0,0.0,0.0,0.0,0.0,0.0,0.0,0.0,0.0,0.0,0.0,0.0,0.1,1,california_schools,california_schools,university_rank,1
0.6,0.2,0.1,0.1,0.0,0.0,0.0,0.0,0.0,0.0,0.0,0.0,0.0,0.0,0.0,0.4,0,california_schools,california_schools,address_1,1
0.4,0.3,0.2,0.2,0.2,0.2,0.1,0.1,0.1,0.1,0.1,0.1,0.1,0.1,0.1,0.1,1,california_schools,california_schools,behavior_monitoring,1
0.4,0.3,0.2,0.1,0.0,0.0,0.0,0.0,0.0,0.0,0.0,0.0,0.0,0.0,0.0,0.1,1,california_schools,california_schools,university_rank,1
0.2,0.2,0.2,0.2,0.1,0.1,0.0,0.0,0.0,0.0,0.0,0.0,0.0,0.0,0.0,0.0,1,california_schools,california_schools,school_finance,1
0.4,0.3,0.3,0.2,0.2,0.15,0.15,0.1,0.1,0.1,0.1,0.1,0.1,0.05,0.05,0.1,1,california_schools,california_schools,address_1,1
0.8,0.1,0.1,0.1,0.1,0.1,0.1,0.1,0.1,0.1,0.1,0.1,0.1,0.05,0.05,0.7,0,california_schools,california_schools,behavior_monitoring,1
0.0,0.0,0.0,0.0,0.0,0.0,0.0,0.0,0.0,0.0,0.0,0.0,0.0,0.0,0.0,0.0,1,california_schools,california_schools,california_schools,1
0.3,0.2,0.15,0.1,0.05,0.05,0.05,0.05,0.05,0.0,0.0,0.0,0.0,0.0,0.0,0.1,1,california_schools,california_schools,school_player,1
0.5,0.3,0.2,0.0,0.0,0.0,0.0,0.0,0.0,0.0,0.0,0.0,0.0,0.0,0.0,0.2,0,california_schools,california_schools,address_1,1
0.3,0.2,0.2,0.2,0.2,0.1,0.1,0.1,0.1,0.1,0.1,0.1,0.1,0.1,0.1,0.1,1,california_schools,california_schools,school_bus,1
0.3,0.2,0.15,0.1,0.1,0.05,0.0,0.0,0.0,0.0,0.0,0.0,0.0,0.0,0.0,0.1,1,california_schools,california_schools,behavior_monitoring,1
0.3,0.2,0.1,0.1,0.1,0.1,0.1,0.0,0.0,0.0,0.0,0.0,0.0,0.0,0.0,0.1,1,california_schools,california_schools,school_bus,1
0.0,0.0,0.0,0.0,0.0,0.0,0.0,0.0,0.0,0.0,0.0,0.0,0.0,0.0,0.0,0.0,1,california_schools,california_schools,california_schools,1
0.6,0.4,0.3,0.3,0.3,0.3,0.2,0.2,0.2,0.2,0.1,0.1,0.1,0.1,0.1,0.2,1,california_schools,california_schools,california_schools,1
0.7,0.6,0.3,0.3,0.2,0.2,0.2,0.2,0.1,0.1,0.1,0.1,0.1,0.1,0.1,0.1,1,california_schools,california_schools,school_finance,1
0.05,0.05,0.05,0.01,0.01,0.01,0.0,0.0,0.0,0.0,0.0,0.0,0.0,0.0,0.0,0.0,1,california_schools,csu_1,school_finance,0
0.6,0.2,0.1,0.1,0.0,0.0,0.0,0.0,0.0,0.0,0.0,0.0,0.0,0.0,0.0,0.4,0,california_schools,california_schools,behavior_monitoring,1
0.0,0.0,0.0,0.0,0.0,0.0,0.0,0.0,0.0,0.0,0.0,0.0,0.0,0.0,0.0,0.0,1,california_schools,california_schools,california_schools,1
0.15,0.1,0.1,0.1,0.1,0.1,0.1,0.05,0.05,0.05,0.05,0.05,0.05,0.05,0.05,0.05,1,california_schools,california_schools,behavior_monitoring,1
0.6,0.6,0.6,0.6,0.6,0.6,0.6,0.3,0.2,0.2,0.1,0.1,0.0,0.0,0.0,0.0,1,california_schools,california_schools,address_1,1
0.5,0.4,0.4,0.3,0.2,0.2,0.1,0.1,0.1,0.1,0.1,0.1,0.1,0.1,0.1,0.1,1,california_schools,california_schools,store_product,1
0.3,0.1,0.0,0.0,0.0,0.0,0.0,0.0,0.0,0.0,0.0,0.0,0.0,0.0,0.0,0.2,1,california_schools,california_schools,behavior_monitoring,1
0.2,0.1,0.0,0.0,0.0,0.0,0.0,0.0,0.0,0.0,0.0,0.0,0.0,0.0,0.0,0.1,1,california_schools,california_schools,school_bus,1
0.2,0.2,0.1,0.1,0.1,0.05,0.05,0.05,0.05,0.05,0.05,0.05,0.05,0.05,0.05,0.0,1,california_schools,california_schools,student_1,1
0.4,0.3,0.2,0.1,0.0,0.0,0.0,0.0,0.0,0.0,0.0,0.0,0.0,0.0,0.0,0.1,1,california_schools,california_schools,network_1,1
0.4,0.3,0.2,0.1,0.0,0.0,0.0,0.0,0.0,0.0,0.0,0.0,0.0,0.0,0.0,0.1,1,california_schools,california_schools,school_bus,1
0.6,0.1,0.1,0.1,0.05,0.05,0.05,0.05,0.05,0.05,0.05,0.05,0.05,0.05,0.05,0.5,0,california_schools,california_schools,school_bus,1
0.2,0.1,0.1,0.1,0.1,0.1,0.0,0.0,0.0,0.0,0.0,0.0,0.0,0.0,0.0,0.1,1,california_schools,california_schools,school_player,1
0.8,0.7,0.2,0.1,0.1,0.1,0.05,0.05,0.05,0.0,0.0,0.0,0.0,0.0,0.0,0.1,1,california_schools,california_schools,school_bus,1
0.6,0.2,0.1,0.1,0.0,0.0,0.0,0.0,0.0,0.0,0.0,0.0,0.0,0.0,0.0,0.4,0,california_schools,california_schools,school_bus,1
0.2,0.2,0.15,0.1,0.05,0.05,0.05,0.05,0.05,0.05,0.05,0.05,0.05,0.05,0.05,0.0,1,california_schools,california_schools,school_bus,1
0.4,0.3,0.2,0.2,0.2,0.2,0.1,0.1,0.05,0.05,0.05,0.0,0.0,0.0,0.0,0.1,1,california_schools,california_schools,school_bus,1
0.2,0.15,0.1,0.1,0.1,0.05,0.05,0.05,0.0,0.0,0.0,0.0,0.0,0.0,0.0,0.05,1,california_schools,student_1,activity_1,0
0.15,0.1,0.1,0.05,0.05,0.05,0.05,0.0,0.0,0.0,0.0,0.0,0.0,0.0,0.0,0.05,1,california_schools,california_schools,behavior_monitoring,1
0.3,0.25,0.2,0.15,0.1,0.1,0.1,0.1,0.05,0.05,0.0,0.0,0.0,0.0,0.0,0.05,1,california_schools,california_schools,district_spokesman,1
0.85,0.4,0.3,0.2,0.0,0.0,0.0,0.0,0.0,0.0,0.0,0.0,0.0,0.0,0.0,0.45,0,california_schools,california_schools,behavior_monitoring,1
0.4,0.2,0.1,0.1,0.05,0.05,0.05,0.0,0.0,0.0,0.0,0.0,0.0,0.0,0.0,0.2,0,california_schools,california_schools,online_exams,1
0.95,0.1,0.1,0.05,0.05,0.05,0.0,0.0,0.0,0.0,0.0,0.0,0.0,0.0,0.0,0.85,0,candidate_poll,candidate_poll,candidate_poll,1
0.95,0.85,0.85,0.1,0.1,0.1,0.05,0.05,0.05,0.05,0.05,0.05,0.05,0.05,0.05,0.1,1,candidate_poll,candidate_poll,candidate_poll,1
0.95,0.05,0.05,0.0,0.0,0.0,0.0,0.0,0.0,0.0,0.0,0.0,0.0,0.0,0.0,0.9,0,candidate_poll,candidate_poll,candidate_poll,1
0.95,0.1,0.05,0.05,0.05,0.0,0.0,0.0,0.0,0.0,0.0,0.0,0.0,0.0,0.0,0.85,0,candidate_poll,candidate_poll,candidate_poll,1
0.9,0.85,0.8,0.0,0.0,0.0,0.0,0.0,0.0,0.0,0.0,0.0,0.0,0.0,0.0,0.05,1,candidate_poll,movielens,music_1,0
0.95,0.9,0.7,0.2,0.2,0.1,0.1,0.1,0.1,0.1,0.1,0.1,0.1,0.1,0.1,0.05,1,yelp,yelp,restaurants,1
0.95,0.85,0.7,0.6,0.1,0.1,0.1,0.05,0.05,0.0,0.0,0.0,0.0,0.0,0.0,0.1,1,flight_1,flight_1,flight_1,1
0.95,0.7,0.05,0.05,0.0,0.0,0.0,0.0,0.0,0.0,0.0,0.0,0.0,0.0,0.0,0.25,0,candidate_poll,candidate_poll,candidate_poll,1
0.9,0.85,0.1,0.1,0.1,0.1,0.1,0.1,0.1,0.1,0.05,0.05,0.05,0.05,0.05,0.05,1,yelp,yelp,restaurants,1
0.95,0.85,0.75,0.7,0.6,0.3,0.2,0.15,0.1,0.1,0.05,0.0,0.0,0.0,0.0,0.1,1,flight_1,flight_1,flight_1,1
0.95,0.1,0.05,0.02,0.01,0.01,0.01,0.01,0.01,0.01,0.01,0.01,0.01,0.01,0.0,0.85,0,flight_1,flight_1,flight_1,1
0.95,0.9,0.2,0.1,0.1,0.1,0.1,0.1,0.1,0.1,0.1,0.1,0.1,0.1,0.1,0.05,1,yelp,restaurant,yelp,0
0.95,0.85,0.05,0.0,0.0,0.0,0.0,0.0,0.0,0.0,0.0,0.0,0.0,0.0,0.0,0.1,1,yelp,yelp,yelp,1
0.95,0.75,0.6,0.5,0.2,0.05,0.05,0.01,0.01,0.01,0.01,0.01,0.01,0.01,0.0,0.2,1,flight_1,flight_1,flight_1,1
0.95,0.7,0.3,0.3,0.2,0.2,0.2,0.2,0.2,0.2,0.2,0.1,0.1,0.1,0.05,0.25,0,yelp,restaurant,restaurants,0
0.85,0.2,0.2,0.2,0.1,0.1,0.1,0.05,0.05,0.05,0.05,0.05,0.0,0.0,0.0,0.65,0,flight_1,flight_1,flight_1,1
0.9,0.85,0.75,0.05,0.05,0.0,0.0,0.0,0.0,0.0,0.0,0.0,0.0,0.0,0.0,0.05,1,yelp,epinions_1,epinions_1,0
1.0,0.0,0.0,0.0,0.0,0.0,0.0,0.0,0.0,0.0,0.0,0.0,0.0,0.0,0.0,1.0,0,yelp,yelp,yelp,1
0.95,0.05,0.05,0.05,0.05,0.05,0.05,0.05,0.05,0.05,0.05,0.05,0.0,0.0,0.0,0.9,0,flight_1,flight_1,flight_1,1
0.7,0.6,0.5,0.3,0.2,0.2,0.2,0.1,0.1,0.1,0.1,0.05,0.0,0.0,0.0,0.1,1,flight_1,flight_1,flight_1,1
0.95,0.1,0.05,0.01,0.01,0.0,0.0,0.0,0.0,0.0,0.0,0.0,0.0,0.0,0.0,0.85,0,yelp,yelp,yelp,1
0.85,0.2,0.2,0.1,0.1,0.05,0.05,0.05,0.05,0.05,0.05,0.05,0.0,0.0,0.0,0.65,0,flight_1,flight_1,flight_1,1
0.85,0.75,0.7,0.6,0.5,0.3,0.2,0.2,0.1,0.1,0.1,0.05,0.0,0.0,0.0,0.1,1,flight_1,flight_1,flight_1,1
0.95,0.1,0.05,0.05,0.05,0.05,0.05,0.05,0.05,0.05,0.05,0.05,0.0,0.0,0.0,0.85,0,flight_1,flight_1,flight_1,1
0.95,0.05,0.01,0.01,0.0,0.0,0.0,0.0,0.0,0.0,0.0,0.0,0.0,0.0,0.0,0.9,0,flight_1,flight_1,flight_1,1
0.85,0.1,0.05,0.05,0.05,0.05,0.05,0.05,0.05,0.05,0.05,0.05,0.05,0.0,0.0,0.75,0,flight_1,flight_1,flight_1,1
0.95,0.85,0.75,0.1,0.05,0.05,0.05,0.05,0.05,0.05,0.05,0.0,0.0,0.0,0.0,0.1,1,flight_1,aircraft,flight_1,0
0.95,0.2,0.1,0.05,0.03,0.02,0.01,0.0,0.0,0.0,0.0,0.0,0.0,0.0,0.0,0.75,0,flight_1,flight_1,flight_1,1
0.85,0.2,0.1,0.05,0.05,0.01,0.01,0.01,0.01,0.01,0.01,0.0,0.0,0.0,0.0,0.65,0,flight_1,flight_1,flight_1,1
0.95,0.05,0.0,0.0,0.0,0.0,0.0,0.0,0.0,0.0,0.0,0.0,0.0,0.0,0.0,0.9,0,flight_1,flight_1,flight_1,1
0.95,0.05,0.05,0.05,0.05,0.01,0.01,0.01,0.01,0.01,0.01,0.01,0.0,0.0,0.0,0.9,0,flight_1,flight_1,flight_1,1
0.95,0.0,0.0,0.0,0.0,0.0,0.0,0.0,0.0,0.0,0.0,0.0,0.0,0.0,0.0,0.95,0,flight_1,flight_1,flight_1,1
0.95,0.75,0.2,0.1,0.1,0.1,0.05,0.05,0.05,0.05,0.0,0.0,0.0,0.0,0.0,0.2,1,flight_4,flight_4,flight_4,1
0.95,0.9,0.1,0.05,0.05,0.01,0.01,0.01,0.01,0.01,0.0,0.0,0.0,0.0,0.0,0.05,1,flight_4,flight_4,flight_4,1
1.0,1.0,0.8,0.7,0.3,0.2,0.2,0.1,0.1,0.1,0.0,0.0,0.0,0.0,0.0,0.0,1,flight_4,aircraft,flight_2,0
0.9,0.85,0.75,0.75,0.7,0.6,0.2,0.1,0.1,0.05,0.0,0.0,0.0,0.0,0.0,0.05,1,flight_4,flight_company,flight_4,0
0.95,0.9,0.75,0.3,0.2,0.15,0.1,0.1,0.1,0.05,0.05,0.0,0.0,0.0,0.0,0.05,1,flight_4,flight_2,flight_2,0
0.85,0.7,0.6,0.5,0.4,0.3,0.3,0.3,0.2,0.2,0.2,0.0,0.0,0.0,0.0,0.15,1,flight_4,flight_2,flight_4,0
0.85,0.75,0.7,0.6,0.5,0.4,0.3,0.3,0.2,0.2,0.1,0.0,0.0,0.0,0.0,0.1,1,flight_4,flight_4,flight_4,1
0.95,0.9,0.7,0.3,0.1,0.1,0.05,0.05,0.05,0.05,0.05,0.0,0.0,0.0,0.0,0.05,1,flight_4,flight_4,flight_4,1
0.85,0.1,0.05,0.05,0.05,0.05,0.01,0.01,0.01,0.01,0.01,0.01,0.0,0.0,0.0,0.75,0,flight_4,flight_4,flight_4,1
0.95,0.85,0.75,0.65,0.2,0.15,0.1,0.1,0.05,0.05,0.05,0.0,0.0,0.0,0.0,0.1,1,flight_4,flight_company,flight_4,0
0.85,0.75,0.65,0.5,0.3,0.2,0.15,0.1,0.1,0.1,0.05,0.05,0.0,0.0,0.0,0.1,1,flight_4,flight_4,flight_4,1
0.95,0.92,0.9,0.85,0.15,0.1,0.08,0.07,0.05,0.03,0.02,0.0,0.0,0.0,0.0,0.03,1,flight_4,flight_company,flight_company,0
0.95,0.9,0.85,0.6,0.2,0.1,0.05,0.05,0.01,0.01,0.0,0.0,0.0,0.0,0.0,0.05,1,flight_4,flight_4,flight_4,1
0.85,0.6,0.3,0.2,0.1,0.1,0.1,0.1,0.05,0.05,0.05,0.0,0.0,0.0,0.0,0.25,0,flight_4,flight_4,flight_4,1
0.7,0.6,0.6,0.2,0.2,0.2,0.2,0.1,0.1,0.1,0.1,0.1,0.0,0.0,0.0,0.1,1,flight_4,flight_4,flight_4,1
0.95,0.75,0.1,0.05,0.01,0.0,0.0,0.0,0.0,0.0,0.0,0.0,0.0,0.0,0.0,0.2,1,flight_4,flight_4,flight_4,1
0.95,0.85,0.65,0.2,0.1,0.01,0.01,0.01,0.01,0.01,0.01,0.0,0.0,0.0,0.0,0.1,1,flight_4,flight_4,flight_4,1
0.95,0.75,0.6,0.3,0.15,0.1,0.05,0.05,0.05,0.05,0.0,0.0,0.0,0.0,0.0,0.2,1,flight_4,flight_4,flight_4,1
0.95,0.85,0.65,0.55,0.3,0.15,0.1,0.05,0.05,0.05,0.05,0.0,0.0,0.0,0.0,0.1,1,flight_4,flight_4,flight_4,1
0.95,0.75,0.5,0.3,0.3,0.2,0.2,0.2,0.1,0.1,0.0,0.0,0.0,0.0,0.0,0.2,1,flight_4,flight_4,flight_4,1
0.95,0.85,0.1,0.05,0.01,0.01,0.01,0.01,0.01,0.0,0.0,0.0,0.0,0.0,0.0,0.1,1,flight_4,flight_4,flight_4,1
0.95,0.85,0.1,0.05,0.01,0.01,0.0,0.0,0.0,0.0,0.0,0.0,0.0,0.0,0.0,0.1,1,flight_4,flight_4,flight_4,1
0.95,0.85,0.15,0.1,0.05,0.03,0.02,0.01,0.01,0.01,0.0,0.0,0.0,0.0,0.0,0.1,1,flight_4,flight_4,flight_4,1
0.95,0.85,0.75,0.65,0.2,0.15,0.1,0.1,0.05,0.05,0.05,0.0,0.0,0.0,0.0,0.1,1,flight_4,flight_4,flight_4,1
0.85,0.75,0.65,0.3,0.15,0.1,0.1,0.05,0.05,0.05,0.05,0.0,0.0,0.0,0.0,0.1,1,flight_4,flight_4,flight_4,1
0.95,0.85,0.75,0.6,0.3,0.2,0.2,0.1,0.1,0.05,0.0,0.0,0.0,0.0,0.0,0.1,1,flight_4,flight_4,flight_4,1
0.95,0.7,0.1,0.05,0.01,0.01,0.01,0.01,0.01,0.0,0.0,0.0,0.0,0.0,0.0,0.25,0,flight_4,flight_4,flight_4,1
0.95,0.9,0.1,0.1,0.05,0.05,0.05,0.05,0.05,0.05,0.0,0.0,0.0,0.0,0.0,0.05,1,flight_4,flight_4,flight_4,1
0.95,0.75,0.1,0.05,0.01,0.01,0.01,0.01,0.01,0.01,0.0,0.0,0.0,0.0,0.0,0.2,1,flight_4,flight_4,flight_4,1
0.95,0.7,0.3,0.1,0.05,0.05,0.01,0.01,0.01,0.0,0.0,0.0,0.0,0.0,0.0,0.25,0,flight_4,flight_4,flight_4,1
0.9,0.85,0.85,0.8,0.15,0.1,0.05,0.05,0.0,0.0,0.0,0.0,0.0,0.0,0.0,0.05,1,flight_4,flight_4,flight_4,1
0.95,0.9,0.85,0.8,0.05,0.05,0.0,0.0,0.0,0.0,0.0,0.0,0.0,0.0,0.0,0.05,1,flight_4,flight_4,flight_4,1
0.95,0.75,0.6,0.3,0.1,0.1,0.1,0.1,0.1,0.05,0.0,0.0,0.0,0.0,0.0,0.2,1,flight_4,flight_4,flight_4,1
0.95,0.85,0.1,0.05,0.01,0.01,0.01,0.01,0.01,0.01,0.0,0.0,0.0,0.0,0.0,0.1,1,flight_4,flight_4,flight_4,1
0.95,0.85,0.1,0.05,0.01,0.01,0.01,0.01,0.01,0.01,0.01,0.0,0.0,0.0,0.0,0.1,1,flight_4,flight_4,flight_4,1
0.9,0.7,0.4,0.3,0.2,0.1,0.1,0.1,0.05,0.05,0.0,0.0,0.0,0.0,0.0,0.2,0,flight_4,flight_4,flight_4,1
0.95,0.75,0.65,0.1,0.1,0.05,0.05,0.05,0.05,0.01,0.0,0.0,0.0,0.0,0.0,0.2,1,flight_4,flight_4,flight_4,1
0.95,0.7,0.6,0.3,0.2,0.1,0.1,0.1,0.05,0.05,0.0,0.0,0.0,0.0,0.0,0.25,0,flight_4,flight_4,flight_4,1
0.95,0.75,0.65,0.35,0.15,0.1,0.05,0.05,0.05,0.05,0.0,0.0,0.0,0.0,0.0,0.2,1,flight_4,flight_4,flight_4,1
0.95,0.85,0.75,0.7,0.6,0.3,0.15,0.1,0.1,0.05,0.0,0.0,0.0,0.0,0.0,0.1,1,flight_4,flight_4,flight_4,1
0.95,0.75,0.7,0.65,0.05,0.01,0.01,0.01,0.01,0.01,0.0,0.0,0.0,0.0,0.0,0.2,1,flight_4,flight_4,flight_4,1
0.95,0.85,0.75,0.65,0.3,0.1,0.05,0.05,0.01,0.01,0.01,0.0,0.0,0.0,0.0,0.1,1,flight_company,flight_4,flight_4,0
0.95,0.9,0.85,0.75,0.65,0.4,0.3,0.25,0.2,0.15,0.1,0.05,0.05,0.05,0.0,0.05,1,flight_company,flight_company,flight_company,1
0.85,0.75,0.2,0.15,0.1,0.05,0.05,0.05,0.05,0.05,0.05,0.05,0.0,0.0,0.0,0.1,1,flight_company,flight_company,flight_company,1
0.85,0.8,0.75,0.05,0.0,0.0,0.0,0.0,0.0,0.0,0.0,0.0,0.0,0.0,0.0,0.05,1,flight_company,aircraft,flight_company,0
0.98,0.95,0.9,0.85,0.05,0.03,0.02,0.01,0.01,0.01,0.01,0.01,0.0,0.0,0.0,0.03,1,flight_company,flight_4,aircraft,0
0.85,0.75,0.7,0.65,0.6,0.3,0.2,0.05,0.05,0.0,0.0,0.0,0.0,0.0,0.0,0.1,1,flight_company,company_employee,culture_company,0
0.95,0.9,0.85,0.75,0.6,0.2,0.1,0.1,0.1,0.05,0.05,0.05,0.05,0.0,0.0,0.05,1,flight_company,flight_company,flight_4,1
0.95,0.9,0.7,0.5,0.4,0.3,0.3,0.2,0.1,0.0,0.0,0.0,0.0,0.0,0.0,0.05,1,flight_company,flight_4,flight_4,0
0.95,0.9,0.85,0.2,0.15,0.1,0.05,0.05,0.05,0.05,0.0,0.0,0.0,0.0,0.0,0.05,1,flight_company,flight_4,flight_4,0
0.95,0.85,0.75,0.1,0.05,0.01,0.01,0.01,0.01,0.0,0.0,0.0,0.0,0.0,0.0,0.1,1,flight_company,flight_company,flight_company,1
0.98,0.7,0.6,0.1,0.1,0.05,0.05,0.05,0.05,0.05,0.05,0.05,0.05,0.0,0.0,0.28,0,formula_1,formula_1,formula_1,1
0.95,0.05,0.05,0.0,0.0,0.0,0.0,0.0,0.0,0.0,0.0,0.0,0.0,0.0,0.0,0.9,0,formula_1,formula_1,formula_1,1
0.95,0.9,0.7,0.2,0.1,0.1,0.1,0.1,0.05,0.05,0.05,0.05,0.05,0.05,0.0,0.05,1,formula_1,formula_1,formula_1,1
0.95,0.7,0.0,0.0,0.0,0.0,0.0,0.0,0.0,0.0,0.0,0.0,0.0,0.0,0.0,0.25,0,formula_1,formula_1,formula_1,1
0.95,0.9,0.9,0.85,0.8,0.8,0.1,0.1,0.05,0.05,0.05,0.0,0.0,0.0,0.0,0.05,1,formula_1,car_racing,formula_1,0
0.95,0.9,0.85,0.75,0.7,0.65,0.6,0.5,0.2,0.15,0.1,0.05,0.0,0.0,0.0,0.05,1,formula_1,car_racing,car_racing,0
0.95,0.85,0.2,0.15,0.1,0.0,0.0,0.0,0.0,0.0,0.0,0.0,0.0,0.0,0.0,0.1,1,formula_1,formula_1,formula_1,1
0.95,0.1,0.05,0.05,0.01,0.01,0.01,0.01,0.01,0.01,0.01,0.0,0.0,0.0,0.0,0.85,0,formula_1,formula_1,formula_1,1
0.98,0.85,0.15,0.1,0.01,0.01,0.01,0.01,0.01,0.01,0.01,0.0,0.0,0.0,0.0,0.13,1,formula_1,formula_1,formula_1,1
0.98,0.01,0.01,0.01,0.01,0.01,0.01,0.01,0.01,0.01,0.01,0.01,0.01,0.0,0.0,0.97,0,formula_1,formula_1,formula_1,1
0.9,0.85,0.75,0.65,0.3,0.25,0.2,0.15,0.1,0.1,0.1,0.05,0.05,0.05,0.05,0.05,1,formula_1,race_track,formula_1,0
0.98,0.95,0.1,0.05,0.01,0.01,0.01,0.01,0.01,0.01,0.01,0.0,0.0,0.0,0.0,0.03,1,formula_1,formula_1,car_road_race,1
0.95,0.05,0.0,0.0,0.0,0.0,0.0,0.0,0.0,0.0,0.0,0.0,0.0,0.0,0.0,0.9,0,formula_1,formula_1,formula_1,1
0.95,0.7,0.6,0.4,0.3,0.3,0.2,0.1,0.05,0.05,0.05,0.0,0.0,0.0,0.0,0.25,0,formula_1,formula_1,formula_1,1
0.95,0.7,0.6,0.3,0.2,0.1,0.05,0.05,0.0,0.0,0.0,0.0,0.0,0.0,0.0,0.25,0,formula_1,european_football_1,formula_1,0
0.95,0.6,0.3,0.2,0.05,0.05,0.05,0.05,0.05,0.05,0.05,0.0,0.0,0.0,0.0,0.35,0,formula_1,formula_1,formula_1,1
0.95,0.7,0.3,0.2,0.2,0.1,0.1,0.1,0.1,0.1,0.1,0.05,0.0,0.0,0.0,0.25,0,formula_1,formula_1,formula_1,1
0.95,0.85,0.1,0.05,0.0,0.0,0.0,0.0,0.0,0.0,0.0,0.0,0.0,0.0,0.0,0.1,1,formula_1,formula_1,formula_1,1
0.95,0.9,0.1,0.1,0.1,0.1,0.1,0.1,0.1,0.05,0.05,0.0,0.0,0.0,0.0,0.05,1,formula_1,formula_1,formula_1,1
0.95,0.85,0.1,0.05,0.0,0.0,0.0,0.0,0.0,0.0,0.0,0.0,0.0,0.0,0.0,0.1,1,formula_1,formula_1,formula_1,1
0.95,0.75,0.7,0.6,0.1,0.05,0.01,0.01,0.01,0.01,0.01,0.0,0.0,0.0,0.0,0.2,1,formula_1,formula_1,formula_1,1
0.85,0.75,0.7,0.7,0.7,0.05,0.0,0.0,0.0,0.0,0.0,0.0,0.0,0.0,0.0,0.1,1,formula_1,driving_school,formula_1,0
0.95,0.85,0.8,0.75,0.7,0.65,0.6,0.5,0.2,0.1,0.1,0.0,0.0,0.0,0.0,0.1,1,formula_1,car_racing,car_racing,0
0.9,0.85,0.85,0.8,0.75,0.1,0.1,0.05,0.05,0.05,0.05,0.05,0.05,0.05,0.0,0.05,1,formula_1,car_racing,formula_1,0
0.95,0.6,0.1,0.05,0.05,0.01,0.01,0.01,0.01,0.01,0.0,0.0,0.0,0.0,0.0,0.35,0,formula_1,formula_1,formula_1,1
0.85,0.6,0.5,0.4,0.2,0.15,0.1,0.05,0.05,0.05,0.0,0.0,0.0,0.0,0.0,0.25,0,formula_1,formula_1,formula_1,1
0.95,0.7,0.6,0.2,0.1,0.1,0.1,0.1,0.05,0.05,0.01,0.0,0.0,0.0,0.0,0.25,0,formula_1,formula_1,formula_1,1
0.95,0.85,0.1,0.1,0.05,0.05,0.05,0.05,0.05,0.05,0.05,0.05,0.05,0.0,0.0,0.1,1,formula_1,formula_1,formula_1,1
0.95,0.75,0.5,0.3,0.2,0.2,0.1,0.1,0.1,0.05,0.05,0.05,0.0,0.0,0.0,0.2,1,formula_1,formula_1,formula_1,1
0.95,0.85,0.1,0.05,0.05,0.05,0.01,0.01,0.01,0.01,0.01,0.0,0.0,0.0,0.0,0.1,1,formula_1,formula_1,formula_1,1
0.95,0.9,0.2,0.1,0.1,0.05,0.05,0.05,0.05,0.05,0.05,0.05,0.0,0.0,0.0,0.05,1,formula_1,formula_1,car_road_race,1
0.95,0.15,0.1,0.05,0.01,0.01,0.01,0.01,0.0,0.0,0.0,0.0,0.0,0.0,0.0,0.8,0,formula_1,formula_1,formula_1,1
0.95,0.85,0.1,0.05,0.05,0.03,0.02,0.02,0.01,0.01,0.01,0.0,0.0,0.0,0.0,0.1,1,formula_1,formula_1,formula_1,1
0.98,0.7,0.6,0.3,0.2,0.1,0.1,0.1,0.1,0.1,0.0,0.0,0.0,0.0,0.0,0.28,0,formula_1,formula_1,formula_1,1
0.95,0.9,0.2,0.1,0.1,0.1,0.1,0.05,0.05,0.05,0.01,0.01,0.01,0.01,0.01,0.05,1,formula_1,formula_1,formula_1,1
0.98,0.75,0.65,0.55,0.3,0.2,0.1,0.05,0.05,0.05,0.05,0.05,0.0,0.0,0.0,0.23,0,formula_1,formula_1,formula_1,1
0.95,0.9,0.2,0.15,0.1,0.05,0.05,0.03,0.02,0.01,0.01,0.01,0.0,0.0,0.0,0.05,1,formula_1,formula_1,formula_1,1
0.95,0.85,0.1,0.05,0.01,0.0,0.0,0.0,0.0,0.0,0.0,0.0,0.0,0.0,0.0,0.1,1,formula_1,formula_1,formula_1,1
0.98,0.05,0.03,0.02,0.01,0.01,0.0,0.0,0.0,0.0,0.0,0.0,0.0,0.0,0.0,0.93,0,formula_1,formula_1,formula_1,1
0.98,0.7,0.6,0.3,0.3,0.2,0.2,0.1,0.1,0.1,0.1,0.1,0.05,0.0,0.0,0.28,0,formula_1,formula_1,formula_1,1
0.98,0.05,0.01,0.01,0.01,0.01,0.01,0.01,0.01,0.01,0.01,0.01,0.01,0.01,0.0,0.93,0,formula_1,formula_1,formula_1,1
0.95,0.9,0.1,0.05,0.05,0.01,0.01,0.01,0.01,0.01,0.01,0.01,0.0,0.0,0.0,0.05,1,formula_1,formula_1,formula_1,1
0.95,0.7,0.3,0.1,0.05,0.05,0.05,0.05,0.05,0.05,0.05,0.05,0.05,0.0,0.0,0.25,0,formula_1,formula_1,formula_1,1
0.98,0.7,0.6,0.3,0.2,0.1,0.1,0.1,0.05,0.05,0.05,0.05,0.05,0.0,0.0,0.28,0,formula_1,formula_1,formula_1,1
0.95,0.75,0.7,0.65,0.6,0.4,0.3,0.1,0.1,0.1,0.0,0.0,0.0,0.0,0.0,0.2,1,formula_1,formula_1,formula_1,1
0.9,0.7,0.6,0.5,0.2,0.2,0.1,0.1,0.05,0.05,0.05,0.0,0.0,0.0,0.0,0.2,0,formula_1,formula_1,formula_1,1
0.95,0.7,0.6,0.4,0.3,0.1,0.05,0.05,0.05,0.05,0.05,0.05,0.05,0.05,0.0,0.25,0,formula_1,formula_1,formula_1,1
0.98,0.6,0.3,0.2,0.1,0.1,0.1,0.1,0.05,0.05,0.05,0.05,0.05,0.0,0.0,0.38,0,formula_1,formula_1,formula_1,1
0.9,0.6,0.5,0.4,0.3,0.2,0.1,0.1,0.05,0.05,0.0,0.0,0.0,0.0,0.0,0.3,0,formula_1,formula_1,formula_1,1
0.95,0.7,0.2,0.1,0.1,0.05,0.05,0.05,0.01,0.01,0.01,0.01,0.0,0.0,0.0,0.25,0,formula_1,formula_1,formula_1,1
0.98,0.05,0.03,0.02,0.01,0.01,0.01,0.01,0.01,0.01,0.0,0.0,0.0,0.0,0.0,0.93,0,formula_1,formula_1,formula_1,1
0.9,0.05,0.02,0.01,0.01,0.01,0.01,0.01,0.01,0.01,0.01,0.0,0.0,0.0,0.0,0.85,0,formula_1,flight_4,formula_1,0
0.95,0.1,0.05,0.05,0.05,0.05,0.05,0.05,0.05,0.0,0.0,0.0,0.0,0.0,0.0,0.85,0,formula_1,geo,formula_1,0
0.95,0.75,0.6,0.1,0.1,0.05,0.05,0.05,0.05,0.05,0.05,0.05,0.05,0.05,0.0,0.2,1,formula_1,formula_1,formula_1,1
0.9,0.85,0.3,0.2,0.1,0.05,0.05,0.05,0.05,0.0,0.0,0.0,0.0,0.0,0.0,0.05,1,formula_1,formula_1,formula_1,1
0.95,0.05,0.01,0.01,0.0,0.0,0.0,0.0,0.0,0.0,0.0,0.0,0.0,0.0,0.0,0.9,0,formula_1,formula_1,formula_1,1
0.9,0.05,0.05,0.05,0.05,0.05,0.05,0.05,0.0,0.0,0.0,0.0,0.0,0.0,0.0,0.85,0,formula_1,formula_1,formula_1,1
0.9,0.05,0.05,0.05,0.05,0.0,0.0,0.0,0.0,0.0,0.0,0.0,0.0,0.0,0.0,0.85,0,formula_1,formula_1,formula_1,1
0.98,0.7,0.6,0.1,0.05,0.05,0.01,0.01,0.01,0.01,0.01,0.01,0.0,0.0,0.0,0.28,0,formula_1,formula_1,formula_1,1
0.7,0.0,0.0,0.0,0.0,0.0,0.0,0.0,0.0,0.0,0.0,0.0,0.0,0.0,0.0,0.7,0,formula_1,formula_1,formula_1,1
0.85,0.75,0.7,0.1,0.05,0.05,0.05,0.05,0.05,0.05,0.0,0.0,0.0,0.0,0.0,0.1,1,formula_1,formula_1,car_racing,1
0.95,0.85,0.75,0.1,0.05,0.05,0.05,0.05,0.05,0.05,0.05,0.05,0.0,0.0,0.0,0.1,1,formula_1,formula_1,formula_1,1
0.95,0.85,0.75,0.05,0.01,0.01,0.01,0.01,0.0,0.0,0.0,0.0,0.0,0.0,0.0,0.1,1,formula_1,formula_1,formula_1,1
0.95,0.7,0.6,0.5,0.4,0.3,0.2,0.1,0.05,0.05,0.05,0.0,0.0,0.0,0.0,0.25,0,formula_1,formula_1,formula_1,1
0.9,0.85,0.8,0.7,0.2,0.1,0.1,0.1,0.1,0.05,0.05,0.0,0.0,0.0,0.0,0.05,1,formula_1,formula_1,car_racing,1
0.98,0.95,0.85,0.75,0.65,0.65,0.05,0.05,0.05,0.05,0.05,0.05,0.05,0.05,0.0,0.03,1,formula_1,formula_1,car_road_race,1
0.95,0.9,0.15,0.1,0.1,0.05,0.02,0.01,0.01,0.01,0.01,0.01,0.0,0.0,0.0,0.05,1,formula_1,formula_1,car_road_race,1
0.9,0.85,0.7,0.3,0.2,0.15,0.1,0.1,0.1,0.05,0.05,0.0,0.0,0.0,0.0,0.05,1,formula_1,formula_1,car_road_race,1
0.9,0.85,0.75,0.65,0.55,0.15,0.1,0.1,0.1,0.1,0.05,0.05,0.0,0.0,0.0,0.05,1,formula_1,formula_1,race_track,1
0.85,0.75,0.65,0.3,0.2,0.15,0.1,0.05,0.0,0.0,0.0,0.0,0.0,0.0,0.0,0.1,1,formula_1,formula_1,formula_1,1
0.95,0.9,0.1,0.1,0.1,0.1,0.1,0.05,0.05,0.05,0.05,0.0,0.0,0.0,0.0,0.05,1,formula_1,race_track,formula_1,0
0.95,0.9,0.7,0.6,0.1,0.05,0.05,0.05,0.05,0.05,0.05,0.05,0.05,0.0,0.0,0.05,1,formula_1,car_road_race,car_road_race,0
0.9,0.7,0.6,0.5,0.4,0.3,0.2,0.1,0.1,0.05,0.0,0.0,0.0,0.0,0.0,0.2,0,formula_1,formula_1,formula_1,1
0.95,0.9,0.85,0.75,0.2,0.1,0.1,0.1,0.05,0.05,0.05,0.0,0.0,0.0,0.0,0.05,1,formula_1,car_racing,formula_1,0
0.85,0.75,0.75,0.7,0.65,0.1,0.05,0.05,0.05,0.05,0.0,0.0,0.0,0.0,0.0,0.1,1,formula_1,car_racing,car_racing,0
0.95,0.75,0.7,0.1,0.1,0.05,0.05,0.05,0.05,0.05,0.05,0.0,0.0,0.0,0.0,0.2,1,formula_1,car_racing,formula_1,0
0.85,0.75,0.6,0.2,0.1,0.1,0.0,0.0,0.0,0.0,0.0,0.0,0.0,0.0,0.0,0.1,1,european_football_2,european_football_2,soccer_1,1
0.95,0.95,0.95,0.95,0.95,0.9,0.9,0.9,0.1,0.1,0.1,0.05,0.0,0.0,0.0,0.0,1,tracking_orders,customers_and_orders,customers_and_orders,0
0.95,0.9,0.85,0.75,0.1,0.1,0.1,0.1,0.1,0.0,0.0,0.0,0.0,0.0,0.0,0.05,1,european_football_2,soccer_1,soccer_1,0
0.95,0.15,0.1,0.05,0.05,0.05,0.05,0.05,0.01,0.01,0.0,0.0,0.0,0.0,0.0,0.8,0,european_football_2,soccer_1,soccer_1,0
0.95,0.95,0.95,0.95,0.95,0.9,0.1,0.05,0.05,0.05,0.0,0.0,0.0,0.0,0.0,0.0,1,tracking_orders,customers_and_orders,customers_and_orders,0
0.7,0.2,0.1,0.0,0.0,0.0,0.0,0.0,0.0,0.0,0.0,0.0,0.0,0.0,0.0,0.5,0,european_football_2,soccer_1,soccer_1,0
0.95,0.95,0.85,0.85,0.8,0.75,0.7,0.1,0.05,0.05,0.0,0.0,0.0,0.0,0.0,0.0,1,tracking_orders,tracking_orders,tracking_orders,1
0.95,0.9,0.75,0.7,0.7,0.65,0.6,0.5,0.2,0.1,0.1,0.0,0.0,0.0,0.0,0.05,1,tracking_orders,tracking_orders,tracking_orders,1
0.95,0.7,0.15,0.1,0.05,0.0,0.0,0.0,0.0,0.0,0.0,0.0,0.0,0.0,0.0,0.25,0,european_football_2,soccer_1,soccer_1,0
0.95,0.05,0.0,0.0,0.0,0.0,0.0,0.0,0.0,0.0,0.0,0.0,0.0,0.0,0.0,0.9,0,european_football_2,soccer_1,soccer_1,0
0.9,0.85,0.75,0.7,0.7,0.65,0.6,0.2,0.1,0.1,0.0,0.0,0.0,0.0,0.0,0.05,1,tracking_orders,tracking_orders,tracking_orders,1
0.95,0.95,0.1,0.1,0.1,0.1,0.1,0.1,0.05,0.05,0.0,0.0,0.0,0.0,0.0,0.0,1,tracking_orders,tracking_orders,tracking_orders,1
0.85,0.05,0.05,0.05,0.05,0.05,0.05,0.05,0.05,0.05,0.05,0.0,0.0,0.0,0.0,0.8,0,european_football_2,soccer_1,soccer_1,0
0.95,0.95,0.95,0.95,0.95,0.9,0.9,0.9,0.85,0.1,0.1,0.05,0.0,0.0,0.0,0.0,1,tracking_orders,products_gen_characteristics,products_gen_characteristics,0
0.85,0.7,0.6,0.3,0.2,0.1,0.1,0.1,0.1,0.1,0.1,0.0,0.0,0.0,0.0,0.15,1,european_football_2,european_football_1,game_injury,0
0.9,0.9,0.9,0.9,0.85,0.85,0.8,0.8,0.75,0.1,0.1,0.05,0.0,0.0,0.0,0.0,1,tracking_orders,products_gen_characteristics,e_commerce,0
0.9,0.05,0.05,0.05,0.05,0.05,0.05,0.05,0.0,0.0,0.0,0.0,0.0,0.0,0.0,0.85,0,european_football_2,soccer_1,soccer_1,0
0.97,0.95,0.92,0.9,0.88,0.85,0.8,0.75,0.7,0.65,0.5,0.0,0.0,0.0,0.0,0.02,1,tracking_orders,tracking_orders,e_commerce,1
0.95,0.85,0.8,0.75,0.7,0.6,0.4,0.3,0.2,0.1,0.1,0.1,0.1,0.1,0.05,0.1,1,european_football_2,european_football_1,soccer_1,0
0.97,0.95,0.92,0.9,0.88,0.85,0.78,0.75,0.65,0.6,0.5,0.0,0.0,0.0,0.0,0.02,1,tracking_orders,tracking_orders,e_commerce,1
0.95,0.05,0.01,0.01,0.01,0.01,0.01,0.01,0.01,0.01,0.01,0.0,0.0,0.0,0.0,0.9,0,european_football_2,soccer_1,soccer_1,0
0.7,0.3,0.2,0.1,0.1,0.0,0.0,0.0,0.0,0.0,0.0,0.0,0.0,0.0,0.0,0.4,0,european_football_2,european_football_1,soccer_1,0
0.95,0.95,0.95,0.95,0.95,0.95,0.95,0.1,0.1,0.1,0.05,0.0,0.0,0.0,0.0,0.0,1,tracking_orders,customers_and_orders,customers_and_orders,0
0.95,0.9,0.85,0.0,0.0,0.0,0.0,0.0,0.0,0.0,0.0,0.0,0.0,0.0,0.0,0.05,1,european_football_2,soccer_1,body_builder,0
0.95,0.94,0.93,0.92,0.91,0.9,0.02,0.01,0.01,0.01,0.0,0.0,0.0,0.0,0.0,0.01,1,tracking_orders,customers_and_orders,customers_and_orders,0
0.95,0.95,0.95,0.95,0.95,0.9,0.9,0.85,0.7,0.7,0.7,0.1,0.0,0.0,0.0,0.0,1,tracking_orders,customers_and_products_contacts,customers_and_products_contacts,0
0.7,0.6,0.5,0.4,0.3,0.3,0.3,0.2,0.2,0.2,0.2,0.2,0.2,0.1,0.1,0.1,1,european_football_2,european_football_1,game_injury,0
0.95,0.94,0.93,0.92,0.9,0.88,0.85,0.8,0.7,0.65,0.6,0.1,0.0,0.0,0.0,0.01,1,tracking_orders,customers_and_orders,customers_and_orders,0
0.8,0.6,0.2,0.1,0.0,0.0,0.0,0.0,0.0,0.0,0.0,0.0,0.0,0.0,0.0,0.2,0,european_football_2,soccer_2016,soccer_1,0
0.7,0.6,0.1,0.05,0.0,0.0,0.0,0.0,0.0,0.0,0.0,0.0,0.0,0.0,0.0,0.1,1,european_football_2,soccer_2016,game_injury,0
0.98,0.96,0.95,0.95,0.01,0.01,0.01,0.01,0.01,0.01,0.0,0.0,0.0,0.0,0.0,0.02,1,tracking_orders,customers_and_invoices,customers_and_invoices,0
0.95,0.9,0.9,0.85,0.05,0.05,0.05,0.05,0.05,0.0,0.0,0.0,0.0,0.0,0.0,0.05,1,tracking_orders,store_1,customers_and_invoices,0
0.95,0.85,0.05,0.02,0.02,0.01,0.01,0.01,0.01,0.01,0.0,0.0,0.0,0.0,0.0,0.1,1,european_football_2,soccer_1,soccer_1,0
0.9,0.85,0.8,0.1,0.1,0.1,0.05,0.05,0.05,0.0,0.0,0.0,0.0,0.0,0.0,0.05,1,european_football_2,ice_hockey_draft,body_builder,0
0.9,0.85,0.85,0.75,0.5,0.4,0.4,0.3,0.0,0.0,0.0,0.0,0.0,0.0,0.0,0.05,1,tracking_orders,customers_and_invoices,customers_and_invoices,0
0.85,0.7,0.6,0.5,0.4,0.3,0.3,0.2,0.2,0.1,0.1,0.0,0.0,0.0,0.0,0.15,1,farm,city_record,farm,0
0.95,0.95,0.95,0.9,0.9,0.9,0.85,0.8,0.7,0.7,0.6,0.5,0.3,0.0,0.0,0.0,1,tracking_orders,customers_and_products_contacts,customers_and_products_contacts,0
0.9,0.85,0.8,0.75,0.2,0.2,0.15,0.1,0.1,0.1,0.05,0.0,0.0,0.0,0.0,0.05,1,farm,city_record,city_record,0
0.95,0.9,0.9,0.85,0.8,0.2,0.15,0.1,0.1,0.1,0.0,0.0,0.0,0.0,0.0,0.05,1,tracking_orders,customers_and_invoices,customers_and_invoices,0
0.95,0.95,0.95,0.95,0.95,0.95,0.85,0.1,0.1,0.05,0.05,0.05,0.05,0.0,0.0,0.0,1,tracking_orders,customers_and_orders,customers_and_orders,0
0.85,0.75,0.65,0.15,0.1,0.1,0.1,0.1,0.1,0.1,0.1,0.05,0.0,0.0,0.0,0.1,1,farm,city_record,city_record,0
0.85,0.75,0.6,0.3,0.25,0.2,0.15,0.1,0.1,0.1,0.05,0.0,0.0,0.0,0.0,0.1,1,farm,city_record,city_record,0
0.95,0.95,0.9,0.9,0.9,0.85,0.8,0.75,0.7,0.65,0.6,0.6,0.1,0.05,0.0,0.0,1,tracking_orders,customers_and_products_contacts,customers_and_products_contacts,0
0.95,0.95,0.95,0.95,0.95,0.9,0.9,0.85,0.7,0.7,0.1,0.1,0.1,0.1,0.0,0.0,1,tracking_orders,customers_and_products_contacts,customers_and_products_contacts,0
0.95,0.95,0.9,0.9,0.85,0.85,0.8,0.75,0.7,0.6,0.1,0.0,0.0,0.0,0.0,0.0,1,tracking_orders,bakery_1,customers_and_orders,0
0.95,0.9,0.85,0.8,0.75,0.6,0.3,0.2,0.15,0.1,0.1,0.05,0.0,0.0,0.0,0.05,1,farm,city_record,world_1,0
0.9,0.9,0.9,0.85,0.85,0.8,0.75,0.7,0.6,0.1,0.0,0.0,0.0,0.0,0.0,0.0,1,tracking_orders,bakery_1,customers_and_orders,0
0.95,0.85,0.75,0.6,0.4,0.3,0.2,0.2,0.1,0.0,0.0,0.0,0.0,0.0,0.0,0.1,1,farm,world_1,farm,0
0.9,0.85,0.8,0.75,0.7,0.6,0.3,0.2,0.1,0.1,0.1,0.05,0.0,0.0,0.0,0.05,1,farm,city_record,world_1,0
0.9,0.9,0.85,0.85,0.8,0.8,0.75,0.75,0.7,0.6,0.3,0.1,0.0,0.0,0.0,0.0,1,tracking_orders,bakery_1,customers_and_invoices,0
0.98,0.95,0.75,0.5,0.4,0.3,0.3,0.2,0.1,0.0,0.0,0.0,0.0,0.0,0.0,0.03,1,farm,world_1,farm,0
0.95,0.9,0.9,0.85,0.8,0.75,0.75,0.7,0.6,0.4,0.3,0.1,0.0,0.0,0.0,0.05,1,tracking_orders,customer_complaints,customers_and_invoices,0
0.8,0.7,0.6,0.3,0.2,0.2,0.1,0.1,0.1,0.0,0.0,0.0,0.0,0.0,0.0,0.1,1,farm,world_1,farm,0
0.95,0.05,0.02,0.01,0.0,0.0,0.0,0.0,0.0,0.0,0.0,0.0,0.0,0.0,0.0,0.9,0,tracking_share_transactions,tracking_share_transactions,tracking_share_transactions,1
0.95,0.05,0.01,0.01,0.01,0.01,0.01,0.01,0.01,0.0,0.0,0.0,0.0,0.0,0.0,0.9,0,tracking_share_transactions,tracking_share_transactions,tracking_share_transactions,1
0.9,0.85,0.2,0.15,0.1,0.05,0.05,0.05,0.05,0.01,0.0,0.0,0.0,0.0,0.0,0.05,1,farm,world_1,farm,0
0.6,0.4,0.3,0.2,0.2,0.1,0.05,0.0,0.0,0.0,0.0,0.0,0.0,0.0,0.0,0.2,1,farm,bike_1,bike_1,0
0.95,0.9,0.85,0.15,0.1,0.1,0.1,0.05,0.05,0.05,0.0,0.0,0.0,0.0,0.0,0.05,1,tracking_share_transactions,customers_card_transactions,customers_card_transactions,0
0.85,0.75,0.7,0.65,0.5,0.4,0.3,0.2,0.0,0.0,0.0,0.0,0.0,0.0,0.0,0.1,1,farm,world_1,world_1,0
0.95,0.2,0.15,0.1,0.05,0.05,0.05,0.0,0.0,0.0,0.0,0.0,0.0,0.0,0.0,0.75,0,tracking_share_transactions,tracking_share_transactions,tracking_share_transactions,1
0.75,0.6,0.5,0.4,0.3,0.1,0.1,0.1,0.1,0.1,0.1,0.0,0.0,0.0,0.0,0.15,1,farm,city_record,farm,0
0.85,0.4,0.3,0.25,0.2,0.2,0.2,0.15,0.1,0.1,0.05,0.0,0.0,0.0,0.0,0.45,0,farm,farm,farm,1
0.95,0.05,0.01,0.01,0.01,0.01,0.01,0.01,0.01,0.0,0.0,0.0,0.0,0.0,0.0,0.9,0,tracking_share_transactions,tracking_share_transactions,tracking_share_transactions,1
0.95,0.3,0.2,0.1,0.05,0.05,0.05,0.0,0.0,0.0,0.0,0.0,0.0,0.0,0.0,0.65,0,tracking_share_transactions,tracking_share_transactions,tracking_share_transactions,1
0.95,0.85,0.75,0.2,0.1,0.1,0.1,0.1,0.05,0.0,0.0,0.0,0.0,0.0,0.0,0.1,1,tracking_share_transactions,tracking_share_transactions,tracking_share_transactions,1
0.85,0.75,0.65,0.35,0.3,0.25,0.2,0.15,0.1,0.1,0.0,0.0,0.0,0.0,0.0,0.1,1,farm,world_1,farm,0
0.95,0.85,0.85,0.05,0.05,0.05,0.05,0.0,0.0,0.0,0.0,0.0,0.0,0.0,0.0,0.1,1,tracking_share_transactions,tracking_share_transactions,tracking_share_transactions,1
0.95,0.7,0.1,0.05,0.05,0.05,0.0,0.0,0.0,0.0,0.0,0.0,0.0,0.0,0.0,0.25,0,tracking_share_transactions,tracking_share_transactions,tracking_share_transactions,1
0.95,0.9,0.85,0.75,0.2,0.15,0.1,0.05,0.05,0.05,0.0,0.0,0.0,0.0,0.0,0.05,1,farm,world_1,world_1,0
0.95,0.1,0.05,0.01,0.01,0.01,0.01,0.0,0.0,0.0,0.0,0.0,0.0,0.0,0.0,0.85,0,tracking_share_transactions,tracking_share_transactions,tracking_share_transactions,1
0.95,0.6,0.4,0.3,0.2,0.1,0.1,0.1,0.1,0.0,0.0,0.0,0.0,0.0,0.0,0.35,0,farm,world_1,farm,0
0.9,0.2,0.15,0.1,0.05,0.05,0.05,0.05,0.0,0.0,0.0,0.0,0.0,0.0,0.0,0.7,0,tracking_share_transactions,tracking_share_transactions,tracking_share_transactions,1
0.9,0.7,0.6,0.3,0.1,0.1,0.0,0.0,0.0,0.0,0.0,0.0,0.0,0.0,0.0,0.2,0,tracking_share_transactions,tracking_share_transactions,tracking_share_transactions,1
0.9,0.85,0.75,0.5,0.3,0.2,0.15,0.1,0.05,0.0,0.0,0.0,0.0,0.0,0.0,0.05,1,farm,world_1,farm,0
0.95,0.7,0.6,0.2,0.1,0.05,0.05,0.0,0.0,0.0,0.0,0.0,0.0,0.0,0.0,0.25,0,tracking_share_transactions,tracking_share_transactions,tracking_share_transactions,1
0.98,0.95,0.85,0.75,0.65,0.2,0.15,0.1,0.05,0.0,0.0,0.0,0.0,0.0,0.0,0.03,1,farm,world_1,farm,0
0.95,0.7,0.2,0.15,0.1,0.1,0.05,0.0,0.0,0.0,0.0,0.0,0.0,0.0,0.0,0.25,0,film_rank,film_rank,film_rank,1
0.95,0.6,0.5,0.1,0.05,0.0,0.0,0.0,0.0,0.0,0.0,0.0,0.0,0.0,0.0,0.35,0,tracking_share_transactions,financial,tracking_share_transactions,0
0.95,0.05,0.0,0.0,0.0,0.0,0.0,0.0,0.0,0.0,0.0,0.0,0.0,0.0,0.0,0.9,0,film_rank,film_rank,film_rank,1
0.95,0.7,0.3,0.1,0.1,0.1,0.05,0.05,0.05,0.0,0.0,0.0,0.0,0.0,0.0,0.25,0,tracking_share_transactions,tracking_share_transactions,tracking_share_transactions,1
0.95,0.3,0.2,0.15,0.15,0.1,0.05,0.0,0.0,0.0,0.0,0.0,0.0,0.0,0.0,0.65,0,film_rank,film_rank,film_rank,1
0.95,0.6,0.3,0.1,0.05,0.03,0.02,0.01,0.01,0.01,0.01,0.0,0.0,0.0,0.0,0.35,0,farm,world_1,farm,0
0.95,0.05,0.01,0.01,0.01,0.01,0.01,0.01,0.01,0.0,0.0,0.0,0.0,0.0,0.0,0.9,0,film_rank,film_rank,film_rank,1
0.95,0.7,0.1,0.05,0.05,0.05,0.05,0.05,0.01,0.0,0.0,0.0,0.0,0.0,0.0,0.25,0,film_rank,film_rank,film_rank,1
0.95,0.75,0.2,0.1,0.05,0.05,0.05,0.05,0.05,0.0,0.0,0.0,0.0,0.0,0.0,0.2,1,tracking_share_transactions,tracking_share_transactions,tracking_share_transactions,1
0.95,0.7,0.6,0.3,0.2,0.1,0.1,0.1,0.05,0.05,0.0,0.0,0.0,0.0,0.0,0.25,0,tracking_share_transactions,tracking_share_transactions,tracking_share_transactions,1
0.85,0.75,0.65,0.55,0.45,0.35,0.25,0.15,0.05,0.0,0.0,0.0,0.0,0.0,0.0,0.1,1,film_rank,film_rank,film_rank,1
0.95,0.85,0.75,0.15,0.1,0.05,0.0,0.0,0.0,0.0,0.0,0.0,0.0,0.0,0.0,0.1,1,tracking_share_transactions,tracking_share_transactions,tracking_share_transactions,1
0.95,0.2,0.1,0.05,0.05,0.05,0.05,0.05,0.0,0.0,0.0,0.0,0.0,0.0,0.0,0.75,0,tracking_share_transactions,tracking_share_transactions,tracking_share_transactions,1
0.95,0.7,0.2,0.1,0.1,0.1,0.05,0.05,0.05,0.0,0.0,0.0,0.0,0.0,0.0,0.25,0,film_rank,film_rank,film_rank,1
0.95,0.85,0.7,0.6,0.3,0.2,0.2,0.1,0.05,0.0,0.0,0.0,0.0,0.0,0.0,0.1,1,film_rank,film_rank,film_rank,1
0.9,0.8,0.7,0.2,0.1,0.1,0.1,0.1,0.1,0.0,0.0,0.0,0.0,0.0,0.0,0.1,1,film_rank,film_rank,film_rank,1
0.95,0.75,0.6,0.4,0.3,0.2,0.1,0.0,0.0,0.0,0.0,0.0,0.0,0.0,0.0,0.2,1,tracking_share_transactions,tracking_share_transactions,tracking_share_transactions,1
0.9,0.2,0.1,0.1,0.1,0.1,0.1,0.1,0.1,0.1,0.1,0.1,0.1,0.1,0.1,0.7,0,tracking_share_transactions,tracking_share_transactions,tracking_share_transactions,1
0.9,0.85,0.75,0.7,0.7,0.65,0.6,0.6,0.5,0.0,0.0,0.0,0.0,0.0,0.0,0.05,1,film_rank,film_rank,film_rank,1
0.95,0.7,0.2,0.2,0.1,0.1,0.1,0.1,0.1,0.1,0.05,0.05,0.05,0.05,0.0,0.25,0,tracking_software_problems,tracking_software_problems,tracking_software_problems,1
0.95,0.05,0.04,0.03,0.02,0.01,0.01,0.01,0.01,0.0,0.0,0.0,0.0,0.0,0.0,0.9,0,film_rank,film_rank,film_rank,1
0.95,0.85,0.2,0.15,0.1,0.1,0.1,0.1,0.1,0.05,0.05,0.05,0.05,0.01,0.0,0.1,1,tracking_software_problems,tracking_software_problems,tracking_software_problems,1
0.95,0.85,0.75,0.7,0.65,0.1,0.1,0.1,0.05,0.0,0.0,0.0,0.0,0.0,0.0,0.1,1,film_rank,imdb,imdb,0
0.95,0.05,0.05,0.05,0.05,0.05,0.05,0.05,0.05,0.0,0.0,0.0,0.0,0.0,0.0,0.9,0,film_rank,film_rank,film_rank,1
0.95,0.85,0.25,0.2,0.2,0.15,0.15,0.1,0.1,0.05,0.0,0.0,0.0,0.0,0.0,0.1,1,tracking_software_problems,tracking_software_problems,tracking_software_problems,1
0.95,0.85,0.35,0.3,0.25,0.2,0.2,0.15,0.15,0.1,0.1,0.0,0.0,0.0,0.0,0.1,1,tracking_software_problems,tracking_software_problems,tracking_software_problems,1
0.85,0.75,0.7,0.3,0.3,0.3,0.2,0.2,0.2,0.1,0.1,0.0,0.0,0.0,0.0,0.1,1,film_rank,imdb,film_rank,0
0.95,0.94,0.94,0.94,0.93,0.92,0.9,0.9,0.1,0.1,0.1,0.1,0.05,0.0,0.0,0.01,1,tracking_software_problems,e_commerce,e_commerce,0
0.95,0.95,0.95,0.95,0.95,0.95,0.9,0.7,0.7,0.3,0.3,0.1,0.0,0.0,0.0,0.0,1,tracking_software_problems,products_gen_characteristics,products_gen_characteristics,0
0.95,0.85,0.7,0.3,0.2,0.15,0.1,0.1,0.1,0.05,0.0,0.0,0.0,0.0,0.0,0.1,1,film_rank,film_rank,film_rank,1
0.9,0.85,0.8,0.75,0.6,0.5,0.3,0.1,0.05,0.05,0.0,0.0,0.0,0.0,0.0,0.05,1,film_rank,imdb,film_rank,0
0.95,0.93,0.93,0.93,0.93,0.92,0.92,0.9,0.9,0.7,0.7,0.1,0.1,0.0,0.0,0.02,1,tracking_software_problems,e_commerce,e_commerce,0
0.95,0.7,0.6,0.3,0.1,0.1,0.05,0.05,0.01,0.01,0.0,0.0,0.0,0.0,0.0,0.25,0,film_rank,imdb,imdb,0
0.95,0.92,0.9,0.88,0.85,0.85,0.8,0.8,0.75,0.7,0.1,0.05,0.0,0.0,0.0,0.03,1,tracking_software_problems,products_gen_characteristics,products_gen_characteristics,0
0.95,0.7,0.1,0.1,0.05,0.05,0.05,0.05,0.05,0.05,0.0,0.0,0.0,0.0,0.0,0.25,0,tracking_software_problems,tracking_software_problems,tracking_software_problems,1
0.85,0.75,0.65,0.55,0.45,0.35,0.25,0.15,0.05,0.0,0.0,0.0,0.0,0.0,0.0,0.1,1,film_rank,imdb,imdb,0
0.95,0.7,0.0,0.0,0.0,0.0,0.0,0.0,0.0,0.0,0.0,0.0,0.0,0.0,0.0,0.25,0,film_rank,film_rank,film_rank,1
0.95,0.15,0.1,0.0,0.0,0.0,0.0,0.0,0.0,0.0,0.0,0.0,0.0,0.0,0.0,0.8,0,tracking_software_problems,tracking_software_problems,tracking_software_problems,1
0.95,0.05,0.0,0.0,0.0,0.0,0.0,0.0,0.0,0.0,0.0,0.0,0.0,0.0,0.0,0.9,0,film_rank,film_rank,film_rank,1
0.95,0.05,0.0,0.0,0.0,0.0,0.0,0.0,0.0,0.0,0.0,0.0,0.0,0.0,0.0,0.9,0,film_rank,film_rank,film_rank,1
0.95,0.1,0.05,0.05,0.05,0.05,0.05,0.05,0.05,0.05,0.0,0.0,0.0,0.0,0.0,0.85,0,tracking_software_problems,codebase_community,tracking_software_problems,0
0.95,0.85,0.2,0.2,0.2,0.15,0.1,0.1,0.1,0.05,0.05,0.05,0.0,0.0,0.0,0.1,1,tracking_software_problems,customer_complaints,tracking_software_problems,0
0.95,0.7,0.1,0.1,0.1,0.1,0.1,0.1,0.05,0.05,0.0,0.0,0.0,0.0,0.0,0.25,0,tracking_software_problems,tracking_software_problems,tracking_software_problems,1
0.75,0.75,0.75,0.7,0.6,0.6,0.5,0.1,0.1,0.05,0.0,0.0,0.0,0.0,0.0,0.0,1,film_rank,film_rank,imdb,1
0.85,0.85,0.85,0.8,0.75,0.7,0.65,0.2,0.1,0.05,0.0,0.0,0.0,0.0,0.0,0.0,1,film_rank,film_rank,film_rank,1
0.95,0.15,0.1,0.1,0.1,0.1,0.1,0.1,0.05,0.05,0.05,0.0,0.0,0.0,0.0,0.8,0,tracking_software_problems,tracking_software_problems,tracking_software_problems,1
0.95,0.05,0.0,0.0,0.0,0.0,0.0,0.0,0.0,0.0,0.0,0.0,0.0,0.0,0.0,0.9,0,tracking_software_problems,tracking_software_problems,tracking_software_problems,1
0.95,0.3,0.1,0.1,0.05,0.05,0.05,0.05,0.05,0.0,0.0,0.0,0.0,0.0,0.0,0.65,0,film_rank,film_rank,film_rank,1
0.8,0.7,0.6,0.5,0.5,0.5,0.5,0.5,0.0,0.0,0.0,0.0,0.0,0.0,0.0,0.1,1,financial,financial,customers_and_invoices,1
0.95,0.1,0.05,0.05,0.05,0.05,0.01,0.01,0.01,0.01,0.0,0.0,0.0,0.0,0.0,0.85,0,tracking_software_problems,tracking_software_problems,tracking_software_problems,1
0.95,0.85,0.25,0.25,0.2,0.15,0.1,0.1,0.05,0.05,0.0,0.0,0.0,0.0,0.0,0.1,1,financial,customers_card_transactions,customers_card_transactions,0
0.95,0.85,0.2,0.15,0.1,0.05,0.05,0.0,0.0,0.0,0.0,0.0,0.0,0.0,0.0,0.1,1,financial,debit_card_specializing,customers_card_transactions,0
0.95,0.85,0.1,0.05,0.0,0.0,0.0,0.0,0.0,0.0,0.0,0.0,0.0,0.0,0.0,0.1,1,financial,customers_card_transactions,customers_card_transactions,0
0.9,0.85,0.75,0.65,0.1,0.05,0.05,0.05,0.0,0.0,0.0,0.0,0.0,0.0,0.0,0.05,1,financial,financial,loan_1,1
0.9,0.75,0.7,0.6,0.5,0.5,0.4,0.1,0.1,0.1,0.1,0.1,0.0,0.0,0.0,0.15,1,tracking_software_problems,tracking_software_problems,tracking_software_problems,1
0.8,0.1,0.05,0.05,0.0,0.0,0.0,0.0,0.0,0.0,0.0,0.0,0.0,0.0,0.0,0.7,0,financial,financial,customers_and_invoices,1
0.8,0.7,0.6,0.5,0.4,0.3,0.3,0.2,0.2,0.1,0.1,0.1,0.1,0.1,0.1,0.1,1,financial,financial,loan_1,1
0.95,0.85,0.8,0.75,0.15,0.1,0.1,0.05,0.05,0.05,0.05,0.05,0.0,0.0,0.0,0.1,1,tracking_software_problems,tracking_software_problems,tracking_software_problems,1
0.85,0.7,0.3,0.15,0.1,0.1,0.05,0.05,0.05,0.05,0.0,0.0,0.0,0.0,0.0,0.15,1,tracking_software_problems,customer_complaints,tracking_software_problems,0
0.85,0.3,0.2,0.15,0.1,0.0,0.0,0.0,0.0,0.0,0.0,0.0,0.0,0.0,0.0,0.55,0,financial,financial,loan_1,1
0.95,0.85,0.3,0.25,0.2,0.2,0.15,0.15,0.1,0.05,0.0,0.0,0.0,0.0,0.0,0.1,1,tracking_software_problems,tracking_software_problems,tracking_software_problems,1
0.9,0.85,0.15,0.15,0.1,0.1,0.1,0.05,0.05,0.05,0.05,0.05,0.0,0.0,0.0,0.05,1,tracking_software_problems,customer_complaints,tracking_software_problems,0
0.9,0.85,0.75,0.3,0.25,0.2,0.15,0.1,0.05,0.05,0.05,0.0,0.0,0.0,0.0,0.05,1,tracking_software_problems,tracking_software_problems,tracking_software_problems,1
0.95,0.85,0.2,0.15,0.15,0.1,0.1,0.1,0.05,0.05,0.05,0.05,0.0,0.0,0.0,0.1,1,tracking_software_problems,tracking_software_problems,tracking_software_problems,1
0.75,0.65,0.3,0.15,0.1,0.1,0.05,0.05,0.0,0.0,0.0,0.0,0.0,0.0,0.0,0.1,1,financial,financial,customers_card_transactions,1
0.95,0.85,0.75,0.65,0.15,0.1,0.05,0.05,0.05,0.05,0.05,0.0,0.0,0.0,0.0,0.1,1,tracking_software_problems,tracking_software_problems,tracking_software_problems,1
0.95,0.9,0.85,0.75,0.1,0.0,0.0,0.0,0.0,0.0,0.0,0.0,0.0,0.0,0.0,0.05,1,financial,financial,customers_and_invoices,1
0.7,0.6,0.3,0.3,0.2,0.1,0.1,0.1,0.05,0.05,0.05,0.05,0.05,0.05,0.05,0.1,1,financial,chicago_crime,perpetrator,0
0.8,0.7,0.6,0.4,0.3,0.2,0.2,0.1,0.1,0.05,0.05,0.05,0.05,0.05,0.05,0.1,1,financial,card_games,loan_1,0
0.95,0.85,0.3,0.1,0.1,0.1,0.1,0.05,0.01,0.01,0.01,0.01,0.01,0.01,0.01,0.1,1,train_station,trains,train_station,0
0.9,0.85,0.8,0.1,0.1,0.1,0.1,0.1,0.1,0.05,0.01,0.01,0.01,0.01,0.01,0.05,1,train_station,trains,train_station,0
0.95,0.85,0.75,0.05,0.01,0.01,0.01,0.01,0.01,0.01,0.0,0.0,0.0,0.0,0.0,0.1,1,train_station,train_station,train_station,1
0.95,0.85,0.75,0.05,0.05,0.05,0.05,0.05,0.05,0.05,0.05,0.05,0.05,0.0,0.0,0.1,1,train_station,train_station,train_station,1
0.8,0.7,0.6,0.3,0.2,0.1,0.1,0.0,0.0,0.0,0.0,0.0,0.0,0.0,0.0,0.1,1,financial,financial,wedding,1
0.95,0.05,0.0,0.0,0.0,0.0,0.0,0.0,0.0,0.0,0.0,0.0,0.0,0.0,0.0,0.9,0,financial,debit_card_specializing,customers_card_transactions,0
0.95,0.85,0.2,0.05,0.01,0.01,0.01,0.01,0.01,0.01,0.01,0.01,0.0,0.0,0.0,0.1,1,train_station,station_weather,train_station,0
0.95,0.1,0.05,0.05,0.0,0.0,0.0,0.0,0.0,0.0,0.0,0.0,0.0,0.0,0.0,0.85,0,financial,loan_1,loan_1,0
0.95,0.7,0.6,0.05,0.01,0.01,0.01,0.01,0.01,0.01,0.01,0.0,0.0,0.0,0.0,0.25,0,train_station,train_station,train_station,1
0.7,0.7,0.6,0.4,0.3,0.3,0.2,0.0,0.0,0.0,0.0,0.0,0.0,0.0,0.0,0.0,1,financial,chicago_crime,chicago_crime,0
0.95,0.85,0.75,0.05,0.05,0.05,0.05,0.05,0.05,0.05,0.05,0.0,0.0,0.0,0.0,0.1,1,train_station,station_weather,train_station,0
0.85,0.15,0.1,0.05,0.05,0.05,0.05,0.05,0.05,0.05,0.0,0.0,0.0,0.0,0.0,0.7,0,train_station,bike_1,bike_1,0
0.8,0.7,0.6,0.6,0.6,0.5,0.1,0.1,0.0,0.0,0.0,0.0,0.0,0.0,0.0,0.1,1,financial,financial,customers_and_invoices,1
0.85,0.75,0.6,0.5,0.4,0.3,0.2,0.15,0.1,0.05,0.0,0.0,0.0,0.0,0.0,0.1,1,financial,customers_card_transactions,customers_card_transactions,0
0.95,0.85,0.75,0.05,0.05,0.05,0.05,0.05,0.05,0.05,0.05,0.0,0.0,0.0,0.0,0.1,1,train_station,train_station,train_station,1
0.85,0.6,0.2,0.15,0.1,0.1,0.1,0.05,0.05,0.05,0.05,0.05,0.05,0.05,0.05,0.25,0,financial,financial,loan_1,1
0.95,0.85,0.75,0.05,0.01,0.01,0.01,0.01,0.01,0.01,0.01,0.01,0.0,0.0,0.0,0.1,1,train_station,train_station,train_station,1
0.95,0.1,0.05,0.05,0.05,0.05,0.05,0.01,0.01,0.01,0.01,0.0,0.0,0.0,0.0,0.85,0,financial,customers_card_transactions,customers_card_transactions,0
0.3,0.2,0.2,0.2,0.1,0.0,0.0,0.0,0.0,0.0,0.0,0.0,0.0,0.0,0.0,0.1,1,financial,retail_complains,region_building,0
0.9,0.85,0.75,0.1,0.05,0.05,0.05,0.05,0.05,0.05,0.05,0.05,0.0,0.0,0.0,0.05,1,train_station,station_weather,train_station,0
0.95,0.05,0.05,0.05,0.0,0.0,0.0,0.0,0.0,0.0,0.0,0.0,0.0,0.0,0.0,0.9,0,twitter_1,twitter_1,twitter_1,1
0.95,0.1,0.05,0.01,0.01,0.01,0.01,0.01,0.01,0.01,0.01,0.0,0.0,0.0,0.0,0.85,0,train_station,train_station,train_station,1
0.6,0.15,0.1,0.1,0.05,0.05,0.05,0.05,0.05,0.05,0.05,0.05,0.05,0.05,0.05,0.45,0,financial,financial,loan_1,1
0.95,0.9,0.85,0.7,0.1,0.05,0.05,0.05,0.05,0.05,0.0,0.0,0.0,0.0,0.0,0.05,1,twitter_1,twitter_1,twitter_1,1
0.85,0.75,0.35,0.3,0.2,0.15,0.1,0.05,0.05,0.05,0.0,0.0,0.0,0.0,0.0,0.1,1,financial,financial,customers_card_transactions,1
0.95,0.95,0.95,0.95,0.95,0.95,0.95,0.9,0.1,0.1,0.1,0.1,0.0,0.0,0.0,0.0,1,financial,customers_and_products_contacts,customers_and_products_contacts,0
0.95,0.85,0.7,0.05,0.0,0.0,0.0,0.0,0.0,0.0,0.0,0.0,0.0,0.0,0.0,0.1,1,twitter_1,twitter_1,twitter_1,1
0.95,0.7,0.6,0.0,0.0,0.0,0.0,0.0,0.0,0.0,0.0,0.0,0.0,0.0,0.0,0.25,0,financial,financial,small_bank_1,1
0.95,0.2,0.1,0.1,0.05,0.01,0.01,0.01,0.01,0.01,0.0,0.0,0.0,0.0,0.0,0.75,0,twitter_1,twitter_1,twitter_1,1
0.95,0.0,0.0,0.0,0.0,0.0,0.0,0.0,0.0,0.0,0.0,0.0,0.0,0.0,0.0,0.95,0,financial,financial,customers_card_transactions,1
0.95,0.7,0.6,0.5,0.2,0.2,0.1,0.1,0.1,0.1,0.1,0.1,0.1,0.1,0.1,0.25,0,financial,financial,customers_and_invoices,1
0.95,0.05,0.05,0.01,0.01,0.01,0.01,0.01,0.01,0.0,0.0,0.0,0.0,0.0,0.0,0.9,0,twitter_1,twitter_1,twitter_1,1
0.95,0.05,0.01,0.01,0.01,0.01,0.01,0.01,0.01,0.01,0.01,0.0,0.0,0.0,0.0,0.9,0,twitter_1,twitter_1,twitter_1,1
0.7,0.6,0.6,0.3,0.2,0.0,0.0,0.0,0.0,0.0,0.0,0.0,0.0,0.0,0.0,0.1,1,financial,financial,loan_1,1
0.95,0.0,0.0,0.0,0.0,0.0,0.0,0.0,0.0,0.0,0.0,0.0,0.0,0.0,0.0,0.95,0,financial,customers_card_transactions,customers_card_transactions,0
0.95,0.85,0.8,0.7,0.6,0.1,0.05,0.0,0.0,0.0,0.0,0.0,0.0,0.0,0.0,0.1,1,twitter_1,twitter_1,twitter_1,1
0.95,0.1,0.05,0.0,0.0,0.0,0.0,0.0,0.0,0.0,0.0,0.0,0.0,0.0,0.0,0.85,0,twitter_1,twitter_1,twitter_1,1
0.95,0.05,0.05,0.0,0.0,0.0,0.0,0.0,0.0,0.0,0.0,0.0,0.0,0.0,0.0,0.9,0,twitter_1,twitter_1,twitter_1,1
0.95,0.01,0.01,0.01,0.01,0.01,0.01,0.01,0.0,0.0,0.0,0.0,0.0,0.0,0.0,0.94,0,twitter_1,twitter_1,twitter_1,1
0.3,0.2,0.1,0.1,0.05,0.05,0.05,0.05,0.05,0.0,0.0,0.0,0.0,0.0,0.0,0.1,1,financial,financial,customers_card_transactions,1
0.8,0.7,0.2,0.1,0.1,0.1,0.0,0.0,0.0,0.0,0.0,0.0,0.0,0.0,0.0,0.1,1,financial,financial,customers_card_transactions,1
0.95,0.9,0.8,0.7,0.0,0.0,0.0,0.0,0.0,0.0,0.0,0.0,0.0,0.0,0.0,0.05,1,financial,small_bank_1,entrepreneur,0
0.95,0.1,0.05,0.05,0.0,0.0,0.0,0.0,0.0,0.0,0.0,0.0,0.0,0.0,0.0,0.85,0,twitter_1,twitter_1,twitter_1,1
0.95,0.01,0.01,0.01,0.01,0.01,0.0,0.0,0.0,0.0,0.0,0.0,0.0,0.0,0.0,0.94,0,twitter_1,twitter_1,twitter_1,1
0.85,0.75,0.4,0.2,0.1,0.1,0.05,0.05,0.05,0.05,0.05,0.0,0.0,0.0,0.0,0.1,1,financial,financial,customers_and_invoices,1
0.95,0.1,0.05,0.05,0.0,0.0,0.0,0.0,0.0,0.0,0.0,0.0,0.0,0.0,0.0,0.85,0,twitter_1,twitter_1,twitter_1,1
0.7,0.6,0.3,0.2,0.2,0.2,0.0,0.0,0.0,0.0,0.0,0.0,0.0,0.0,0.0,0.1,1,financial,chicago_crime,perpetrator,0
0.98,0.95,0.9,0.85,0.7,0.3,0.2,0.1,0.1,0.1,0.05,0.0,0.0,0.0,0.0,0.03,1,financial,financial,customers_and_invoices,1
0.85,0.8,0.75,0.75,0.75,0.7,0.6,0.6,0.5,0.4,0.3,0.3,0.0,0.0,0.0,0.05,1,financial,financial,driving_school,1
0.95,0.2,0.15,0.1,0.1,0.1,0.05,0.05,0.05,0.01,0.0,0.0,0.0,0.0,0.0,0.75,0,financial,customers_card_transactions,customers_card_transactions,0
0.85,0.8,0.75,0.7,0.7,0.65,0.1,0.05,0.05,0.0,0.0,0.0,0.0,0.0,0.0,0.05,1,university_basketball,california_schools,csu_1,0
0.8,0.7,0.6,0.5,0.4,0.3,0.2,0.2,0.1,0.1,0.1,0.1,0.0,0.0,0.0,0.1,1,university_basketball,california_schools,institution_sports,0
0.95,0.9,0.85,0.05,0.05,0.02,0.01,0.01,0.01,0.01,0.0,0.0,0.0,0.0,0.0,0.05,1,university_basketball,university_rank,university_rank,0
0.95,0.9,0.7,0.65,0.6,0.55,0.5,0.4,0.3,0.25,0.1,0.05,0.0,0.0,0.0,0.05,1,financial,financial,customers_card_transactions,1
0.9,0.8,0.7,0.6,0.3,0.2,0.2,0.1,0.1,0.0,0.0,0.0,0.0,0.0,0.0,0.1,1,financial,financial,body_builder,1
0.8,0.7,0.6,0.4,0.3,0.3,0.2,0.2,0.2,0.1,0.0,0.0,0.0,0.0,0.0,0.1,1,financial,financial,customers_and_invoices,1
0.9,0.7,0.6,0.3,0.2,0.2,0.2,0.1,0.1,0.1,0.0,0.0,0.0,0.0,0.0,0.2,0,university_basketball,university_basketball,university_basketball,1
0.85,0.7,0.3,0.3,0.2,0.2,0.1,0.1,0.1,0.1,0.0,0.0,0.0,0.0,0.0,0.15,1,university_basketball,school_player,university_basketball,0
0.95,0.1,0.1,0.05,0.05,0.05,0.05,0.05,0.05,0.05,0.05,0.05,0.05,0.05,0.05,0.85,0,twitter_1,twitter_1,twitter_1,1
0.9,0.3,0.2,0.15,0.1,0.05,0.0,0.0,0.0,0.0,0.0,0.0,0.0,0.0,0.0,0.6,0,financial,financial,customers_and_invoices,1
0.95,0.9,0.9,0.85,0.1,0.1,0.05,0.05,0.05,0.0,0.0,0.0,0.0,0.0,0.0,0.05,1,university_basketball,california_schools,school_player,0
0.7,0.6,0.5,0.4,0.3,0.2,0.1,0.1,0.1,0.1,0.0,0.0,0.0,0.0,0.0,0.1,1,financial,financial,customers_and_invoices,1
0.9,0.85,0.8,0.8,0.75,0.6,0.5,0.2,0.1,0.1,0.0,0.0,0.0,0.0,0.0,0.05,1,university_basketball,school_player,university_basketball,0
0.8,0.7,0.6,0.3,0.2,0.1,0.0,0.0,0.0,0.0,0.0,0.0,0.0,0.0,0.0,0.1,1,financial,financial,customers_and_invoices,1
0.9,0.8,0.1,0.05,0.05,0.05,0.05,0.05,0.0,0.0,0.0,0.0,0.0,0.0,0.0,0.1,1,university_basketball,aan_1,aan_1,0
0.8,0.7,0.3,0.2,0.0,0.0,0.0,0.0,0.0,0.0,0.0,0.0,0.0,0.0,0.0,0.1,1,university_basketball,california_schools,school_player,0
0.95,0.9,0.85,0.1,0.1,0.1,0.05,0.05,0.0,0.0,0.0,0.0,0.0,0.0,0.0,0.05,1,financial,financial,customers_and_invoices,1
0.85,0.3,0.2,0.2,0.2,0.2,0.1,0.1,0.1,0.1,0.1,0.1,0.1,0.1,0.1,0.55,0,financial,financial,customers_and_invoices,1
0.95,0.1,0.05,0.05,0.05,0.05,0.05,0.05,0.05,0.0,0.0,0.0,0.0,0.0,0.0,0.85,0,university_basketball,aan_1,aan_1,0
0.3,0.2,0.2,0.1,0.1,0.0,0.0,0.0,0.0,0.0,0.0,0.0,0.0,0.0,0.0,0.1,1,financial,financial,cre_Drama_Workshop_Groups,1
0.85,0.7,0.3,0.3,0.2,0.1,0.1,0.1,0.1,0.1,0.1,0.05,0.05,0.05,0.05,0.15,1,financial,financial,loan_1,1
0.9,0.85,0.8,0.75,0.7,0.65,0.6,0.5,0.4,0.1,0.0,0.0,0.0,0.0,0.0,0.05,1,university_basketball,university_rank,protein_institute,0
0.9,0.85,0.75,0.1,0.05,0.05,0.05,0.05,0.0,0.0,0.0,0.0,0.0,0.0,0.0,0.05,1,financial,financial,company_1,1
0.95,0.9,0.85,0.7,0.6,0.5,0.4,0.3,0.2,0.1,0.1,0.0,0.0,0.0,0.0,0.05,1,university_basketball,university_rank,university_rank,0
0.95,0.9,0.85,0.8,0.75,0.6,0.2,0.15,0.1,0.05,0.0,0.0,0.0,0.0,0.0,0.05,1,university_basketball,university_rank,university_rank,0
0.7,0.1,0.1,0.1,0.0,0.0,0.0,0.0,0.0,0.0,0.0,0.0,0.0,0.0,0.0,0.6,0,financial,financial,driving_school,1
0.9,0.85,0.8,0.75,0.6,0.5,0.3,0.2,0.1,0.1,0.05,0.0,0.0,0.0,0.0,0.05,1,university_basketball,university_rank,institution_sports,0
0.8,0.7,0.2,0.1,0.1,0.1,0.1,0.1,0.1,0.1,0.1,0.1,0.1,0.1,0.1,0.1,1,financial,financial,loan_1,1
0.95,0.9,0.85,0.7,0.3,0.2,0.2,0.1,0.1,0.05,0.05,0.0,0.0,0.0,0.0,0.05,1,university_basketball,university_rank,university_rank,0
0.85,0.2,0.15,0.1,0.05,0.0,0.0,0.0,0.0,0.0,0.0,0.0,0.0,0.0,0.0,0.65,0,financial,financial,loan_1,1
0.7,0.6,0.5,0.4,0.3,0.3,0.3,0.2,0.2,0.1,0.1,0.1,0.1,0.1,0.1,0.1,1,financial,financial,loan_1,1
0.85,0.8,0.75,0.65,0.55,0.5,0.45,0.4,0.35,0.3,0.25,0.0,0.0,0.0,0.0,0.05,1,university_basketball,csu_1,institution_sports,0
0.85,0.85,0.8,0.7,0.3,0.2,0.1,0.05,0.05,0.05,0.0,0.0,0.0,0.0,0.0,0.0,1,university_basketball,school_finance,institution_sports,0
0.85,0.75,0.7,0.3,0.3,0.2,0.0,0.0,0.0,0.0,0.0,0.0,0.0,0.0,0.0,0.1,1,financial,financial,loan_1,1
0.95,0.9,0.85,0.7,0.4,0.3,0.3,0.2,0.2,0.1,0.1,0.0,0.0,0.0,0.0,0.05,1,university_basketball,school_finance,school_finance,0
0.95,0.6,0.1,0.05,0.05,0.01,0.01,0.01,0.01,0.01,0.0,0.0,0.0,0.0,0.0,0.35,0,flight_1,flight_1,flight_1,1
0.95,0.85,0.8,0.75,0.2,0.15,0.1,0.05,0.05,0.05,0.0,0.0,0.0,0.0,0.0,0.1,1,university_basketball,california_schools,school_finance,0
0.95,0.7,0.6,0.4,0.4,0.3,0.3,0.2,0.2,0.1,0.1,0.1,0.0,0.0,0.0,0.25,0,university_basketball,university_basketball,university_basketball,1
0.95,0.85,0.8,0.75,0.1,0.05,0.05,0.0,0.0,0.0,0.0,0.0,0.0,0.0,0.0,0.1,1,flight_1,flight_1,flight_1,1
0.95,0.2,0.15,0.1,0.05,0.05,0.01,0.0,0.0,0.0,0.0,0.0,0.0,0.0,0.0,0.75,0,flight_1,flight_1,flight_1,1
0.95,0.85,0.75,0.7,0.1,0.05,0.05,0.02,0.01,0.01,0.0,0.0,0.0,0.0,0.0,0.1,1,flight_1,flight_1,flight_1,1
0.85,0.75,0.7,0.65,0.3,0.25,0.2,0.1,0.1,0.05,0.05,0.05,0.05,0.05,0.05,0.1,1,university_basketball,university_basketball,university_basketball,1
0.95,0.85,0.8,0.75,0.7,0.3,0.3,0.3,0.2,0.2,0.15,0.15,0.1,0.1,0.1,0.1,1,university_basketball,university_basketball,university_basketball,1
0.95,0.85,0.75,0.65,0.1,0.1,0.05,0.05,0.05,0.05,0.0,0.0,0.0,0.0,0.0,0.1,1,flight_1,flight_2,flight_1,0
0.85,0.75,0.3,0.25,0.2,0.15,0.1,0.1,0.05,0.05,0.0,0.0,0.0,0.0,0.0,0.1,1,university_basketball,university_basketball,university_basketball,1
0.95,0.1,0.1,0.1,0.1,0.1,0.1,0.1,0.05,0.05,0.05,0.0,0.0,0.0,0.0,0.85,0,voter_2,voter_2,voter_2,1
0.95,0.1,0.05,0.05,0.0,0.0,0.0,0.0,0.0,0.0,0.0,0.0,0.0,0.0,0.0,0.85,0,flight_1,flight_1,flight_1,1
0.95,0.85,0.75,0.7,0.15,0.1,0.05,0.02,0.01,0.01,0.0,0.0,0.0,0.0,0.0,0.1,1,flight_1,flight_2,flight_1,0
0.95,0.1,0.1,0.1,0.1,0.1,0.1,0.1,0.05,0.05,0.05,0.05,0.0,0.0,0.0,0.85,0,voter_2,voter_2,voter_2,1
0.95,0.1,0.05,0.05,0.01,0.01,0.01,0.01,0.01,0.01,0.01,0.0,0.0,0.0,0.0,0.85,0,flight_1,flight_1,flight_1,1
0.95,0.85,0.85,0.85,0.85,0.85,0.85,0.85,0.1,0.05,0.05,0.05,0.0,0.0,0.0,0.1,1,voter_2,voter_2,voter_2,1
0.95,0.7,0.1,0.05,0.05,0.05,0.05,0.05,0.05,0.05,0.05,0.0,0.0,0.0,0.0,0.25,0,flight_1,flight_1,flight_1,1
0.95,0.7,0.2,0.1,0.1,0.05,0.01,0.01,0.01,0.01,0.01,0.0,0.0,0.0,0.0,0.25,0,flight_1,flight_1,flight_1,1
0.95,0.85,0.75,0.1,0.05,0.05,0.0,0.0,0.0,0.0,0.0,0.0,0.0,0.0,0.0,0.1,1,flight_1,flight_2,flight_1,0
0.95,0.75,0.75,0.75,0.75,0.75,0.75,0.7,0.05,0.05,0.05,0.05,0.05,0.05,0.0,0.2,1,voter_2,voter_2,voter_2,1
0.95,0.75,0.75,0.7,0.7,0.7,0.7,0.7,0.05,0.05,0.05,0.05,0.05,0.05,0.0,0.2,1,voter_2,voter_2,voter_2,1
0.95,0.15,0.1,0.05,0.0,0.0,0.0,0.0,0.0,0.0,0.0,0.0,0.0,0.0,0.0,0.8,0,flight_1,flight_1,flight_1,1
0.95,0.9,0.85,0.7,0.1,0.1,0.05,0.05,0.05,0.05,0.0,0.0,0.0,0.0,0.0,0.05,1,flight_1,flight_2,flight_2,0
0.95,0.1,0.1,0.1,0.1,0.05,0.05,0.05,0.0,0.0,0.0,0.0,0.0,0.0,0.0,0.85,0,voter_2,voter_2,voter_2,1
0.95,0.9,0.85,0.75,0.1,0.1,0.1,0.1,0.05,0.0,0.0,0.0,0.0,0.0,0.0,0.05,1,flight_1,flight_2,flight_1,0
0.95,0.8,0.75,0.7,0.05,0.01,0.01,0.01,0.01,0.01,0.01,0.0,0.0,0.0,0.0,0.15,1,voter_2,voter_2,voter_2,1
0.95,0.1,0.1,0.05,0.05,0.05,0.05,0.05,0.01,0.01,0.01,0.01,0.0,0.0,0.0,0.85,0,voter_2,voter_2,voter_2,1
0.85,0.75,0.75,0.65,0.15,0.05,0.05,0.05,0.05,0.05,0.05,0.0,0.0,0.0,0.0,0.1,1,voter_2,voter_2,voter_2,1
0.95,0.9,0.85,0.7,0.1,0.1,0.1,0.05,0.05,0.0,0.0,0.0,0.0,0.0,0.0,0.05,1,flight_1,flight_2,flight_2,0
0.95,0.9,0.85,0.8,0.1,0.1,0.1,0.05,0.05,0.05,0.0,0.0,0.0,0.0,0.0,0.05,1,flight_1,flight_2,flight_2,0
0.85,0.75,0.3,0.25,0.2,0.1,0.1,0.05,0.05,0.0,0.0,0.0,0.0,0.0,0.0,0.1,1,voter_2,voter_2,voter_2,1
0.9,0.85,0.8,0.75,0.1,0.1,0.05,0.05,0.05,0.05,0.0,0.0,0.0,0.0,0.0,0.05,1,flight_1,flight_4,flight_1,0
0.95,0.85,0.2,0.15,0.15,0.15,0.1,0.1,0.05,0.05,0.05,0.05,0.05,0.0,0.0,0.1,1,voter_2,voter_2,voter_2,1
0.95,0.75,0.65,0.65,0.65,0.65,0.65,0.65,0.05,0.05,0.05,0.05,0.05,0.0,0.0,0.2,1,voter_2,voter_2,voter_2,1
0.9,0.85,0.75,0.7,0.1,0.05,0.05,0.05,0.05,0.05,0.0,0.0,0.0,0.0,0.0,0.05,1,flight_1,flight_4,flight_4,0
0.95,0.2,0.15,0.1,0.1,0.1,0.05,0.05,0.01,0.01,0.01,0.01,0.0,0.0,0.0,0.75,0,voter_2,voter_2,voter_2,1
0.95,0.92,0.9,0.85,0.1,0.03,0.02,0.01,0.01,0.0,0.0,0.0,0.0,0.0,0.0,0.03,1,flight_1,flight_4,flight_2,0
0.95,0.8,0.75,0.75,0.7,0.7,0.1,0.1,0.05,0.05,0.0,0.0,0.0,0.0,0.0,0.15,1,voter_2,voter_2,voter_2,1
0.9,0.85,0.8,0.75,0.3,0.2,0.15,0.1,0.05,0.0,0.0,0.0,0.0,0.0,0.0,0.05,1,flight_1,flight_4,flight_2,0
0.95,0.15,0.1,0.1,0.05,0.05,0.0,0.0,0.0,0.0,0.0,0.0,0.0,0.0,0.0,0.8,0,flight_1,flight_1,flight_1,1
0.95,0.9,0.85,0.85,0.85,0.85,0.8,0.05,0.01,0.01,0.01,0.01,0.0,0.0,0.0,0.05,1,voter_2,voter_2,voter_2,1
0.95,0.85,0.75,0.2,0.15,0.1,0.05,0.05,0.05,0.0,0.0,0.0,0.0,0.0,0.0,0.1,1,flight_1,flight_1,flight_1,1
0.95,0.9,0.9,0.9,0.9,0.9,0.9,0.85,0.0,0.0,0.0,0.0,0.0,0.0,0.0,0.05,1,voter_2,voter_2,voter_2,1
0.95,0.85,0.75,0.7,0.7,0.7,0.7,0.7,0.1,0.05,0.01,0.01,0.01,0.0,0.0,0.1,1,voter_2,voter_2,voter_2,1
0.85,0.7,0.6,0.3,0.3,0.2,0.05,0.0,0.0,0.0,0.0,0.0,0.0,0.0,0.0,0.15,1,flight_1,flight_2,flight_1,0
0.85,0.75,0.7,0.65,0.6,0.5,0.2,0.1,0.05,0.05,0.05,0.05,0.0,0.0,0.0,0.1,1,flight_1,flight_2,aircraft,0
0.85,0.5,0.4,0.35,0.3,0.3,0.3,0.25,0.2,0.05,0.05,0.05,0.0,0.0,0.0,0.35,0,voter_2,voter_2,voter_2,1
0.95,0.7,0.3,0.1,0.05,0.05,0.05,0.05,0.0,0.0,0.0,0.0,0.0,0.0,0.0,0.25,0,flight_1,flight_1,flight_1,1
0.95,0.85,0.85,0.85,0.85,0.85,0.85,0.85,0.0,0.0,0.0,0.0,0.0,0.0,0.0,0.1,1,voter_2,voter_2,voter_2,1
0.95,0.7,0.7,0.7,0.7,0.7,0.7,0.7,0.0,0.0,0.0,0.0,0.0,0.0,0.0,0.25,0,voter_2,voter_2,voter_2,1
0.95,0.2,0.1,0.05,0.01,0.01,0.01,0.01,0.01,0.01,0.01,0.01,0.0,0.0,0.0,0.75,0,flight_1,flight_1,flight_1,1
0.95,0.95,0.9,0.9,0.85,0.85,0.85,0.85,0.8,0.8,0.1,0.1,0.05,0.0,0.0,0.0,1,voter_2,computer_student,address_1,0
0.95,0.85,0.85,0.85,0.75,0.75,0.75,0.75,0.75,0.75,0.0,0.0,0.0,0.0,0.0,0.1,1,voter_2,computer_student,college_2,0
0.95,0.9,0.85,0.8,0.75,0.75,0.75,0.75,0.75,0.75,0.05,0.05,0.05,0.0,0.0,0.05,1,voter_2,computer_student,college_2,0
0.95,0.75,0.7,0.6,0.1,0.05,0.01,0.01,0.01,0.01,0.01,0.01,0.01,0.0,0.0,0.2,1,flight_1,flight_1,flight_1,1
0.95,0.2,0.2,0.15,0.1,0.1,0.1,0.05,0.05,0.0,0.0,0.0,0.0,0.0,0.0,0.75,0,flight_1,flight_1,flight_1,1
0.95,0.9,0.85,0.8,0.75,0.7,0.65,0.65,0.6,0.6,0.05,0.05,0.0,0.0,0.0,0.05,1,voter_2,computer_student,college_2,0
0.95,0.05,0.05,0.05,0.05,0.05,0.05,0.05,0.05,0.05,0.05,0.05,0.0,0.0,0.0,0.9,0,voter_2,college_3,college_3,0
0.95,0.15,0.1,0.1,0.05,0.05,0.05,0.05,0.0,0.0,0.0,0.0,0.0,0.0,0.0,0.8,0,flight_1,flight_1,flight_1,1
0.95,0.75,0.3,0.1,0.05,0.02,0.01,0.01,0.01,0.01,0.01,0.01,0.01,0.0,0.0,0.2,1,flight_1,flight_1,flight_1,1
